lead_id,lead_source,industry,customer_segment,company_size,geography,website_visits,sales_calls,email_engagement,demo_requested,days_since_last_interaction,previous_purchases,previous_revenue,campaign_response,lead_age_days,product_interest,converted
L00001,Event,Healthcare,SMB,93,Europe,5,0,0.455,1,6,0,0.0,1,168,Analytics,0
L00002,Paid search,Retail,SMB,88,LATAM,14,4,0.867,0,76,0,0.0,1,95,Analytics,1
L00003,Outbound,Healthcare,SMB,87,LATAM,4,3,0.15,0,46,1,1886.53,0,40,Enterprise Suite,0
L00004,Event,Retail,Mid-market,878,Europe,5,6,0.593,0,34,0,0.0,0,11,Analytics,0
L00005,Referral,Manufacturing,Mid-market,288,Europe,8,2,0.969,0,67,1,2920.78,0,100,Core,0
L00006,Outbound,SaaS,Enterprise,3413,Europe,5,1,0.871,0,50,0,0.0,0,151,Analytics,0
L00007,Event,Finance,Mid-market,206,Europe,10,1,0.555,1,63,1,3000.29,0,104,Enterprise Suite,0
L00008,Outbound,Finance,SMB,12,Europe,3,0,0.373,0,62,0,0.0,0,10,Enterprise Suite,0
L00009,Referral,Healthcare,SMB,73,LATAM,3,1,0.329,0,21,0,0.0,0,104,Enterprise Suite,0
L00010,Paid search,Finance,SMB,46,North America,6,2,0.298,0,22,0,0.0,0,168,Enterprise Suite,0
L00011,Organic,SaaS,Mid-market,457,LATAM,11,2,0.545,0,73,0,0.0,0,40,Enterprise Suite,1
L00012,Outbound,Retail,Mid-market,176,APAC,6,3,0.443,0,68,0,0.0,0,39,Enterprise Suite,0
L00013,Event,Finance,SMB,29,APAC,4,1,0.192,0,71,0,0.0,0,149,Core,0
L00014,Outbound,Retail,Enterprise,3186,LATAM,5,4,0.459,0,14,1,8419.56,1,118,Core,1
L00015,Paid search,Retail,SMB,6,Europe,8,2,0.465,1,30,1,3412.86,1,56,Enterprise Suite,1
L00016,Organic,Healthcare,SMB,95,North America,3,2,0.382,0,89,0,0.0,0,152,Core,0
L00017,Paid search,Finance,SMB,80,Europe,5,5,0.282,0,32,1,134.39,0,106,Core,0
L00018,Referral,Finance,Enterprise,3776,APAC,4,2,0.376,1,42,1,962.25,1,163,Analytics,0
L00019,Outbound,Retail,Enterprise,2209,Europe,14,4,0.667,0,81,0,0.0,0,163,Core,0
L00020,Paid search,Manufacturing,SMB,28,APAC,11,0,0.711,0,44,0,0.0,0,85,Analytics,1
L00021,Event,Retail,Enterprise,4427,LATAM,7,3,0.655,0,79,2,6413.19,0,9,Analytics,0
L00022,Organic,Healthcare,Enterprise,9197,North America,2,1,0.665,0,50,0,0.0,0,15,Core,0
L00023,Outbound,Finance,Enterprise,5342,APAC,13,0,0.849,0,84,0,0.0,1,74,Enterprise Suite,0
L00024,Outbound,Finance,Enterprise,3698,APAC,5,1,0.892,0,26,2,521.35,0,108,Enterprise Suite,0
L00025,Event,SaaS,SMB,65,Europe,10,3,0.431,1,85,0,0.0,0,162,Core,1
L00026,Organic,Healthcare,Mid-market,899,LATAM,6,1,0.605,0,40,0,0.0,0,97,Core,0
L00027,Paid search,Manufacturing,Mid-market,900,Europe,6,1,0.771,0,23,1,1335.48,0,146,Analytics,0
L00028,Referral,Healthcare,Mid-market,522,Europe,13,0,0.523,1,3,0,0.0,0,29,Core,1
L00029,Organic,Retail,SMB,36,APAC,5,3,0.418,0,76,2,24263.39,0,132,Analytics,0
L00030,Event,Healthcare,Mid-market,850,LATAM,7,0,0.36,0,75,0,0.0,0,47,Enterprise Suite,0
L00031,Event,Healthcare,Enterprise,8867,APAC,5,4,0.62,0,30,1,4316.41,0,146,Analytics,0
L00032,Outbound,Finance,SMB,50,APAC,3,4,0.65,0,84,0,0.0,1,154,Enterprise Suite,0
L00033,Organic,Healthcare,Enterprise,6533,North America,2,2,0.344,0,10,0,0.0,0,116,Enterprise Suite,0
L00034,Organic,Finance,SMB,26,LATAM,11,0,0.883,0,33,0,0.0,0,97,Enterprise Suite,0
L00035,Paid search,Healthcare,SMB,47,APAC,6,0,0.869,1,83,0,0.0,1,27,Enterprise Suite,0
L00036,Organic,SaaS,SMB,55,LATAM,1,1,0.435,1,75,0,0.0,0,72,Enterprise Suite,0
L00037,Referral,SaaS,Mid-market,301,North America,6,4,0.391,1,58,0,0.0,0,82,Enterprise Suite,1
L00038,Paid search,Retail,Mid-market,619,Europe,17,0,0.899,0,58,0,0.0,1,141,Core,0
L00039,Organic,Healthcare,SMB,61,LATAM,2,1,0.101,1,28,0,0.0,0,135,Core,1
L00040,Event,Finance,Mid-market,890,APAC,11,1,0.627,0,27,0,0.0,0,115,Analytics,0
L00041,Paid search,Retail,SMB,48,APAC,11,1,0.445,0,83,0,0.0,1,49,Core,0
L00042,Outbound,Retail,SMB,81,APAC,11,4,0.455,0,19,0,0.0,0,48,Enterprise Suite,1
L00043,Event,Finance,Enterprise,2898,Europe,1,1,0.319,0,25,1,2093.52,1,131,Analytics,0
L00044,Organic,Healthcare,Mid-market,162,APAC,3,5,0.295,0,51,0,0.0,0,113,Analytics,0
L00045,Outbound,Healthcare,Mid-market,492,North America,16,3,0.62,0,67,0,0.0,0,165,Core,1
L00046,Outbound,SaaS,Mid-market,171,North America,7,1,0.355,0,23,0,0.0,0,66,Core,0
L00047,Organic,Retail,Enterprise,6809,APAC,5,2,0.517,0,20,0,0.0,0,140,Core,0
L00048,Organic,Manufacturing,SMB,42,APAC,4,3,0.577,0,61,1,9877.11,1,142,Core,1
L00049,Event,Finance,SMB,51,Europe,10,0,0.604,1,11,0,0.0,0,68,Enterprise Suite,0
L00050,Referral,Retail,SMB,61,North America,9,4,0.873,0,23,0,0.0,0,104,Analytics,0
L00051,Organic,Healthcare,Mid-market,898,LATAM,6,5,0.339,0,50,0,0.0,0,151,Enterprise Suite,0
L00052,Referral,Retail,Mid-market,975,APAC,8,5,0.769,0,77,0,0.0,1,4,Enterprise Suite,1
L00053,Outbound,Finance,Mid-market,112,Europe,6,3,0.478,0,47,0,0.0,0,65,Core,1
L00054,Event,SaaS,SMB,19,LATAM,5,4,0.402,0,78,0,0.0,0,52,Analytics,0
L00055,Event,Healthcare,SMB,97,North America,9,1,0.4,1,39,1,3593.33,0,122,Core,0
L00056,Outbound,SaaS,Mid-market,865,Europe,3,4,0.374,0,44,0,0.0,0,130,Analytics,0
L00057,Paid search,Manufacturing,Enterprise,6431,Europe,1,6,0.554,0,55,0,0.0,1,125,Analytics,1
L00058,Paid search,Healthcare,SMB,90,Europe,6,3,0.43,0,52,0,0.0,0,59,Analytics,1
L00059,Referral,Healthcare,SMB,44,North America,4,0,0.456,1,35,1,2899.05,0,175,Core,0
L00060,Referral,Retail,SMB,53,Europe,8,2,0.356,1,32,0,0.0,0,40,Analytics,1
L00061,Event,Retail,SMB,58,Europe,7,5,0.393,1,54,1,2215.66,0,97,Core,0
L00062,Paid search,SaaS,SMB,50,Europe,9,1,0.425,0,78,0,0.0,1,145,Enterprise Suite,0
L00063,Paid search,Healthcare,SMB,86,Europe,5,2,0.354,0,72,0,0.0,0,127,Enterprise Suite,0
L00064,Event,SaaS,Mid-market,431,Europe,3,1,0.47,0,79,0,0.0,1,177,Core,0
L00065,Paid search,SaaS,SMB,17,APAC,5,2,0.741,0,78,1,3686.46,1,125,Core,0
L00066,Paid search,Retail,SMB,87,LATAM,4,0,0.531,0,55,0,0.0,0,10,Analytics,0
L00067,Paid search,SaaS,SMB,23,LATAM,3,1,0.417,0,5,0,0.0,1,55,Analytics,0
L00068,Organic,SaaS,Enterprise,1611,North America,7,4,0.556,0,10,0,0.0,0,20,Enterprise Suite,0
L00069,Referral,Finance,SMB,62,Europe,14,2,0.844,1,66,0,0.0,0,83,Enterprise Suite,1
L00070,Paid search,Finance,SMB,19,APAC,3,2,0.298,0,46,0,0.0,0,30,Analytics,0
L00071,Organic,Manufacturing,SMB,45,APAC,3,0,0.255,0,13,2,597.28,0,57,Enterprise Suite,0
L00072,Organic,Finance,Mid-market,465,LATAM,6,2,0.641,1,61,0,0.0,1,20,Analytics,0
L00073,Outbound,Finance,Enterprise,5181,Europe,7,2,0.721,0,1,1,460.24,0,92,Core,1
L00074,Organic,Manufacturing,SMB,99,North America,6,3,0.493,0,84,0,0.0,0,26,Analytics,0
L00075,Referral,Finance,SMB,54,North America,3,2,0.568,1,81,0,0.0,1,61,Analytics,0
L00076,Organic,Retail,SMB,39,APAC,5,3,0.69,0,84,0,0.0,0,3,Enterprise Suite,0
L00077,Organic,Healthcare,Mid-market,127,North America,7,2,0.398,1,29,2,2846.61,0,171,Core,0
L00078,Event,SaaS,Enterprise,4793,Europe,1,3,0.297,0,70,1,1214.52,0,47,Analytics,1
L00079,Paid search,Manufacturing,SMB,51,LATAM,9,2,0.524,1,27,0,0.0,0,4,Core,0
L00080,Outbound,Manufacturing,SMB,84,North America,7,2,0.578,0,1,1,1063.55,1,55,Enterprise Suite,0
L00081,Event,Manufacturing,Mid-market,553,LATAM,5,2,0.423,0,38,0,0.0,1,42,Analytics,0
L00082,Organic,Healthcare,Mid-market,275,Europe,3,4,0.66,0,36,0,0.0,0,84,Core,0
L00083,Outbound,Finance,SMB,51,North America,5,6,0.347,1,26,1,6480.98,1,56,Enterprise Suite,1
L00084,Organic,Retail,SMB,13,North America,10,2,0.318,0,84,1,8643.72,0,45,Core,0
L00085,Referral,Retail,SMB,92,North America,13,3,0.381,0,31,0,0.0,0,34,Analytics,0
L00086,Referral,Healthcare,Mid-market,110,LATAM,7,4,0.63,1,33,1,5207.35,0,53,Analytics,1
L00087,Event,Retail,Mid-market,776,North America,16,1,0.562,1,83,0,0.0,0,152,Analytics,0
L00088,Paid search,Manufacturing,Mid-market,196,North America,7,2,0.488,1,54,0,0.0,1,11,Analytics,0
L00089,Organic,SaaS,Enterprise,5569,LATAM,4,2,0.406,0,85,0,0.0,0,96,Analytics,0
L00090,Paid search,Manufacturing,SMB,60,LATAM,12,1,0.658,1,74,0,0.0,0,166,Core,0
L00091,Organic,Finance,SMB,28,North America,3,1,0.606,0,11,0,0.0,0,101,Enterprise Suite,0
L00092,Event,Retail,SMB,70,North America,4,4,0.428,1,18,0,0.0,0,22,Core,1
L00093,Paid search,Retail,Enterprise,8468,APAC,7,0,0.283,0,46,1,6382.39,0,16,Analytics,0
L00094,Organic,Retail,Mid-market,742,Europe,16,1,0.766,0,17,0,0.0,0,41,Analytics,0
L00095,Organic,Healthcare,SMB,79,North America,5,0,0.471,0,48,1,2048.77,1,17,Core,0
L00096,Paid search,Healthcare,SMB,11,Europe,2,4,0.646,0,83,0,0.0,1,48,Analytics,0
L00097,Organic,SaaS,Mid-market,296,APAC,3,2,0.172,0,51,0,0.0,0,148,Enterprise Suite,0
L00098,Referral,SaaS,Mid-market,936,APAC,10,0,0.759,0,75,0,0.0,0,153,Enterprise Suite,0
L00099,Referral,Manufacturing,Mid-market,404,APAC,0,5,0.244,0,5,0,0.0,0,131,Core,1
L00100,Outbound,Healthcare,SMB,75,LATAM,7,4,0.208,0,39,1,4971.15,0,85,Analytics,0
L00101,Outbound,Retail,Enterprise,9239,Europe,9,0,0.503,0,26,0,0.0,0,8,Core,0
L00102,Event,Healthcare,Mid-market,632,North America,6,2,0.772,0,82,0,0.0,1,62,Enterprise Suite,0
L00103,Organic,Finance,Mid-market,530,APAC,8,0,0.661,0,71,0,0.0,0,150,Enterprise Suite,0
L00104,Outbound,Retail,Mid-market,768,APAC,4,4,0.312,0,50,1,2057.14,0,57,Enterprise Suite,0
L00105,Event,Manufacturing,Enterprise,4170,LATAM,13,3,0.722,0,87,2,13032.62,0,76,Enterprise Suite,1
L00106,Event,Manufacturing,Enterprise,8170,Europe,10,1,0.643,0,19,1,854.82,1,93,Core,0
L00107,Paid search,SaaS,Mid-market,304,APAC,6,3,0.508,0,20,1,849.93,0,117,Enterprise Suite,0
L00108,Organic,Retail,SMB,77,LATAM,15,4,0.829,0,31,0,0.0,1,19,Enterprise Suite,0
L00109,Referral,Manufacturing,SMB,63,APAC,5,2,0.571,1,84,0,0.0,0,91,Enterprise Suite,0
L00110,Outbound,Manufacturing,Mid-market,348,APAC,5,3,0.317,0,73,1,10935.88,1,166,Core,1
L00111,Paid search,SaaS,Mid-market,359,Europe,7,2,0.426,0,10,0,0.0,0,18,Analytics,1
L00112,Organic,Finance,SMB,75,Europe,7,2,0.754,0,49,0,0.0,1,72,Analytics,1
L00113,Organic,Healthcare,SMB,50,Europe,5,0,0.279,0,52,2,5138.78,0,32,Analytics,0
L00114,Paid search,Retail,Enterprise,5150,LATAM,6,2,0.771,0,2,0,0.0,0,64,Core,0
L00115,Organic,Retail,Enterprise,8939,Europe,4,5,0.348,0,24,1,1245.56,1,60,Analytics,0
L00116,Outbound,Healthcare,Enterprise,7228,LATAM,4,2,0.368,0,45,1,1620.03,0,116,Analytics,0
L00117,Event,Retail,SMB,48,North America,4,5,0.463,1,37,0,0.0,0,46,Core,0
L00118,Event,Finance,Mid-market,745,LATAM,1,2,0.55,0,1,0,0.0,1,43,Analytics,0
L00119,Paid search,Retail,Enterprise,1470,LATAM,14,1,0.603,0,64,0,0.0,0,116,Analytics,0
L00120,Paid search,Retail,SMB,50,North America,9,2,0.887,0,14,0,0.0,0,109,Analytics,0
L00121,Paid search,Retail,SMB,76,APAC,15,2,0.666,0,61,0,0.0,0,54,Enterprise Suite,0
L00122,Event,Finance,Enterprise,4043,LATAM,7,2,0.51,0,58,0,0.0,1,141,Analytics,0
L00123,Referral,Finance,SMB,60,North America,3,0,0.148,0,40,1,3838.58,0,2,Enterprise Suite,0
L00124,Paid search,Retail,Mid-market,536,APAC,7,3,0.781,0,56,0,0.0,0,133,Analytics,0
L00125,Referral,SaaS,Mid-market,894,LATAM,9,0,0.832,0,24,0,0.0,1,93,Analytics,0
L00126,Paid search,Healthcare,Mid-market,881,LATAM,13,4,0.804,0,48,0,0.0,0,89,Enterprise Suite,0
L00127,Organic,Healthcare,SMB,24,LATAM,9,1,0.552,0,86,0,0.0,0,126,Core,0
L00128,Referral,SaaS,Mid-market,804,APAC,7,4,0.872,0,55,0,0.0,1,65,Enterprise Suite,1
L00129,Referral,Manufacturing,SMB,30,North America,5,3,0.26,1,5,0,0.0,0,62,Enterprise Suite,1
L00130,Paid search,Healthcare,Enterprise,4210,North America,3,0,0.626,0,37,1,3866.54,0,107,Analytics,0
L00131,Organic,Manufacturing,SMB,96,LATAM,9,3,0.443,0,54,0,0.0,0,53,Analytics,0
L00132,Outbound,Healthcare,Mid-market,229,APAC,5,2,0.292,0,0,0,0.0,1,137,Enterprise Suite,0
L00133,Paid search,Finance,Mid-market,745,Europe,5,1,0.453,0,51,0,0.0,0,14,Enterprise Suite,1
L00134,Organic,Healthcare,SMB,56,North America,3,2,0.821,0,59,0,0.0,1,51,Analytics,1
L00135,Paid search,SaaS,SMB,80,North America,11,2,0.537,0,41,2,8223.08,1,70,Enterprise Suite,0
L00136,Referral,Retail,Mid-market,334,Europe,7,5,0.785,0,64,0,0.0,0,24,Analytics,0
L00137,Outbound,Retail,SMB,39,Europe,6,1,0.483,0,86,0,0.0,1,141,Core,0
L00138,Paid search,Healthcare,SMB,22,North America,6,2,0.363,0,50,1,2631.39,0,118,Core,0
L00139,Outbound,Manufacturing,SMB,94,North America,9,1,0.796,0,82,0,0.0,1,151,Core,1
L00140,Referral,Manufacturing,Enterprise,3338,APAC,2,4,0.396,0,54,0,0.0,1,31,Enterprise Suite,1
L00141,Paid search,SaaS,Mid-market,527,North America,9,2,0.417,1,72,0,0.0,0,60,Enterprise Suite,0
L00142,Paid search,Finance,SMB,25,Europe,11,2,0.476,1,16,1,3244.14,0,67,Core,1
L00143,Outbound,Healthcare,Enterprise,8408,Europe,8,1,0.516,0,84,1,11584.65,0,137,Core,0
L00144,Paid search,SaaS,SMB,99,LATAM,7,0,0.307,0,22,0,0.0,0,37,Analytics,0
L00145,Paid search,Manufacturing,SMB,91,North America,16,0,0.633,1,2,0,0.0,0,168,Analytics,1
L00146,Organic,Manufacturing,SMB,55,APAC,5,2,0.24,0,48,0,0.0,0,83,Enterprise Suite,0
L00147,Organic,Healthcare,SMB,87,APAC,13,1,0.505,0,88,0,0.0,0,6,Analytics,1
L00148,Paid search,Retail,SMB,97,LATAM,10,3,0.544,0,25,0,0.0,0,110,Analytics,1
L00149,Paid search,Manufacturing,Mid-market,589,North America,9,1,0.926,1,5,0,0.0,0,63,Core,0
L00150,Referral,Manufacturing,SMB,23,LATAM,3,1,0.182,0,20,1,5016.63,1,80,Core,0
L00151,Outbound,Retail,Mid-market,101,Europe,4,0,0.535,1,51,0,0.0,1,124,Analytics,0
L00152,Outbound,Manufacturing,SMB,49,LATAM,7,4,0.613,0,70,0,0.0,0,24,Analytics,0
L00153,Referral,SaaS,SMB,81,North America,4,4,0.278,0,88,0,0.0,0,53,Analytics,0
L00154,Paid search,Healthcare,SMB,54,APAC,3,1,0.405,0,55,0,0.0,0,10,Enterprise Suite,0
L00155,Referral,Retail,Mid-market,428,LATAM,7,0,0.618,1,63,1,1756.28,0,125,Core,0
L00156,Event,Manufacturing,Mid-market,799,APAC,2,0,0.319,0,9,0,0.0,0,47,Enterprise Suite,0
L00157,Organic,Finance,SMB,40,North America,18,4,0.719,0,72,1,3854.99,1,150,Analytics,1
L00158,Event,Finance,SMB,7,APAC,14,2,0.594,0,75,1,13187.27,1,38,Core,0
L00159,Event,SaaS,SMB,53,North America,6,3,0.442,0,15,0,0.0,0,124,Enterprise Suite,1
L00160,Event,SaaS,Mid-market,255,Europe,2,3,0.099,0,47,1,2010.46,0,136,Enterprise Suite,0
L00161,Referral,SaaS,SMB,59,Europe,11,0,0.688,0,74,0,0.0,0,101,Analytics,0
L00162,Outbound,Finance,Mid-market,536,LATAM,3,3,0.232,1,67,2,3230.38,0,52,Analytics,0
L00163,Organic,Finance,SMB,39,North America,11,3,0.488,0,39,0,0.0,0,125,Analytics,0
L00164,Referral,Finance,SMB,80,Europe,4,2,0.183,0,49,1,924.38,0,65,Analytics,0
L00165,Paid search,Finance,Mid-market,808,APAC,4,0,0.288,0,31,0,0.0,0,64,Enterprise Suite,0
L00166,Organic,Retail,SMB,47,Europe,6,0,0.911,0,42,0,0.0,1,71,Core,0
L00167,Outbound,Retail,SMB,98,North America,6,2,0.578,0,27,0,0.0,1,44,Enterprise Suite,0
L00168,Outbound,Finance,Enterprise,2000,APAC,4,0,0.296,0,63,0,0.0,1,127,Analytics,0
L00169,Organic,Manufacturing,SMB,67,APAC,3,4,0.14,0,68,0,0.0,0,108,Enterprise Suite,0
L00170,Outbound,Healthcare,SMB,13,APAC,2,3,0.245,0,42,0,0.0,0,89,Core,0
L00171,Organic,Healthcare,SMB,73,North America,10,5,0.96,0,15,0,0.0,1,78,Core,0
L00172,Paid search,Healthcare,SMB,21,LATAM,2,4,0.37,0,57,0,0.0,0,36,Enterprise Suite,0
L00173,Organic,Healthcare,Mid-market,940,APAC,15,2,0.584,0,14,0,0.0,0,168,Core,0
L00174,Outbound,Manufacturing,SMB,6,Europe,5,0,0.337,1,51,0,0.0,1,33,Analytics,0
L00175,Organic,SaaS,Enterprise,2551,LATAM,2,2,0.619,1,15,0,0.0,1,153,Core,0
L00176,Referral,Retail,Mid-market,895,APAC,0,1,0.574,0,64,0,0.0,0,57,Analytics,0
L00177,Paid search,Finance,Enterprise,4833,Europe,7,1,0.798,0,43,0,0.0,1,175,Analytics,1
L00178,Outbound,Finance,Mid-market,988,Europe,19,3,0.893,1,70,1,7400.24,1,78,Enterprise Suite,1
L00179,Outbound,Manufacturing,Enterprise,7060,North America,6,6,0.315,0,62,1,2042.22,1,140,Enterprise Suite,0
L00180,Event,Manufacturing,Mid-market,669,APAC,6,2,0.554,0,63,0,0.0,0,66,Analytics,0
L00181,Outbound,Retail,SMB,20,LATAM,4,1,0.2,0,28,2,5386.33,0,99,Analytics,0
L00182,Outbound,Healthcare,SMB,27,Europe,5,3,0.616,0,82,1,22206.82,0,106,Core,0
L00183,Paid search,SaaS,Mid-market,397,APAC,3,3,0.308,0,47,1,3397.36,0,76,Enterprise Suite,0
L00184,Organic,Manufacturing,SMB,14,North America,1,2,0.398,0,84,0,0.0,0,130,Core,0
L00185,Event,Manufacturing,Mid-market,979,North America,3,1,0.589,0,61,2,7584.35,0,15,Enterprise Suite,0
L00186,Event,Healthcare,SMB,30,LATAM,7,5,0.477,0,9,0,0.0,1,136,Analytics,0
L00187,Organic,Retail,Enterprise,3980,LATAM,3,2,0.341,0,25,0,0.0,0,18,Core,1
L00188,Referral,SaaS,SMB,80,North America,5,3,0.496,0,54,0,0.0,1,72,Analytics,1
L00189,Event,Manufacturing,Enterprise,1614,APAC,3,2,0.284,0,3,3,1772.31,0,158,Core,0
L00190,Organic,SaaS,SMB,22,Europe,8,2,0.505,0,52,0,0.0,0,83,Core,0
L00191,Outbound,Retail,SMB,97,LATAM,15,2,0.886,0,76,1,3043.55,1,155,Enterprise Suite,0
L00192,Organic,Healthcare,Mid-market,426,LATAM,6,1,0.552,1,4,0,0.0,0,172,Core,0
L00193,Referral,Retail,Mid-market,546,LATAM,4,1,0.48,1,4,0,0.0,0,146,Enterprise Suite,0
L00194,Outbound,Healthcare,Mid-market,629,North America,1,3,0.251,0,34,1,11953.89,0,112,Core,0
L00195,Organic,Finance,Enterprise,5275,North America,5,2,0.934,0,84,1,3502.59,0,42,Enterprise Suite,0
L00196,Organic,Healthcare,SMB,71,Europe,5,0,0.569,0,23,0,0.0,1,109,Analytics,0
L00197,Paid search,Manufacturing,Enterprise,2856,North America,7,1,0.937,0,27,0,0.0,1,155,Core,0
L00198,Outbound,Healthcare,SMB,55,Europe,3,2,0.338,0,37,1,3396.94,1,105,Enterprise Suite,0
L00199,Organic,Manufacturing,Mid-market,296,North America,6,2,0.229,0,19,2,3620.22,1,140,Analytics,0
L00200,Organic,Retail,SMB,28,North America,16,0,0.933,0,69,0,0.0,0,10,Core,0
L00201,Event,Finance,SMB,56,Europe,5,0,0.267,0,56,0,0.0,0,67,Analytics,0
L00202,Outbound,Manufacturing,Mid-market,629,Europe,1,2,0.257,0,26,0,0.0,0,19,Core,0
L00203,Paid search,Manufacturing,Mid-market,355,LATAM,10,2,0.459,1,49,0,0.0,0,109,Enterprise Suite,0
L00204,Referral,SaaS,SMB,56,Europe,6,2,0.772,0,83,1,9483.35,1,50,Core,1
L00205,Referral,SaaS,Enterprise,6164,APAC,6,4,0.687,0,85,2,3843.7,1,34,Core,1
L00206,Organic,Retail,Mid-market,830,LATAM,9,6,0.487,0,79,0,0.0,1,150,Analytics,0
L00207,Referral,Healthcare,SMB,82,APAC,12,2,0.428,0,42,0,0.0,0,31,Enterprise Suite,1
L00208,Event,Manufacturing,Mid-market,157,APAC,5,2,0.433,0,56,0,0.0,0,83,Core,0
L00209,Referral,Retail,SMB,75,LATAM,2,3,0.449,0,18,0,0.0,0,17,Analytics,0
L00210,Paid search,Healthcare,SMB,76,North America,6,4,0.266,0,88,0,0.0,0,122,Core,0
L00211,Event,Finance,Mid-market,277,Europe,5,0,0.527,1,62,1,2157.66,0,77,Analytics,1
L00212,Paid search,SaaS,SMB,8,LATAM,5,0,0.26,0,1,0,0.0,0,31,Enterprise Suite,0
L00213,Organic,Retail,SMB,81,Europe,5,1,0.361,0,85,0,0.0,0,87,Analytics,0
L00214,Outbound,SaaS,Mid-market,274,Europe,9,6,0.79,0,31,1,3785.99,1,88,Analytics,1
L00215,Event,Manufacturing,SMB,20,North America,17,2,0.584,1,22,1,35453.95,1,173,Analytics,0
L00216,Event,Manufacturing,Mid-market,222,APAC,8,2,0.751,1,22,0,0.0,0,148,Enterprise Suite,1
L00217,Referral,Finance,Mid-market,942,North America,9,0,0.299,1,14,0,0.0,1,121,Core,1
L00218,Referral,SaaS,SMB,87,Europe,13,5,0.694,0,12,1,1699.88,1,174,Enterprise Suite,1
L00219,Outbound,Manufacturing,Mid-market,199,North America,14,4,0.983,0,32,1,1080.43,1,73,Enterprise Suite,1
L00220,Organic,Manufacturing,SMB,64,APAC,13,4,0.631,1,69,0,0.0,1,7,Core,1
L00221,Organic,Manufacturing,Mid-market,808,APAC,6,4,0.254,1,50,0,0.0,0,47,Core,1
L00222,Paid search,Finance,SMB,23,APAC,6,0,0.297,1,45,0,0.0,0,61,Analytics,0
L00223,Event,Manufacturing,Enterprise,5889,LATAM,14,1,0.659,0,42,0,0.0,0,60,Analytics,0
L00224,Outbound,Manufacturing,SMB,66,Europe,4,2,0.46,1,83,1,4559.64,0,56,Core,1
L00225,Organic,Retail,Mid-market,397,North America,8,2,0.81,0,73,0,0.0,1,108,Core,1
L00226,Outbound,Finance,SMB,53,LATAM,6,1,0.501,0,35,0,0.0,0,78,Core,0
L00227,Referral,SaaS,SMB,5,LATAM,2,2,0.537,0,83,0,0.0,0,138,Analytics,0
L00228,Paid search,Healthcare,SMB,46,LATAM,4,2,0.356,0,86,0,0.0,1,137,Analytics,0
L00229,Paid search,Healthcare,Mid-market,458,Europe,2,2,0.57,1,80,1,1273.67,0,108,Core,0
L00230,Referral,Finance,Enterprise,6747,APAC,2,1,0.299,1,57,1,255.04,0,10,Enterprise Suite,1
L00231,Referral,Retail,SMB,67,Europe,4,0,0.649,1,39,0,0.0,1,150,Analytics,0
L00232,Paid search,Finance,SMB,90,North America,7,3,0.448,0,33,1,1090.82,0,168,Enterprise Suite,1
L00233,Outbound,Retail,SMB,92,North America,1,3,0.353,0,64,0,0.0,0,74,Enterprise Suite,0
L00234,Paid search,Manufacturing,SMB,11,Europe,4,2,0.363,0,58,0,0.0,1,154,Core,0
L00235,Outbound,Manufacturing,Enterprise,6918,Europe,5,4,0.729,0,2,0,0.0,0,70,Core,1
L00236,Outbound,SaaS,Enterprise,7673,North America,5,2,0.367,0,79,0,0.0,0,14,Analytics,0
L00237,Paid search,Healthcare,Enterprise,1969,Europe,14,5,0.636,0,15,0,0.0,0,74,Core,0
L00238,Outbound,Manufacturing,SMB,57,Europe,8,3,0.286,0,5,0,0.0,0,61,Enterprise Suite,1
L00239,Referral,Manufacturing,SMB,95,LATAM,14,1,0.685,1,67,0,0.0,0,73,Core,1
L00240,Referral,Healthcare,Mid-market,696,Europe,9,3,0.579,0,39,0,0.0,0,92,Enterprise Suite,0
L00241,Outbound,Retail,SMB,22,LATAM,7,5,0.413,0,70,1,2472.51,0,35,Core,1
L00242,Outbound,Finance,Mid-market,116,North America,12,1,0.782,0,4,0,0.0,0,103,Core,1
L00243,Organic,Manufacturing,SMB,76,LATAM,2,1,0.149,0,85,0,0.0,0,11,Enterprise Suite,0
L00244,Paid search,Manufacturing,SMB,62,APAC,7,4,0.698,0,56,0,0.0,0,116,Analytics,0
L00245,Paid search,Finance,Enterprise,1460,North America,5,2,0.453,0,5,0,0.0,0,84,Enterprise Suite,0
L00246,Outbound,Retail,SMB,11,Europe,1,4,0.127,0,1,0,0.0,0,91,Enterprise Suite,0
L00247,Paid search,SaaS,Enterprise,3881,LATAM,1,3,0.606,0,38,3,5526.34,0,57,Core,0
L00248,Paid search,Healthcare,SMB,43,LATAM,4,1,0.78,0,46,0,0.0,0,144,Enterprise Suite,0
L00249,Organic,Retail,SMB,90,Europe,7,1,0.563,1,16,0,0.0,0,87,Enterprise Suite,0
L00250,Paid search,Finance,SMB,55,Europe,2,2,0.282,0,17,0,0.0,0,170,Core,0
L00251,Event,Manufacturing,SMB,52,APAC,6,4,0.315,0,2,0,0.0,0,17,Enterprise Suite,0
L00252,Outbound,Retail,Mid-market,720,Europe,4,1,0.342,0,17,0,0.0,0,72,Core,0
L00253,Paid search,Finance,SMB,61,APAC,0,2,0.347,1,31,1,17320.42,0,105,Enterprise Suite,0
L00254,Organic,Healthcare,Mid-market,858,North America,4,2,0.748,0,66,0,0.0,0,103,Analytics,0
L00255,Organic,Manufacturing,Enterprise,4428,North America,12,3,0.501,1,60,1,3977.34,0,157,Analytics,1
L00256,Event,Finance,SMB,80,APAC,8,3,0.484,1,15,0,0.0,0,156,Analytics,0
L00257,Outbound,Healthcare,SMB,30,Europe,10,1,0.634,0,27,0,0.0,1,43,Enterprise Suite,1
L00258,Referral,Finance,SMB,83,APAC,6,2,0.293,0,5,1,2231.01,0,143,Analytics,1
L00259,Referral,SaaS,Mid-market,580,North America,3,0,0.812,0,84,0,0.0,0,95,Analytics,0
L00260,Paid search,SaaS,Mid-market,248,Europe,9,2,0.48,1,34,0,0.0,1,47,Core,0
L00261,Referral,Manufacturing,SMB,98,LATAM,5,1,0.228,0,68,1,12774.15,0,162,Core,0
L00262,Outbound,SaaS,Mid-market,102,Europe,8,4,0.519,0,40,0,0.0,0,7,Analytics,0
L00263,Organic,Finance,SMB,69,Europe,5,3,0.3,0,23,0,0.0,0,42,Core,0
L00264,Referral,Healthcare,SMB,43,North America,4,3,0.616,1,31,0,0.0,1,113,Core,0
L00265,Outbound,Retail,SMB,7,LATAM,7,1,0.39,0,85,0,0.0,0,95,Enterprise Suite,0
L00266,Organic,Retail,Enterprise,9741,North America,2,0,0.203,0,46,0,0.0,0,75,Core,0
L00267,Organic,Finance,SMB,91,LATAM,8,2,0.594,1,63,0,0.0,1,24,Analytics,0
L00268,Organic,Retail,SMB,32,Europe,2,2,0.428,0,32,0,0.0,0,4,Enterprise Suite,0
L00269,Referral,Retail,SMB,38,LATAM,8,1,0.381,0,10,0,0.0,0,176,Analytics,0
L00270,Referral,Retail,Mid-market,190,LATAM,8,2,0.572,1,26,1,2445.57,1,3,Core,0
L00271,Referral,Manufacturing,SMB,96,APAC,10,1,0.429,1,59,0,0.0,0,95,Core,0
L00272,Organic,SaaS,SMB,24,North America,17,1,0.797,1,45,1,1569.66,1,164,Analytics,1
L00273,Referral,Retail,SMB,24,APAC,3,3,0.355,1,68,0,0.0,0,170,Analytics,0
L00274,Paid search,Healthcare,Mid-market,615,North America,5,2,0.205,0,2,0,0.0,0,17,Analytics,1
L00275,Event,SaaS,SMB,20,Europe,2,0,0.403,0,29,0,0.0,0,7,Analytics,0
L00276,Organic,Manufacturing,Enterprise,8418,North America,4,2,0.146,0,1,0,0.0,0,148,Analytics,0
L00277,Organic,Manufacturing,SMB,80,North America,6,1,0.267,0,18,0,0.0,1,44,Analytics,0
L00278,Paid search,Healthcare,SMB,14,APAC,4,2,0.288,0,78,0,0.0,0,134,Enterprise Suite,0
L00279,Outbound,Retail,Enterprise,5700,LATAM,14,3,0.388,0,27,0,0.0,0,2,Enterprise Suite,0
L00280,Outbound,Retail,Mid-market,690,LATAM,6,3,0.547,0,59,0,0.0,0,102,Analytics,0
L00281,Referral,Finance,SMB,74,North America,5,3,0.396,1,1,1,3336.9,1,82,Enterprise Suite,1
L00282,Organic,Manufacturing,Enterprise,8090,Europe,2,4,0.518,0,30,0,0.0,1,144,Analytics,1
L00283,Organic,Finance,Mid-market,695,LATAM,4,1,0.188,0,29,0,0.0,1,47,Enterprise Suite,0
L00284,Organic,SaaS,SMB,38,Europe,4,3,0.821,0,31,1,1325.26,1,112,Analytics,1
L00285,Paid search,SaaS,Enterprise,4112,LATAM,11,3,0.633,0,58,1,3149.51,0,25,Analytics,0
L00286,Paid search,Healthcare,Mid-market,295,North America,8,3,0.679,0,32,0,0.0,0,95,Analytics,0
L00287,Referral,Finance,SMB,90,APAC,2,4,0.187,1,1,0,0.0,1,89,Analytics,1
L00288,Organic,SaaS,Mid-market,221,North America,14,1,0.77,0,77,0,0.0,0,11,Enterprise Suite,0
L00289,Paid search,Retail,SMB,80,Europe,12,3,0.516,1,59,1,1248.81,0,115,Core,1
L00290,Referral,SaaS,SMB,81,Europe,5,3,0.184,0,87,0,0.0,0,27,Enterprise Suite,0
L00291,Outbound,Finance,Enterprise,8537,LATAM,10,1,0.502,0,69,2,1150.04,0,14,Analytics,0
L00292,Referral,Finance,Mid-market,360,LATAM,5,0,0.286,0,27,1,3858.29,0,127,Enterprise Suite,0
L00293,Outbound,Manufacturing,Mid-market,478,North America,15,2,0.662,0,77,0,0.0,0,14,Enterprise Suite,0
L00294,Referral,Manufacturing,Mid-market,162,LATAM,9,1,0.423,1,62,0,0.0,1,124,Enterprise Suite,0
L00295,Outbound,Manufacturing,Mid-market,713,LATAM,4,0,0.387,1,26,0,0.0,0,103,Core,0
L00296,Outbound,Manufacturing,SMB,61,APAC,13,4,0.528,0,22,1,9592.66,1,124,Analytics,1
L00297,Outbound,Manufacturing,Enterprise,3643,Europe,6,3,0.479,0,2,2,27552.77,1,67,Enterprise Suite,1
L00298,Outbound,Manufacturing,Mid-market,716,APAC,15,2,0.684,0,66,0,0.0,1,124,Analytics,1
L00299,Event,Retail,Mid-market,570,LATAM,6,4,0.282,1,10,0,0.0,0,150,Core,0
L00300,Event,Healthcare,SMB,94,APAC,4,2,0.341,0,85,0,0.0,0,101,Analytics,0
L00301,Event,Finance,SMB,71,Europe,7,2,0.611,0,23,0,0.0,0,154,Enterprise Suite,0
L00302,Referral,Manufacturing,SMB,63,Europe,8,1,0.552,0,3,1,3669.28,0,127,Core,0
L00303,Paid search,Healthcare,SMB,37,LATAM,5,3,0.413,0,79,0,0.0,0,3,Analytics,1
L00304,Paid search,Manufacturing,SMB,5,Europe,7,2,0.312,0,5,2,5599.54,0,85,Enterprise Suite,1
L00305,Outbound,Healthcare,Mid-market,241,Europe,6,5,0.361,0,33,0,0.0,0,35,Analytics,0
L00306,Paid search,Manufacturing,Enterprise,5524,APAC,6,2,0.323,0,71,1,1267.48,0,74,Enterprise Suite,0
L00307,Organic,Retail,SMB,63,LATAM,8,2,0.428,0,34,0,0.0,1,104,Core,1
L00308,Paid search,Manufacturing,SMB,53,North America,5,4,0.545,0,40,0,0.0,0,7,Enterprise Suite,0
L00309,Organic,Finance,Mid-market,782,LATAM,3,2,0.346,0,64,0,0.0,1,101,Core,0
L00310,Referral,Manufacturing,SMB,12,LATAM,14,1,0.482,1,49,0,0.0,0,137,Enterprise Suite,1
L00311,Paid search,Healthcare,Enterprise,6275,APAC,6,0,0.589,1,18,0,0.0,1,177,Core,1
L00312,Paid search,SaaS,SMB,27,APAC,8,3,0.633,0,35,0,0.0,0,67,Enterprise Suite,0
L00313,Organic,Retail,SMB,71,LATAM,4,3,0.692,0,32,0,0.0,0,57,Enterprise Suite,0
L00314,Organic,SaaS,SMB,72,APAC,7,0,0.358,0,4,0,0.0,0,162,Core,0
L00315,Organic,Healthcare,Enterprise,8602,Europe,10,2,0.297,1,74,0,0.0,0,138,Enterprise Suite,0
L00316,Organic,Retail,SMB,25,Europe,6,1,0.393,0,36,0,0.0,0,61,Enterprise Suite,0
L00317,Organic,Finance,Mid-market,953,LATAM,15,2,0.633,1,28,1,6725.08,0,110,Core,0
L00318,Event,Healthcare,SMB,78,LATAM,16,1,0.628,1,13,0,0.0,0,92,Core,0
L00319,Organic,Retail,SMB,89,Europe,2,0,0.603,0,41,0,0.0,0,152,Enterprise Suite,0
L00320,Outbound,SaaS,Enterprise,7270,North America,7,1,0.423,1,29,0,0.0,1,148,Analytics,1
L00321,Outbound,Manufacturing,SMB,71,APAC,13,2,0.786,1,16,1,497.14,1,62,Analytics,1
L00322,Paid search,Manufacturing,SMB,66,APAC,4,1,0.304,1,15,1,3317.48,0,168,Analytics,1
L00323,Organic,Healthcare,Mid-market,480,LATAM,6,2,0.404,0,84,0,0.0,1,172,Analytics,0
L00324,Paid search,Healthcare,Enterprise,7969,Europe,8,2,0.292,0,77,1,2494.34,0,151,Core,0
L00325,Outbound,Retail,SMB,18,APAC,4,2,0.165,0,57,0,0.0,0,171,Analytics,0
L00326,Event,Healthcare,SMB,85,North America,9,1,0.459,0,22,1,1857.27,0,144,Enterprise Suite,0
L00327,Outbound,Manufacturing,Enterprise,8597,North America,8,1,0.274,0,8,1,1813.89,0,145,Analytics,0
L00328,Paid search,Finance,Mid-market,890,LATAM,7,1,0.573,0,52,0,0.0,0,44,Analytics,0
L00329,Paid search,Manufacturing,Enterprise,5394,APAC,5,0,0.571,1,8,1,1072.99,0,128,Core,1
L00330,Organic,Manufacturing,Mid-market,829,LATAM,21,0,0.892,0,88,1,1443.83,0,11,Enterprise Suite,0
L00331,Event,Manufacturing,Mid-market,186,LATAM,8,2,0.812,1,54,1,667.66,1,154,Core,1
L00332,Organic,Retail,SMB,22,APAC,13,2,0.632,0,89,0,0.0,0,60,Analytics,0
L00333,Event,Manufacturing,SMB,62,APAC,8,2,0.306,0,51,1,15892.72,0,32,Analytics,1
L00334,Outbound,Manufacturing,Mid-market,455,North America,5,1,0.625,0,58,0,0.0,0,38,Enterprise Suite,0
L00335,Referral,Manufacturing,Mid-market,730,APAC,6,1,0.51,0,42,0,0.0,0,22,Analytics,0
L00336,Paid search,SaaS,Enterprise,3285,APAC,3,0,0.649,0,27,0,0.0,0,150,Core,0
L00337,Referral,Healthcare,Mid-market,212,North America,6,2,0.485,0,0,1,2546.91,0,171,Core,0
L00338,Event,Manufacturing,SMB,18,Europe,4,1,0.761,0,45,1,4439.01,0,175,Enterprise Suite,0
L00339,Referral,SaaS,SMB,34,APAC,14,0,0.642,1,80,0,0.0,0,23,Core,1
L00340,Outbound,Retail,Mid-market,677,APAC,13,7,0.731,0,45,0,0.0,0,14,Enterprise Suite,1
L00341,Referral,Healthcare,SMB,16,Europe,4,0,0.215,0,64,1,1789.37,0,69,Core,0
L00342,Outbound,Manufacturing,Mid-market,280,APAC,5,1,0.382,1,78,1,3020.09,0,128,Enterprise Suite,0
L00343,Outbound,Healthcare,Mid-market,963,Europe,5,2,0.402,0,33,0,0.0,0,118,Core,0
L00344,Paid search,Finance,SMB,97,Europe,4,3,0.274,0,64,0,0.0,0,129,Analytics,0
L00345,Outbound,Finance,Mid-market,525,APAC,3,4,0.315,0,49,0,0.0,0,57,Analytics,1
L00346,Outbound,Manufacturing,Mid-market,952,Europe,17,2,0.491,1,79,1,841.35,1,13,Enterprise Suite,0
L00347,Outbound,SaaS,Enterprise,6687,LATAM,4,0,0.573,0,61,0,0.0,0,85,Analytics,0
L00348,Organic,Manufacturing,SMB,77,Europe,7,1,0.323,0,1,0,0.0,0,134,Core,1
L00349,Paid search,Healthcare,Mid-market,480,APAC,6,5,0.651,0,3,0,0.0,1,39,Analytics,1
L00350,Referral,Finance,SMB,48,APAC,2,1,0.4,0,87,1,16581.58,1,178,Enterprise Suite,0
L00351,Paid search,Finance,Mid-market,733,North America,9,1,0.406,1,35,1,6153.12,0,137,Core,0
L00352,Organic,Healthcare,SMB,44,LATAM,15,2,0.889,0,61,1,4819.09,0,44,Analytics,1
L00353,Paid search,Manufacturing,Enterprise,2831,Europe,7,5,0.456,0,80,0,0.0,0,174,Core,0
L00354,Paid search,Manufacturing,Enterprise,7813,Europe,3,1,0.354,0,83,0,0.0,0,80,Core,0
L00355,Paid search,Healthcare,Mid-market,766,APAC,19,3,0.686,1,66,0,0.0,1,140,Core,1
L00356,Paid search,Retail,Mid-market,340,LATAM,2,1,0.321,0,71,1,1348.07,0,54,Analytics,0
L00357,Event,Manufacturing,SMB,93,North America,3,5,0.181,0,69,1,292.67,0,50,Enterprise Suite,0
L00358,Outbound,Manufacturing,Mid-market,374,Europe,15,3,0.839,1,63,0,0.0,1,133,Analytics,1
L00359,Paid search,Healthcare,SMB,70,Europe,7,1,0.391,0,86,0,0.0,1,106,Enterprise Suite,0
L00360,Paid search,SaaS,Mid-market,841,LATAM,5,2,0.596,1,6,1,2407.53,1,125,Core,1
L00361,Outbound,SaaS,SMB,43,Europe,8,3,0.983,0,24,0,0.0,1,159,Enterprise Suite,1
L00362,Referral,Finance,Mid-market,362,Europe,7,1,0.705,0,12,0,0.0,0,86,Core,0
L00363,Referral,SaaS,SMB,67,Europe,20,0,0.844,1,70,0,0.0,1,24,Analytics,1
L00364,Referral,SaaS,Mid-market,851,APAC,10,2,0.702,0,18,0,0.0,1,69,Core,1
L00365,Event,Healthcare,Mid-market,984,North America,6,2,0.372,0,13,0,0.0,0,17,Enterprise Suite,1
L00366,Paid search,Retail,SMB,24,Europe,6,1,0.556,0,44,1,5493.34,0,146,Enterprise Suite,0
L00367,Event,Finance,SMB,66,North America,16,1,0.526,0,17,0,0.0,0,152,Analytics,0
L00368,Event,Retail,Enterprise,6692,LATAM,3,1,0.668,0,69,2,3437.98,0,19,Core,0
L00369,Organic,SaaS,Mid-market,856,LATAM,9,0,0.587,0,38,0,0.0,0,127,Enterprise Suite,0
L00370,Outbound,SaaS,SMB,87,Europe,8,0,0.512,0,21,0,0.0,0,163,Analytics,1
L00371,Event,Finance,SMB,37,Europe,10,4,0.37,0,51,0,0.0,0,126,Analytics,0
L00372,Organic,SaaS,SMB,81,North America,7,2,0.491,0,88,0,0.0,0,75,Core,0
L00373,Organic,Retail,Mid-market,188,LATAM,3,1,0.479,0,66,2,24205.91,1,119,Enterprise Suite,0
L00374,Organic,Manufacturing,Mid-market,122,APAC,9,1,0.376,1,59,1,2888.95,0,104,Analytics,1
L00375,Organic,Manufacturing,SMB,91,LATAM,9,2,0.355,0,62,0,0.0,0,167,Core,0
L00376,Referral,Healthcare,Mid-market,314,APAC,4,2,0.292,0,66,0,0.0,0,108,Enterprise Suite,0
L00377,Outbound,Finance,Mid-market,291,North America,5,2,0.904,0,56,1,3530.65,0,134,Enterprise Suite,0
L00378,Paid search,Finance,Mid-market,831,APAC,13,1,0.446,0,81,0,0.0,0,145,Analytics,1
L00379,Organic,Manufacturing,SMB,20,North America,6,2,0.396,0,23,0,0.0,0,10,Core,0
L00380,Event,Manufacturing,SMB,97,North America,5,1,0.433,0,46,0,0.0,1,23,Analytics,0
L00381,Paid search,Finance,SMB,37,Europe,6,1,0.217,0,65,0,0.0,0,84,Analytics,0
L00382,Outbound,SaaS,SMB,58,North America,9,2,0.528,1,13,0,0.0,1,35,Core,0
L00383,Outbound,Manufacturing,SMB,14,APAC,3,3,0.282,1,42,0,0.0,0,20,Enterprise Suite,0
L00384,Paid search,Finance,SMB,40,Europe,6,3,0.487,0,38,0,0.0,0,95,Analytics,1
L00385,Organic,Finance,SMB,96,Europe,6,3,0.639,1,27,0,0.0,0,68,Analytics,1
L00386,Outbound,SaaS,Mid-market,269,APAC,5,2,0.435,0,47,0,0.0,0,119,Core,0
L00387,Event,Finance,SMB,6,North America,6,4,0.483,0,63,0,0.0,0,141,Analytics,0
L00388,Outbound,Retail,Mid-market,337,Europe,2,0,0.512,1,87,0,0.0,0,30,Analytics,1
L00389,Referral,Manufacturing,SMB,43,LATAM,7,3,0.436,1,40,0,0.0,0,33,Enterprise Suite,1
L00390,Outbound,Finance,Mid-market,175,LATAM,18,3,1.0,0,6,0,0.0,1,49,Core,1
L00391,Paid search,Healthcare,SMB,65,APAC,1,1,0.458,0,88,0,0.0,0,35,Analytics,0
L00392,Referral,Retail,Mid-market,351,LATAM,2,1,0.231,0,29,0,0.0,0,62,Analytics,0
L00393,Paid search,Manufacturing,Mid-market,575,LATAM,3,1,0.429,0,35,0,0.0,0,38,Enterprise Suite,0
L00394,Event,Manufacturing,SMB,7,North America,13,2,0.503,1,67,0,0.0,0,145,Core,0
L00395,Referral,Retail,Mid-market,907,North America,5,1,0.618,0,29,0,0.0,0,55,Enterprise Suite,0
L00396,Paid search,SaaS,SMB,51,North America,8,3,0.473,0,63,0,0.0,1,70,Core,0
L00397,Outbound,Retail,Mid-market,822,LATAM,8,1,0.73,1,0,0,0.0,0,5,Analytics,0
L00398,Organic,SaaS,SMB,93,LATAM,5,0,0.387,0,75,0,0.0,1,168,Analytics,0
L00399,Paid search,SaaS,SMB,18,Europe,5,0,0.337,0,46,0,0.0,0,157,Analytics,0
L00400,Paid search,Retail,SMB,78,LATAM,3,1,0.275,0,86,0,0.0,0,59,Core,0
L00401,Organic,Finance,Enterprise,5269,Europe,4,1,0.589,0,54,0,0.0,0,111,Enterprise Suite,0
L00402,Outbound,Healthcare,SMB,99,APAC,7,2,0.535,1,50,0,0.0,0,26,Analytics,0
L00403,Outbound,SaaS,Mid-market,818,LATAM,12,4,0.637,0,44,0,0.0,0,73,Core,1
L00404,Referral,Manufacturing,SMB,78,LATAM,4,2,0.605,0,76,0,0.0,0,19,Enterprise Suite,0
L00405,Outbound,Retail,SMB,62,Europe,4,1,0.467,0,16,0,0.0,0,78,Enterprise Suite,0
L00406,Outbound,Retail,SMB,46,LATAM,5,0,0.705,0,86,1,10759.41,1,127,Core,0
L00407,Organic,Healthcare,Enterprise,4252,APAC,13,3,0.66,0,32,1,1575.85,0,16,Enterprise Suite,0
L00408,Outbound,Finance,Mid-market,722,Europe,5,6,0.202,0,11,0,0.0,1,125,Enterprise Suite,0
L00409,Referral,Retail,SMB,69,APAC,6,3,0.694,0,13,0,0.0,0,80,Enterprise Suite,0
L00410,Outbound,SaaS,Mid-market,167,Europe,3,2,0.645,0,52,0,0.0,1,131,Analytics,0
L00411,Event,SaaS,SMB,36,North America,13,3,0.573,0,82,1,3011.96,0,174,Enterprise Suite,1
L00412,Event,SaaS,SMB,58,LATAM,5,4,0.427,0,40,0,0.0,0,71,Enterprise Suite,0
L00413,Referral,Finance,Mid-market,730,Europe,2,1,0.168,0,16,0,0.0,0,66,Analytics,0
L00414,Outbound,Manufacturing,SMB,39,LATAM,10,0,0.508,0,69,0,0.0,1,67,Enterprise Suite,0
L00415,Referral,Manufacturing,SMB,93,LATAM,3,4,0.226,0,26,1,1495.55,0,137,Core,0
L00416,Organic,Finance,Mid-market,864,North America,4,1,0.461,0,17,2,1699.18,0,2,Enterprise Suite,1
L00417,Referral,Healthcare,SMB,29,Europe,9,0,0.417,0,58,0,0.0,0,121,Core,0
L00418,Event,Retail,Enterprise,2668,Europe,3,4,0.148,0,77,0,0.0,0,67,Enterprise Suite,0
L00419,Organic,Healthcare,Mid-market,766,Europe,4,1,0.512,0,85,1,41234.1,0,51,Analytics,0
L00420,Outbound,Finance,Enterprise,4786,North America,6,0,0.55,1,40,0,0.0,0,14,Analytics,0
L00421,Event,Finance,Mid-market,802,Europe,13,2,0.594,0,85,0,0.0,0,36,Enterprise Suite,1
L00422,Referral,Healthcare,Enterprise,4422,Europe,2,1,0.305,0,32,0,0.0,0,106,Analytics,0
L00423,Referral,SaaS,SMB,25,Europe,4,4,0.166,0,44,0,0.0,0,142,Enterprise Suite,0
L00424,Referral,Finance,Mid-market,446,APAC,2,1,0.33,0,64,0,0.0,0,14,Enterprise Suite,0
L00425,Paid search,Healthcare,Mid-market,399,LATAM,12,1,0.681,0,82,2,3775.62,0,24,Analytics,0
L00426,Outbound,Healthcare,Enterprise,7695,Europe,5,2,0.573,0,29,0,0.0,0,160,Core,0
L00427,Organic,Retail,SMB,56,LATAM,4,1,0.317,0,21,0,0.0,1,162,Core,0
L00428,Outbound,Finance,Mid-market,331,North America,5,0,0.354,0,80,0,0.0,0,95,Enterprise Suite,0
L00429,Referral,Healthcare,Mid-market,193,LATAM,11,2,0.505,0,12,0,0.0,0,102,Core,0
L00430,Outbound,Healthcare,SMB,83,North America,4,3,0.2,0,78,1,7032.02,0,149,Analytics,0
L00431,Outbound,Healthcare,Enterprise,7527,APAC,14,0,0.517,0,43,1,4294.38,0,105,Core,1
L00432,Event,Healthcare,SMB,21,North America,15,3,0.754,1,2,1,2398.28,0,105,Core,1
L00433,Event,Manufacturing,SMB,52,North America,16,2,0.559,0,66,0,0.0,0,1,Core,0
L00434,Outbound,Finance,Mid-market,145,Europe,12,0,0.47,0,16,0,0.0,0,111,Core,0
L00435,Referral,Retail,SMB,41,North America,4,0,0.185,1,41,2,20674.59,0,119,Enterprise Suite,0
L00436,Organic,Healthcare,SMB,15,APAC,15,0,0.581,1,66,1,1043.99,0,137,Core,0
L00437,Referral,Healthcare,SMB,53,Europe,3,5,0.624,0,41,1,2079.91,0,166,Analytics,1
L00438,Paid search,Healthcare,SMB,90,North America,8,1,0.81,0,48,0,0.0,1,20,Core,0
L00439,Event,Retail,Mid-market,829,LATAM,6,1,0.314,0,18,1,6119.05,0,54,Analytics,1
L00440,Paid search,Retail,Enterprise,3400,LATAM,14,2,0.494,1,7,0,0.0,0,25,Analytics,1
L00441,Outbound,SaaS,Mid-market,303,Europe,9,3,0.372,0,18,0,0.0,0,23,Enterprise Suite,0
L00442,Organic,Finance,SMB,30,North America,9,0,0.605,0,36,0,0.0,0,164,Enterprise Suite,0
L00443,Event,Retail,Mid-market,840,North America,17,3,0.568,1,26,0,0.0,0,159,Core,0
L00444,Organic,Retail,Enterprise,9307,LATAM,1,1,0.209,0,3,1,7344.59,0,28,Core,0
L00445,Organic,Finance,Mid-market,829,North America,8,2,0.476,0,40,1,914.0,1,127,Analytics,0
L00446,Event,Healthcare,SMB,36,LATAM,2,5,0.341,0,23,0,0.0,0,168,Core,0
L00447,Outbound,SaaS,SMB,28,North America,2,1,0.188,0,73,0,0.0,0,12,Enterprise Suite,0
L00448,Paid search,Retail,Enterprise,3570,Europe,6,2,0.531,0,15,0,0.0,0,20,Enterprise Suite,0
L00449,Referral,Finance,Enterprise,6391,Europe,2,1,0.194,0,52,1,2803.53,1,122,Core,0
L00450,Paid search,Healthcare,SMB,33,Europe,2,5,0.13,0,74,0,0.0,1,114,Analytics,0
L00451,Referral,Finance,Enterprise,5054,APAC,7,2,0.431,0,42,0,0.0,1,175,Analytics,0
L00452,Outbound,Finance,SMB,24,Europe,4,1,0.698,1,77,0,0.0,0,146,Core,1
L00453,Event,Healthcare,SMB,84,North America,1,1,0.375,1,66,0,0.0,0,113,Analytics,0
L00454,Organic,Healthcare,Mid-market,399,Europe,1,2,0.302,1,74,0,0.0,0,132,Analytics,0
L00455,Referral,Finance,Mid-market,230,APAC,14,2,0.821,1,29,1,3297.04,1,168,Analytics,1
L00456,Organic,Manufacturing,SMB,5,Europe,6,1,0.244,0,2,0,0.0,0,141,Enterprise Suite,0
L00457,Outbound,Retail,Enterprise,7643,LATAM,1,3,0.236,0,67,0,0.0,0,22,Analytics,0
L00458,Paid search,Finance,Enterprise,4891,APAC,2,1,0.109,1,67,4,17850.41,0,66,Enterprise Suite,0
L00459,Outbound,SaaS,SMB,72,APAC,8,1,0.721,1,82,0,0.0,0,86,Core,0
L00460,Paid search,Finance,Mid-market,310,LATAM,8,2,0.335,0,54,0,0.0,0,167,Core,0
L00461,Paid search,Retail,Mid-market,719,LATAM,5,4,0.395,0,48,1,4725.98,0,20,Analytics,1
L00462,Referral,Healthcare,Mid-market,694,North America,5,0,0.494,0,61,0,0.0,0,97,Analytics,0
L00463,Outbound,Manufacturing,Enterprise,2244,LATAM,3,2,0.491,0,66,1,4160.49,0,125,Analytics,0
L00464,Organic,Healthcare,Mid-market,618,Europe,10,0,0.621,0,4,0,0.0,0,37,Analytics,0
L00465,Paid search,Retail,SMB,41,North America,2,1,0.416,0,62,0,0.0,1,81,Analytics,0
L00466,Event,Retail,SMB,55,LATAM,6,2,0.534,0,18,1,421.52,0,164,Analytics,0
L00467,Event,Finance,Enterprise,8559,Europe,6,0,0.74,0,48,1,12631.25,0,82,Core,0
L00468,Outbound,Retail,Enterprise,3513,Europe,4,1,0.311,0,18,3,1718.24,0,151,Core,0
L00469,Referral,Healthcare,SMB,21,Europe,20,4,0.581,1,40,0,0.0,1,2,Enterprise Suite,1
L00470,Paid search,SaaS,SMB,91,Europe,3,0,0.233,0,14,0,0.0,0,112,Enterprise Suite,0
L00471,Organic,Finance,Mid-market,984,Europe,8,0,0.734,0,79,0,0.0,1,135,Analytics,0
L00472,Paid search,Healthcare,SMB,65,APAC,6,1,0.44,0,51,1,2851.52,0,76,Enterprise Suite,0
L00473,Referral,Manufacturing,SMB,81,LATAM,9,5,0.476,0,2,0,0.0,0,136,Analytics,0
L00474,Referral,Manufacturing,Enterprise,9779,Europe,5,2,0.415,1,30,1,1149.37,0,150,Analytics,0
L00475,Organic,Retail,Mid-market,901,APAC,12,2,0.423,0,7,1,5559.38,0,168,Analytics,0
L00476,Organic,Finance,Enterprise,5070,LATAM,4,4,0.248,1,41,0,0.0,0,141,Core,0
L00477,Paid search,Healthcare,Mid-market,347,Europe,12,3,0.471,0,21,0,0.0,0,19,Analytics,0
L00478,Paid search,Finance,SMB,49,LATAM,4,3,0.379,0,64,0,0.0,1,95,Enterprise Suite,0
L00479,Paid search,Finance,Enterprise,2759,Europe,11,1,0.528,0,86,0,0.0,0,54,Analytics,0
L00480,Paid search,Retail,SMB,59,North America,14,2,0.535,1,49,0,0.0,1,45,Enterprise Suite,1
L00481,Organic,Finance,SMB,98,Europe,25,2,0.725,1,0,1,673.13,1,69,Analytics,1
L00482,Organic,Manufacturing,Enterprise,7252,LATAM,12,1,0.391,0,40,0,0.0,1,131,Core,0
L00483,Paid search,Retail,Mid-market,121,APAC,8,1,0.378,1,86,0,0.0,0,23,Analytics,1
L00484,Organic,SaaS,Enterprise,8670,Europe,5,3,0.231,0,81,0,0.0,0,150,Analytics,0
L00485,Referral,SaaS,SMB,23,APAC,6,2,0.452,1,47,0,0.0,0,52,Enterprise Suite,1
L00486,Paid search,Healthcare,Enterprise,2665,APAC,6,1,0.572,0,57,3,14745.27,0,33,Analytics,0
L00487,Paid search,Healthcare,Mid-market,512,APAC,8,0,0.402,0,31,0,0.0,1,16,Analytics,1
L00488,Organic,Retail,Mid-market,627,LATAM,3,0,0.416,0,61,0,0.0,0,25,Analytics,0
L00489,Paid search,SaaS,Enterprise,8673,Europe,15,2,0.678,0,78,1,1267.58,0,8,Enterprise Suite,0
L00490,Paid search,SaaS,SMB,22,LATAM,8,0,0.49,1,16,0,0.0,0,138,Analytics,0
L00491,Event,SaaS,Mid-market,400,LATAM,4,0,0.536,0,83,0,0.0,0,159,Analytics,0
L00492,Event,Finance,Mid-market,235,APAC,9,1,0.521,0,54,0,0.0,0,156,Core,0
L00493,Event,Manufacturing,Mid-market,511,LATAM,4,1,0.178,0,5,0,0.0,0,13,Enterprise Suite,0
L00494,Organic,Manufacturing,Enterprise,8898,North America,2,1,0.394,1,46,0,0.0,0,56,Analytics,0
L00495,Outbound,Healthcare,Mid-market,504,Europe,7,3,0.676,0,13,0,0.0,1,85,Enterprise Suite,1
L00496,Paid search,Healthcare,SMB,5,APAC,3,3,0.171,1,84,1,2303.7,0,107,Analytics,0
L00497,Paid search,Finance,SMB,27,North America,10,5,0.47,1,83,0,0.0,1,64,Core,1
L00498,Paid search,Manufacturing,Enterprise,4299,APAC,8,1,0.465,0,66,0,0.0,0,21,Analytics,0
L00499,Organic,Retail,Enterprise,3865,North America,7,4,0.362,0,17,2,11995.81,0,101,Core,1
L00500,Paid search,Manufacturing,Enterprise,6550,LATAM,4,0,0.486,0,75,0,0.0,0,141,Analytics,0
L00501,Event,Healthcare,SMB,6,LATAM,8,4,0.506,0,87,0,0.0,0,168,Enterprise Suite,0
L00502,Outbound,SaaS,SMB,30,North America,2,4,0.549,1,59,0,0.0,0,146,Core,0
L00503,Outbound,Finance,Mid-market,556,North America,12,3,0.751,0,46,0,0.0,1,75,Enterprise Suite,0
L00504,Paid search,Retail,Mid-market,110,APAC,5,3,0.74,0,29,0,0.0,1,31,Enterprise Suite,1
L00505,Paid search,Finance,SMB,65,Europe,1,1,0.243,0,51,0,0.0,1,171,Enterprise Suite,0
L00506,Outbound,Retail,Mid-market,631,Europe,3,2,0.324,0,59,1,1288.83,0,135,Analytics,0
L00507,Organic,SaaS,SMB,13,LATAM,4,2,0.374,0,19,0,0.0,0,138,Enterprise Suite,1
L00508,Outbound,Finance,SMB,91,LATAM,7,3,0.6,1,87,0,0.0,1,70,Analytics,1
L00509,Paid search,Finance,SMB,44,North America,5,1,0.565,0,53,1,6442.06,1,38,Enterprise Suite,0
L00510,Referral,Retail,SMB,24,Europe,17,3,0.743,1,29,0,0.0,0,94,Analytics,1
L00511,Referral,Manufacturing,SMB,13,Europe,9,6,0.457,0,4,2,1285.57,0,176,Core,1
L00512,Outbound,Manufacturing,Enterprise,6136,LATAM,7,4,0.266,0,15,1,2689.07,0,164,Enterprise Suite,0
L00513,Referral,Retail,Mid-market,158,North America,2,4,0.239,0,65,0,0.0,0,85,Core,0
L00514,Organic,Manufacturing,Enterprise,5885,APAC,4,3,0.32,0,28,0,0.0,1,155,Enterprise Suite,0
L00515,Organic,Manufacturing,SMB,91,North America,4,3,0.448,0,16,0,0.0,0,130,Analytics,0
L00516,Organic,Manufacturing,SMB,46,Europe,8,1,0.537,1,70,0,0.0,0,78,Enterprise Suite,0
L00517,Organic,SaaS,SMB,30,Europe,14,1,0.781,1,70,0,0.0,1,6,Analytics,1
L00518,Event,Healthcare,Mid-market,463,North America,11,2,0.559,0,7,0,0.0,1,151,Analytics,1
L00519,Referral,Manufacturing,SMB,79,LATAM,10,3,0.6,0,29,0,0.0,0,30,Analytics,0
L00520,Outbound,SaaS,Mid-market,969,APAC,2,3,0.587,0,83,0,0.0,1,48,Analytics,0
L00521,Outbound,SaaS,Mid-market,671,LATAM,2,4,0.564,1,11,0,0.0,1,156,Core,1
L00522,Organic,Healthcare,Enterprise,3669,Europe,11,2,0.835,0,64,0,0.0,0,26,Analytics,0
L00523,Organic,Retail,SMB,68,Europe,6,3,0.486,0,33,0,0.0,0,3,Core,0
L00524,Paid search,Manufacturing,Mid-market,500,Europe,16,2,0.895,1,54,0,0.0,0,69,Analytics,1
L00525,Referral,Retail,SMB,91,LATAM,4,1,0.296,1,54,0,0.0,0,129,Core,0
L00526,Organic,SaaS,SMB,94,LATAM,3,5,0.621,0,15,1,1265.79,0,89,Core,1
L00527,Outbound,Manufacturing,Mid-market,326,LATAM,4,2,0.445,0,62,0,0.0,0,62,Enterprise Suite,0
L00528,Outbound,Manufacturing,Mid-market,566,Europe,9,0,0.454,0,48,0,0.0,0,100,Analytics,0
L00529,Event,Healthcare,Mid-market,629,North America,11,2,0.706,0,30,1,2036.89,0,87,Core,0
L00530,Organic,SaaS,SMB,73,North America,8,2,0.769,0,1,0,0.0,1,33,Enterprise Suite,1
L00531,Event,Retail,Enterprise,3006,North America,8,0,0.607,0,89,2,4337.82,0,30,Analytics,0
L00532,Event,Finance,Enterprise,2000,North America,13,2,1.0,0,51,1,1661.62,0,86,Analytics,1
L00533,Organic,Healthcare,SMB,16,LATAM,7,2,0.274,0,29,0,0.0,1,112,Enterprise Suite,0
L00534,Event,Retail,Enterprise,8014,LATAM,4,1,0.586,1,26,0,0.0,1,34,Analytics,1
L00535,Referral,Manufacturing,SMB,18,APAC,7,3,0.9,0,30,0,0.0,1,36,Enterprise Suite,1
L00536,Organic,Manufacturing,Mid-market,718,APAC,5,2,0.556,1,48,0,0.0,0,67,Enterprise Suite,0
L00537,Paid search,Manufacturing,Enterprise,8682,North America,4,1,0.178,0,84,0,0.0,0,14,Analytics,0
L00538,Organic,Finance,Mid-market,906,LATAM,5,3,0.216,0,32,0,0.0,0,107,Analytics,0
L00539,Organic,Manufacturing,Mid-market,184,Europe,8,2,0.94,0,74,0,0.0,0,43,Analytics,1
L00540,Outbound,Finance,SMB,8,LATAM,17,1,0.947,0,39,1,1051.98,1,65,Analytics,0
L00541,Outbound,Finance,Mid-market,651,North America,13,4,0.641,1,48,0,0.0,0,82,Enterprise Suite,0
L00542,Paid search,Healthcare,Mid-market,221,LATAM,3,1,0.558,0,50,1,7902.97,0,2,Core,0
L00543,Outbound,Manufacturing,SMB,46,Europe,10,0,0.662,0,80,0,0.0,0,114,Enterprise Suite,0
L00544,Outbound,Healthcare,SMB,99,Europe,3,1,0.398,0,85,0,0.0,0,123,Enterprise Suite,0
L00545,Referral,Retail,Mid-market,966,LATAM,6,2,0.252,1,52,0,0.0,0,87,Core,0
L00546,Paid search,Finance,Mid-market,179,Europe,4,2,0.27,0,88,1,33406.52,0,91,Core,0
L00547,Organic,Finance,Mid-market,248,North America,5,3,0.388,0,39,0,0.0,1,95,Core,0
L00548,Referral,Healthcare,Enterprise,9418,North America,6,5,0.755,0,55,1,4947.4,0,25,Enterprise Suite,1
L00549,Event,Retail,Mid-market,894,Europe,3,2,0.214,0,78,0,0.0,0,14,Enterprise Suite,0
L00550,Paid search,Finance,SMB,75,APAC,14,3,0.551,0,12,0,0.0,0,16,Core,1
L00551,Paid search,Manufacturing,SMB,57,LATAM,5,2,0.571,0,69,1,20577.13,1,93,Enterprise Suite,0
L00552,Organic,Retail,Mid-market,568,North America,13,1,0.64,0,4,2,908.72,0,70,Enterprise Suite,0
L00553,Organic,Retail,Mid-market,838,North America,3,2,0.498,0,5,0,0.0,1,52,Core,0
L00554,Outbound,Finance,Mid-market,715,LATAM,4,1,0.511,0,89,0,0.0,0,170,Enterprise Suite,0
L00555,Referral,Finance,Mid-market,583,LATAM,8,4,0.276,1,7,2,2134.06,0,80,Core,1
L00556,Organic,SaaS,Mid-market,621,LATAM,13,1,0.732,0,56,1,7932.73,0,66,Analytics,0
L00557,Organic,Healthcare,Mid-market,922,North America,11,1,1.0,1,57,0,0.0,0,43,Core,0
L00558,Paid search,Finance,Enterprise,3199,APAC,5,0,0.23,0,53,0,0.0,0,177,Core,0
L00559,Paid search,SaaS,SMB,19,LATAM,6,2,0.361,1,8,2,4072.68,0,142,Core,1
L00560,Paid search,Healthcare,Mid-market,622,APAC,1,1,0.555,0,3,0,0.0,0,131,Enterprise Suite,0
L00561,Referral,Finance,Mid-market,512,LATAM,5,1,0.495,1,2,0,0.0,1,4,Enterprise Suite,1
L00562,Organic,SaaS,SMB,19,Europe,3,1,0.624,0,84,1,890.82,1,176,Analytics,0
L00563,Outbound,Retail,Mid-market,918,APAC,15,4,0.488,1,67,0,0.0,0,81,Analytics,0
L00564,Paid search,Healthcare,Mid-market,919,APAC,7,2,0.814,0,14,0,0.0,0,155,Core,0
L00565,Event,Manufacturing,Mid-market,274,Europe,7,2,0.578,1,42,0,0.0,1,70,Enterprise Suite,0
L00566,Event,Healthcare,Mid-market,367,Europe,3,2,0.522,0,48,0,0.0,0,147,Core,0
L00567,Event,Retail,SMB,59,APAC,13,2,0.502,0,35,1,2359.79,0,59,Enterprise Suite,1
L00568,Referral,Manufacturing,SMB,98,North America,5,3,0.347,0,27,0,0.0,0,32,Analytics,0
L00569,Organic,Manufacturing,SMB,39,North America,3,3,0.495,0,10,1,4214.89,0,121,Analytics,1
L00570,Paid search,Retail,SMB,82,APAC,19,0,0.625,1,34,0,0.0,1,57,Enterprise Suite,1
L00571,Organic,Finance,Mid-market,789,Europe,8,4,0.428,1,2,0,0.0,0,45,Analytics,0
L00572,Outbound,Healthcare,Enterprise,3532,North America,7,3,0.383,0,29,1,1057.08,0,123,Core,1
L00573,Paid search,SaaS,Mid-market,484,APAC,2,1,0.202,0,63,0,0.0,0,98,Enterprise Suite,0
L00574,Event,Healthcare,SMB,18,North America,15,0,0.793,0,23,1,4285.4,0,60,Analytics,0
L00575,Outbound,Retail,SMB,78,LATAM,2,0,0.242,0,87,1,1268.28,0,148,Enterprise Suite,0
L00576,Paid search,SaaS,SMB,28,Europe,9,2,0.594,1,23,1,3772.22,1,105,Enterprise Suite,1
L00577,Outbound,Healthcare,Mid-market,320,North America,4,1,0.489,0,78,0,0.0,0,146,Core,0
L00578,Paid search,Manufacturing,SMB,69,LATAM,5,1,0.4,1,7,0,0.0,0,18,Enterprise Suite,1
L00579,Outbound,Finance,Mid-market,493,APAC,7,4,0.181,1,51,0,0.0,1,84,Enterprise Suite,1
L00580,Organic,Finance,Mid-market,490,LATAM,1,4,0.75,0,1,0,0.0,1,89,Core,0
L00581,Paid search,SaaS,Mid-market,388,North America,5,4,0.355,0,41,0,0.0,0,30,Core,1
L00582,Paid search,Manufacturing,SMB,50,APAC,9,2,0.552,0,36,1,524.24,0,134,Analytics,0
L00583,Referral,Finance,SMB,86,LATAM,12,2,0.667,0,8,2,2381.81,0,176,Core,1
L00584,Organic,Manufacturing,Mid-market,438,APAC,2,3,0.141,0,7,0,0.0,0,139,Core,0
L00585,Outbound,SaaS,Mid-market,167,Europe,3,2,0.225,0,63,0,0.0,0,44,Core,0
L00586,Paid search,SaaS,SMB,26,Europe,5,1,0.624,0,31,0,0.0,0,70,Core,0
L00587,Organic,Healthcare,Enterprise,5504,LATAM,3,1,0.552,0,21,1,783.73,0,15,Enterprise Suite,0
L00588,Organic,SaaS,Mid-market,480,North America,10,2,0.317,0,21,0,0.0,1,131,Enterprise Suite,1
L00589,Organic,SaaS,SMB,55,North America,15,3,1.0,1,43,1,5417.31,1,169,Core,0
L00590,Referral,Retail,SMB,74,Europe,6,0,0.44,0,44,0,0.0,0,101,Core,0
L00591,Outbound,SaaS,SMB,75,LATAM,8,0,0.422,0,70,0,0.0,1,154,Enterprise Suite,0
L00592,Paid search,Finance,SMB,77,LATAM,7,4,0.246,1,56,1,7672.08,0,62,Analytics,1
L00593,Organic,Retail,SMB,13,APAC,11,8,0.363,1,61,0,0.0,0,75,Analytics,1
L00594,Paid search,Finance,Mid-market,560,Europe,8,2,0.492,0,35,2,10114.44,0,12,Enterprise Suite,0
L00595,Referral,Retail,SMB,62,Europe,7,2,0.259,1,83,0,0.0,1,163,Analytics,1
L00596,Organic,Finance,Enterprise,1634,LATAM,5,6,0.625,1,41,0,0.0,1,10,Core,1
L00597,Event,Finance,Enterprise,4556,North America,3,2,0.386,0,74,0,0.0,0,97,Analytics,0
L00598,Paid search,Retail,SMB,51,APAC,5,1,0.386,1,89,0,0.0,0,28,Core,0
L00599,Outbound,SaaS,SMB,31,APAC,2,3,0.429,0,67,0,0.0,0,134,Core,1
L00600,Paid search,Manufacturing,Mid-market,190,North America,8,6,0.334,0,39,0,0.0,1,144,Core,0
L00601,Paid search,SaaS,Enterprise,7727,Europe,3,5,0.574,0,86,2,869.18,0,12,Enterprise Suite,0
L00602,Event,SaaS,Enterprise,6282,LATAM,7,1,0.584,0,37,0,0.0,0,20,Analytics,0
L00603,Outbound,Manufacturing,SMB,61,APAC,4,2,0.216,0,5,0,0.0,0,172,Analytics,0
L00604,Event,Manufacturing,SMB,19,Europe,8,1,0.312,1,51,1,1436.27,0,85,Core,0
L00605,Outbound,SaaS,SMB,24,LATAM,1,1,0.357,0,50,1,662.57,0,120,Core,0
L00606,Outbound,Manufacturing,Enterprise,7482,North America,2,3,0.155,0,2,0,0.0,0,18,Analytics,0
L00607,Outbound,Retail,Mid-market,354,LATAM,8,7,0.352,0,77,0,0.0,0,172,Enterprise Suite,0
L00608,Referral,SaaS,Mid-market,217,LATAM,12,1,0.951,1,44,0,0.0,0,127,Enterprise Suite,0
L00609,Event,Manufacturing,Mid-market,166,LATAM,14,4,0.63,1,75,1,2637.57,0,169,Analytics,1
L00610,Paid search,SaaS,SMB,88,LATAM,6,2,0.469,1,3,0,0.0,0,14,Analytics,0
L00611,Paid search,SaaS,Mid-market,440,APAC,13,5,0.729,0,23,0,0.0,0,168,Analytics,1
L00612,Event,SaaS,SMB,41,LATAM,13,4,0.611,1,24,0,0.0,0,113,Core,1
L00613,Outbound,Retail,Mid-market,829,Europe,1,2,0.266,0,72,1,1877.02,0,63,Core,0
L00614,Outbound,Finance,Mid-market,128,LATAM,5,2,0.599,0,70,0,0.0,0,121,Core,0
L00615,Organic,Finance,Mid-market,532,Europe,5,2,0.751,0,4,0,0.0,1,137,Core,1
L00616,Event,Finance,SMB,39,APAC,2,0,0.142,1,18,1,595.5,0,32,Analytics,1
L00617,Event,Finance,Enterprise,3961,North America,17,3,0.998,1,16,0,0.0,0,123,Core,1
L00618,Organic,Healthcare,Mid-market,921,APAC,10,1,0.788,0,44,0,0.0,1,40,Core,0
L00619,Referral,Manufacturing,SMB,12,APAC,17,1,0.65,0,66,0,0.0,1,112,Enterprise Suite,1
L00620,Referral,Finance,SMB,8,APAC,4,2,0.598,0,62,0,0.0,1,174,Enterprise Suite,0
L00621,Event,Healthcare,Mid-market,432,LATAM,4,2,0.458,0,6,0,0.0,1,59,Analytics,0
L00622,Paid search,Retail,SMB,31,Europe,4,2,0.334,1,88,0,0.0,0,22,Core,0
L00623,Outbound,Healthcare,SMB,55,Europe,14,3,0.644,1,82,1,13170.56,0,91,Enterprise Suite,0
L00624,Paid search,SaaS,SMB,9,APAC,11,2,0.73,0,57,0,0.0,1,146,Core,1
L00625,Outbound,Healthcare,SMB,80,North America,7,0,0.35,0,81,0,0.0,0,45,Analytics,0
L00626,Paid search,Retail,SMB,26,North America,5,1,0.24,0,79,1,3629.38,1,127,Enterprise Suite,0
L00627,Outbound,Manufacturing,Mid-market,166,Europe,12,2,0.861,1,80,0,0.0,1,84,Core,0
L00628,Referral,SaaS,SMB,21,North America,6,0,0.53,1,18,1,12398.36,0,39,Enterprise Suite,0
L00629,Paid search,Finance,Mid-market,633,APAC,6,5,0.544,0,57,1,1830.87,0,90,Core,0
L00630,Outbound,Retail,SMB,79,APAC,9,2,0.541,0,6,0,0.0,0,158,Core,1
L00631,Outbound,Manufacturing,SMB,15,APAC,5,1,0.767,1,1,0,0.0,1,168,Enterprise Suite,1
L00632,Outbound,Manufacturing,SMB,46,APAC,4,4,0.662,1,44,0,0.0,0,13,Analytics,0
L00633,Referral,Healthcare,Mid-market,774,Europe,7,1,0.773,1,85,0,0.0,0,171,Analytics,0
L00634,Organic,Retail,Enterprise,8706,Europe,6,3,0.978,1,51,0,0.0,0,100,Analytics,0
L00635,Referral,SaaS,SMB,22,North America,15,1,0.64,1,84,0,0.0,0,61,Enterprise Suite,1
L00636,Referral,Manufacturing,SMB,51,LATAM,5,3,0.316,0,28,0,0.0,0,29,Analytics,0
L00637,Event,SaaS,SMB,68,APAC,6,4,0.457,0,59,0,0.0,0,129,Enterprise Suite,1
L00638,Event,Finance,SMB,95,APAC,11,3,0.65,0,64,1,1603.24,0,100,Enterprise Suite,1
L00639,Event,Healthcare,Enterprise,4757,Europe,6,5,0.567,0,5,2,6129.29,0,164,Enterprise Suite,0
L00640,Outbound,Healthcare,SMB,6,North America,5,4,0.325,0,49,0,0.0,1,104,Analytics,0
L00641,Event,Finance,Enterprise,1979,North America,5,2,0.495,0,72,0,0.0,0,72,Analytics,0
L00642,Outbound,Finance,Mid-market,189,North America,11,0,0.538,1,53,0,0.0,0,1,Analytics,1
L00643,Referral,Retail,Mid-market,437,North America,7,0,0.67,1,78,0,0.0,1,34,Enterprise Suite,1
L00644,Organic,Finance,Enterprise,3945,Europe,13,2,0.441,0,80,0,0.0,0,144,Enterprise Suite,0
L00645,Paid search,SaaS,SMB,65,APAC,10,2,0.337,1,89,0,0.0,0,2,Enterprise Suite,1
L00646,Outbound,Retail,Mid-market,241,Europe,6,1,0.524,0,14,0,0.0,0,33,Analytics,0
L00647,Referral,Retail,SMB,31,APAC,1,3,0.377,0,58,1,2457.89,0,139,Enterprise Suite,0
L00648,Paid search,SaaS,Enterprise,4917,North America,16,1,0.487,1,29,1,1018.46,0,20,Enterprise Suite,0
L00649,Event,Retail,Mid-market,653,LATAM,4,2,0.16,0,16,0,0.0,0,142,Enterprise Suite,0
L00650,Referral,Finance,SMB,80,North America,10,3,0.592,1,68,2,8237.59,1,140,Core,0
L00651,Organic,Manufacturing,Enterprise,7649,North America,6,1,0.366,0,87,1,5356.5,0,153,Enterprise Suite,1
L00652,Outbound,Retail,SMB,85,LATAM,6,1,0.282,0,44,1,9144.91,1,30,Enterprise Suite,1
L00653,Event,Manufacturing,SMB,40,APAC,6,1,0.587,0,30,1,18889.34,0,15,Enterprise Suite,0
L00654,Organic,Manufacturing,Mid-market,744,North America,2,3,0.258,1,79,0,0.0,0,176,Core,0
L00655,Outbound,SaaS,SMB,32,APAC,5,2,0.8,1,1,0,0.0,0,59,Enterprise Suite,1
L00656,Organic,Manufacturing,Enterprise,6953,LATAM,3,1,0.614,0,14,1,2685.84,0,163,Core,1
L00657,Outbound,Healthcare,Mid-market,791,LATAM,4,4,0.567,0,57,0,0.0,0,16,Enterprise Suite,1
L00658,Organic,Healthcare,Mid-market,325,North America,10,1,0.739,0,41,0,0.0,1,16,Enterprise Suite,0
L00659,Paid search,Finance,SMB,58,LATAM,5,1,0.531,0,1,0,0.0,0,99,Core,0
L00660,Organic,Finance,SMB,71,APAC,5,0,0.623,1,69,0,0.0,0,100,Analytics,0
L00661,Organic,Finance,Enterprise,7619,LATAM,5,1,0.33,0,75,0,0.0,0,94,Enterprise Suite,0
L00662,Outbound,Retail,SMB,82,APAC,6,3,0.776,0,56,0,0.0,1,109,Analytics,1
L00663,Organic,Retail,Mid-market,141,APAC,16,3,0.792,0,63,1,13854.23,0,18,Enterprise Suite,0
L00664,Referral,Finance,SMB,15,North America,12,0,0.546,1,13,0,0.0,0,15,Analytics,1
L00665,Organic,Finance,SMB,83,LATAM,6,1,0.298,1,11,0,0.0,0,101,Enterprise Suite,1
L00666,Event,Retail,Mid-market,609,APAC,17,4,0.828,0,62,0,0.0,0,167,Enterprise Suite,0
L00667,Outbound,Retail,Mid-market,786,LATAM,8,2,0.702,0,34,0,0.0,1,167,Core,1
L00668,Outbound,Retail,Mid-market,786,APAC,6,2,0.552,0,49,0,0.0,1,57,Core,1
L00669,Organic,Manufacturing,Enterprise,3497,North America,2,1,0.526,0,76,0,0.0,0,52,Analytics,0
L00670,Organic,Manufacturing,SMB,83,LATAM,4,1,0.276,0,87,0,0.0,0,13,Core,0
L00671,Referral,SaaS,SMB,15,LATAM,3,1,0.652,1,4,0,0.0,0,138,Enterprise Suite,1
L00672,Paid search,Retail,SMB,33,APAC,1,1,0.168,0,57,0,0.0,0,173,Analytics,0
L00673,Outbound,Finance,Mid-market,170,Europe,6,2,0.667,0,80,1,33520.61,0,34,Core,1
L00674,Event,Finance,SMB,15,Europe,6,2,0.693,0,28,0,0.0,0,38,Core,0
L00675,Paid search,Healthcare,Mid-market,548,APAC,1,2,0.319,0,50,2,19581.13,0,14,Enterprise Suite,0
L00676,Organic,SaaS,SMB,94,Europe,3,2,0.395,0,48,0,0.0,0,66,Enterprise Suite,0
L00677,Outbound,Finance,Mid-market,764,APAC,5,2,0.334,0,67,1,1391.75,0,125,Analytics,0
L00678,Paid search,Finance,Mid-market,422,North America,8,2,0.663,0,12,0,0.0,0,92,Enterprise Suite,1
L00679,Referral,Retail,Enterprise,8104,North America,5,4,0.284,1,35,1,17492.75,0,137,Analytics,1
L00680,Organic,Manufacturing,SMB,52,Europe,8,0,0.567,0,67,0,0.0,1,48,Enterprise Suite,0
L00681,Referral,Manufacturing,Enterprise,2135,Europe,6,2,0.41,1,41,1,2589.62,0,140,Analytics,1
L00682,Organic,Finance,SMB,15,Europe,3,2,0.442,0,77,0,0.0,1,155,Enterprise Suite,0
L00683,Referral,Healthcare,SMB,61,Europe,4,1,0.667,1,24,0,0.0,0,9,Enterprise Suite,1
L00684,Paid search,Finance,SMB,95,APAC,6,1,0.658,0,52,1,2553.68,0,95,Core,0
L00685,Paid search,Retail,SMB,14,APAC,16,2,0.589,0,81,1,12987.55,0,149,Core,0
L00686,Organic,Finance,Mid-market,169,Europe,18,2,0.615,1,51,0,0.0,1,106,Analytics,1
L00687,Paid search,SaaS,SMB,16,North America,5,2,0.372,0,63,0,0.0,1,61,Core,0
L00688,Outbound,Finance,SMB,18,North America,5,1,0.829,0,9,1,1357.46,1,125,Core,0
L00689,Event,SaaS,Mid-market,897,Europe,3,1,0.403,1,22,0,0.0,0,133,Enterprise Suite,1
L00690,Paid search,Healthcare,Enterprise,9628,Europe,6,1,0.193,1,16,1,5587.51,0,171,Core,0
L00691,Organic,Healthcare,Mid-market,249,LATAM,6,4,0.621,0,74,1,3592.13,1,155,Enterprise Suite,1
L00692,Outbound,Retail,Mid-market,213,APAC,6,1,0.6,1,86,0,0.0,0,136,Enterprise Suite,0
L00693,Organic,Manufacturing,SMB,13,North America,6,2,0.442,1,89,0,0.0,1,47,Enterprise Suite,1
L00694,Organic,Finance,Mid-market,448,APAC,8,3,0.389,0,35,0,0.0,0,34,Enterprise Suite,0
L00695,Outbound,Finance,SMB,68,LATAM,12,3,0.313,0,20,0,0.0,0,14,Analytics,0
L00696,Paid search,Finance,SMB,83,North America,7,2,0.448,1,69,0,0.0,1,137,Enterprise Suite,0
L00697,Event,Retail,SMB,70,Europe,17,1,0.574,0,34,0,0.0,1,65,Analytics,0
L00698,Paid search,Manufacturing,Mid-market,207,Europe,14,4,0.466,1,80,0,0.0,0,101,Core,1
L00699,Event,SaaS,SMB,51,APAC,6,1,0.603,0,23,1,7675.01,0,34,Enterprise Suite,1
L00700,Organic,Manufacturing,Mid-market,549,North America,17,4,0.912,1,8,1,15248.97,1,162,Enterprise Suite,1
L00701,Organic,Retail,SMB,42,Europe,4,2,0.262,0,23,1,3799.88,0,146,Analytics,0
L00702,Organic,Retail,SMB,43,APAC,6,0,0.575,0,80,0,0.0,0,172,Enterprise Suite,0
L00703,Organic,Retail,SMB,7,APAC,7,2,0.327,0,26,0,0.0,0,106,Analytics,0
L00704,Outbound,Manufacturing,SMB,66,APAC,4,0,0.672,0,15,1,14264.38,0,170,Core,0
L00705,Organic,Healthcare,SMB,21,North America,1,1,0.311,0,56,1,1497.21,0,81,Core,0
L00706,Paid search,Manufacturing,Mid-market,204,APAC,5,1,0.617,0,69,0,0.0,0,115,Enterprise Suite,0
L00707,Outbound,Healthcare,Mid-market,433,Europe,5,1,0.451,0,46,1,8392.69,1,137,Core,0
L00708,Outbound,Manufacturing,SMB,38,Europe,15,0,0.531,0,24,0,0.0,0,131,Core,0
L00709,Paid search,Retail,Mid-market,511,North America,9,2,0.568,1,81,0,0.0,0,133,Analytics,1
L00710,Paid search,Finance,SMB,14,Europe,7,1,0.389,1,76,0,0.0,0,73,Analytics,0
L00711,Outbound,Manufacturing,SMB,24,LATAM,5,2,0.413,0,55,0,0.0,0,137,Analytics,0
L00712,Event,Manufacturing,SMB,89,North America,14,4,0.77,1,41,1,6658.92,0,150,Core,1
L00713,Outbound,Manufacturing,SMB,55,Europe,2,2,0.146,0,72,0,0.0,0,53,Analytics,0
L00714,Outbound,Healthcare,SMB,63,APAC,8,7,0.447,0,41,0,0.0,0,5,Enterprise Suite,0
L00715,Outbound,SaaS,Mid-market,422,Europe,2,1,0.4,0,53,1,5600.92,0,163,Core,0
L00716,Organic,Retail,SMB,68,North America,0,1,0.21,0,52,0,0.0,0,88,Analytics,0
L00717,Paid search,Finance,Mid-market,488,LATAM,7,2,0.696,0,47,0,0.0,1,10,Core,1
L00718,Referral,Finance,SMB,51,APAC,7,3,0.745,1,76,0,0.0,0,158,Analytics,0
L00719,Event,Retail,Mid-market,346,LATAM,4,5,0.172,1,37,0,0.0,0,12,Enterprise Suite,0
L00720,Outbound,SaaS,Mid-market,318,North America,13,3,0.845,0,26,0,0.0,1,171,Enterprise Suite,1
L00721,Paid search,SaaS,SMB,74,APAC,6,1,0.277,1,45,0,0.0,0,119,Core,1
L00722,Paid search,Retail,SMB,55,LATAM,5,3,0.52,0,88,1,1868.17,0,154,Enterprise Suite,0
L00723,Referral,Healthcare,Mid-market,953,Europe,2,2,0.648,0,44,1,2171.77,1,38,Analytics,1
L00724,Outbound,SaaS,Enterprise,6464,North America,9,1,0.757,0,75,1,7528.75,1,3,Analytics,0
L00725,Referral,Healthcare,Enterprise,9461,APAC,6,0,0.257,0,79,2,4366.72,0,51,Enterprise Suite,0
L00726,Referral,Finance,SMB,65,North America,13,1,0.469,0,34,2,19610.21,1,122,Core,1
L00727,Organic,SaaS,Mid-market,489,APAC,12,3,0.843,1,47,0,0.0,0,119,Core,1
L00728,Referral,Manufacturing,SMB,60,North America,6,3,0.289,0,2,1,13889.14,1,108,Enterprise Suite,0
L00729,Paid search,Manufacturing,SMB,21,APAC,3,1,0.375,1,35,2,20118.62,0,109,Analytics,1
L00730,Paid search,Healthcare,Mid-market,995,APAC,1,0,0.324,0,15,0,0.0,0,2,Enterprise Suite,0
L00731,Organic,Retail,Mid-market,937,Europe,6,3,0.501,0,11,1,6740.74,0,84,Core,0
L00732,Referral,Manufacturing,Mid-market,443,North America,8,2,0.489,0,50,1,784.93,0,53,Analytics,1
L00733,Referral,Manufacturing,Enterprise,6266,LATAM,6,1,0.607,1,56,1,3269.36,1,160,Enterprise Suite,1
L00734,Organic,Retail,SMB,18,LATAM,4,4,0.518,0,74,0,0.0,0,11,Enterprise Suite,0
L00735,Referral,SaaS,Mid-market,565,APAC,9,3,0.8,1,51,0,0.0,0,48,Enterprise Suite,1
L00736,Event,Manufacturing,SMB,77,Europe,17,3,0.65,0,84,0,0.0,0,97,Analytics,0
L00737,Organic,SaaS,SMB,50,APAC,6,0,0.408,1,21,0,0.0,1,156,Analytics,0
L00738,Organic,Finance,SMB,47,APAC,12,1,0.52,0,34,1,2901.25,1,120,Core,0
L00739,Organic,Finance,Enterprise,7441,Europe,14,3,0.699,1,80,3,10527.95,0,36,Core,1
L00740,Paid search,Retail,SMB,59,North America,4,3,0.206,0,3,0,0.0,0,128,Analytics,0
L00741,Referral,SaaS,SMB,15,North America,8,4,0.408,0,61,0,0.0,0,148,Enterprise Suite,0
L00742,Referral,Manufacturing,Mid-market,389,LATAM,13,3,1.0,0,63,0,0.0,1,19,Enterprise Suite,0
L00743,Outbound,Healthcare,Enterprise,5208,North America,3,0,0.124,0,26,0,0.0,0,126,Core,0
L00744,Referral,Manufacturing,Enterprise,8914,LATAM,9,0,0.668,1,28,0,0.0,1,92,Core,0
L00745,Paid search,SaaS,Mid-market,190,Europe,4,0,0.405,0,49,0,0.0,1,133,Enterprise Suite,0
L00746,Paid search,SaaS,SMB,67,North America,3,0,0.265,0,53,0,0.0,0,71,Enterprise Suite,0
L00747,Organic,Healthcare,Mid-market,655,Europe,2,1,0.319,0,12,0,0.0,0,63,Core,0
L00748,Paid search,SaaS,Mid-market,772,Europe,6,1,0.324,0,36,1,5721.84,0,93,Enterprise Suite,0
L00749,Outbound,Retail,Enterprise,7913,North America,7,1,0.728,0,73,1,827.86,0,171,Enterprise Suite,1
L00750,Outbound,Healthcare,Mid-market,893,North America,7,2,0.433,0,56,1,2087.64,1,152,Core,1
L00751,Organic,Finance,SMB,41,Europe,16,1,0.858,0,12,0,0.0,0,98,Analytics,1
L00752,Organic,Retail,SMB,14,APAC,15,2,0.799,1,22,0,0.0,1,171,Analytics,1
L00753,Organic,Manufacturing,Mid-market,102,APAC,2,0,0.088,0,3,0,0.0,0,94,Analytics,1
L00754,Paid search,SaaS,SMB,54,North America,6,3,0.348,0,14,0,0.0,1,10,Enterprise Suite,1
L00755,Event,SaaS,SMB,86,APAC,3,3,0.72,0,5,0,0.0,0,148,Analytics,0
L00756,Organic,Healthcare,SMB,46,North America,3,2,0.124,0,15,1,184.49,0,49,Enterprise Suite,0
L00757,Organic,SaaS,Mid-market,994,APAC,4,3,0.285,0,70,0,0.0,1,93,Core,0
L00758,Outbound,SaaS,Enterprise,4608,Europe,8,5,0.643,0,82,0,0.0,1,167,Enterprise Suite,1
L00759,Referral,Healthcare,Mid-market,347,Europe,8,2,0.551,0,82,0,0.0,0,127,Analytics,0
L00760,Paid search,Retail,Enterprise,5344,North America,7,2,0.482,0,78,0,0.0,0,114,Core,0
L00761,Event,Manufacturing,Mid-market,119,North America,11,3,0.66,1,2,1,12833.75,1,150,Core,1
L00762,Organic,Finance,Mid-market,363,APAC,1,2,0.05,0,76,0,0.0,0,129,Core,0
L00763,Referral,Retail,SMB,95,Europe,9,1,0.291,0,58,1,4675.05,0,75,Enterprise Suite,0
L00764,Referral,Healthcare,Mid-market,994,Europe,4,5,0.278,0,55,0,0.0,0,76,Analytics,0
L00765,Outbound,Retail,SMB,98,APAC,3,2,0.148,0,7,0,0.0,0,93,Analytics,0
L00766,Referral,Finance,SMB,69,Europe,13,2,0.74,1,36,0,0.0,0,23,Core,0
L00767,Organic,Healthcare,SMB,25,LATAM,1,2,0.464,0,26,0,0.0,0,131,Core,0
L00768,Referral,Retail,Enterprise,9750,LATAM,13,3,0.844,0,20,1,2686.91,1,70,Analytics,1
L00769,Referral,Manufacturing,Mid-market,457,Europe,5,2,0.205,0,57,0,0.0,1,66,Enterprise Suite,0
L00770,Paid search,Healthcare,Enterprise,5932,Europe,4,5,0.734,0,58,0,0.0,0,10,Analytics,0
L00771,Organic,Manufacturing,Enterprise,2540,Europe,2,1,0.711,0,10,0,0.0,0,35,Core,0
L00772,Paid search,SaaS,Enterprise,7635,APAC,11,2,0.763,0,28,0,0.0,1,25,Analytics,1
L00773,Paid search,Retail,SMB,5,Europe,24,2,0.825,1,46,0,0.0,1,157,Analytics,1
L00774,Outbound,Healthcare,Enterprise,1916,North America,2,2,0.233,0,53,0,0.0,0,101,Core,0
L00775,Referral,SaaS,Enterprise,1835,LATAM,3,1,0.374,0,22,1,7409.39,0,48,Analytics,1
L00776,Outbound,Healthcare,Enterprise,4109,Europe,5,2,0.613,0,32,0,0.0,0,88,Core,0
L00777,Paid search,Healthcare,SMB,17,Europe,5,1,0.186,0,34,0,0.0,1,152,Enterprise Suite,0
L00778,Organic,Healthcare,SMB,71,APAC,10,0,0.493,0,1,1,1698.03,0,65,Enterprise Suite,0
L00779,Event,Retail,Enterprise,1997,Europe,9,3,0.819,1,63,0,0.0,0,134,Core,0
L00780,Outbound,Manufacturing,SMB,40,APAC,3,3,0.405,0,55,1,2735.67,0,111,Enterprise Suite,0
L00781,Organic,Retail,SMB,8,North America,4,1,0.439,0,78,0,0.0,1,136,Core,0
L00782,Outbound,SaaS,SMB,33,APAC,3,2,0.358,0,88,0,0.0,0,110,Analytics,0
L00783,Paid search,Healthcare,SMB,23,North America,9,2,0.563,0,63,0,0.0,0,178,Analytics,0
L00784,Paid search,Finance,SMB,66,LATAM,5,4,0.688,0,42,1,9903.91,1,127,Enterprise Suite,0
L00785,Outbound,Retail,Enterprise,1706,LATAM,19,2,0.701,1,12,2,8582.68,0,60,Core,1
L00786,Organic,Retail,Enterprise,3607,APAC,8,2,0.523,0,13,0,0.0,0,68,Core,0
L00787,Outbound,Finance,Enterprise,7533,Europe,10,1,0.409,1,9,1,2312.69,0,145,Enterprise Suite,1
L00788,Organic,Retail,SMB,63,APAC,5,0,0.4,0,67,1,526.11,0,127,Core,0
L00789,Outbound,Healthcare,SMB,55,APAC,3,3,0.57,0,39,1,17371.1,0,42,Analytics,0
L00790,Paid search,Healthcare,SMB,60,APAC,5,3,0.326,0,45,0,0.0,1,145,Enterprise Suite,0
L00791,Organic,Healthcare,SMB,54,APAC,4,1,0.218,0,75,0,0.0,1,90,Core,0
L00792,Paid search,Finance,SMB,76,APAC,15,1,0.84,1,64,0,0.0,1,171,Enterprise Suite,1
L00793,Organic,Finance,Mid-market,942,APAC,12,0,0.498,1,48,0,0.0,1,133,Core,1
L00794,Referral,Manufacturing,Enterprise,3072,LATAM,3,4,0.306,1,79,1,1257.78,1,20,Analytics,0
L00795,Referral,SaaS,Mid-market,494,Europe,7,0,0.223,0,55,0,0.0,0,16,Analytics,0
L00796,Organic,Retail,SMB,80,LATAM,4,1,0.332,0,25,0,0.0,0,132,Enterprise Suite,0
L00797,Referral,Healthcare,SMB,7,APAC,6,3,0.286,1,76,0,0.0,0,100,Analytics,1
L00798,Organic,SaaS,SMB,45,LATAM,4,4,0.534,0,23,0,0.0,0,22,Enterprise Suite,0
L00799,Event,Retail,SMB,90,APAC,5,1,0.836,0,1,1,2082.7,0,38,Core,0
L00800,Event,SaaS,Mid-market,481,LATAM,5,1,0.375,1,42,0,0.0,0,74,Analytics,0
L00801,Event,Retail,SMB,92,North America,15,2,0.486,0,74,1,861.39,0,178,Analytics,0
L00802,Organic,SaaS,Mid-market,953,North America,6,3,0.803,0,7,0,0.0,0,83,Core,1
L00803,Outbound,Finance,Enterprise,3470,LATAM,3,1,0.468,0,74,1,631.64,0,154,Enterprise Suite,0
L00804,Paid search,Healthcare,SMB,55,North America,15,1,1.0,1,9,0,0.0,1,12,Analytics,1
L00805,Referral,Finance,SMB,35,APAC,6,1,0.327,1,71,0,0.0,0,118,Analytics,0
L00806,Referral,Finance,SMB,19,Europe,3,1,0.523,1,45,0,0.0,0,79,Analytics,0
L00807,Event,Manufacturing,SMB,74,North America,5,1,0.252,0,48,0,0.0,1,66,Analytics,1
L00808,Organic,Retail,Mid-market,587,LATAM,4,6,0.285,0,35,1,7709.1,0,49,Core,0
L00809,Paid search,SaaS,Mid-market,598,North America,5,4,0.198,0,74,1,829.39,0,157,Analytics,0
L00810,Outbound,Manufacturing,Enterprise,3470,LATAM,6,2,0.504,1,35,3,31553.57,0,58,Core,0
L00811,Referral,Retail,Mid-market,871,Europe,5,2,0.579,1,51,0,0.0,0,179,Enterprise Suite,0
L00812,Referral,Finance,SMB,18,Europe,7,3,0.398,1,57,2,1289.51,1,100,Analytics,1
L00813,Outbound,SaaS,SMB,57,Europe,7,2,0.637,0,11,0,0.0,0,133,Core,1
L00814,Paid search,Healthcare,SMB,41,Europe,5,3,0.427,0,83,1,1970.67,0,122,Core,0
L00815,Referral,Retail,SMB,91,APAC,13,1,0.376,1,18,0,0.0,1,27,Analytics,1
L00816,Outbound,Healthcare,Enterprise,8241,Europe,4,4,0.267,1,84,0,0.0,0,159,Analytics,0
L00817,Outbound,Retail,SMB,48,APAC,8,6,0.398,0,58,0,0.0,1,115,Analytics,1
L00818,Paid search,Retail,SMB,10,Europe,2,3,0.514,0,36,0,0.0,0,132,Enterprise Suite,0
L00819,Paid search,Finance,SMB,55,Europe,6,0,0.284,0,82,0,0.0,0,104,Core,0
L00820,Organic,Healthcare,SMB,57,North America,7,1,0.418,0,58,0,0.0,0,140,Analytics,0
L00821,Referral,SaaS,Enterprise,9476,Europe,2,3,0.478,0,43,0,0.0,0,80,Enterprise Suite,0
L00822,Paid search,Retail,SMB,95,Europe,3,2,0.405,0,35,1,9871.08,0,137,Analytics,0
L00823,Organic,SaaS,SMB,98,Europe,5,0,0.623,0,16,1,3075.75,1,172,Core,1
L00824,Event,Retail,SMB,45,LATAM,5,3,0.723,0,67,0,0.0,1,17,Enterprise Suite,0
L00825,Outbound,Healthcare,Mid-market,157,Europe,5,2,0.282,1,32,1,740.72,0,6,Analytics,0
L00826,Referral,Healthcare,Mid-market,844,Europe,6,2,0.637,0,45,0,0.0,0,66,Analytics,0
L00827,Paid search,Manufacturing,Mid-market,973,APAC,8,1,0.552,0,0,0,0.0,1,7,Enterprise Suite,0
L00828,Organic,Manufacturing,SMB,69,Europe,4,3,0.744,0,11,0,0.0,0,102,Analytics,0
L00829,Outbound,Retail,SMB,24,LATAM,2,2,0.192,0,10,0,0.0,0,172,Enterprise Suite,0
L00830,Organic,Manufacturing,Enterprise,9304,APAC,4,0,0.399,0,49,1,933.9,1,73,Core,0
L00831,Paid search,SaaS,SMB,74,North America,2,1,0.26,0,45,1,8660.36,1,117,Analytics,1
L00832,Paid search,Manufacturing,SMB,36,LATAM,3,3,0.222,0,89,1,3625.74,0,149,Enterprise Suite,0
L00833,Organic,Retail,Mid-market,440,Europe,3,3,0.421,1,30,0,0.0,0,12,Core,0
L00834,Event,Retail,SMB,23,LATAM,3,0,0.266,0,24,0,0.0,0,95,Enterprise Suite,1
L00835,Event,Healthcare,SMB,99,Europe,3,0,0.261,0,46,0,0.0,1,105,Core,0
L00836,Paid search,Retail,Mid-market,967,Europe,6,2,0.524,0,69,0,0.0,1,11,Enterprise Suite,0
L00837,Event,Manufacturing,SMB,11,North America,5,1,0.705,0,48,0,0.0,1,139,Enterprise Suite,0
L00838,Outbound,Finance,SMB,32,North America,17,0,0.964,1,25,1,1064.37,1,31,Analytics,1
L00839,Paid search,Finance,SMB,97,LATAM,10,3,0.463,0,31,0,0.0,0,69,Core,1
L00840,Paid search,Retail,Mid-market,129,LATAM,8,0,0.398,0,65,1,8053.2,0,144,Core,0
L00841,Referral,Retail,SMB,52,LATAM,5,4,0.476,0,71,0,0.0,0,131,Enterprise Suite,0
L00842,Outbound,Manufacturing,SMB,40,Europe,6,2,0.532,0,42,0,0.0,0,157,Enterprise Suite,0
L00843,Paid search,Healthcare,Mid-market,632,Europe,15,6,0.571,1,52,3,7897.95,1,131,Enterprise Suite,0
L00844,Organic,Healthcare,Mid-market,269,North America,12,1,0.612,0,64,2,1736.53,0,180,Analytics,0
L00845,Referral,SaaS,Enterprise,8599,Europe,6,1,0.697,1,0,1,15488.01,0,67,Analytics,1
L00846,Outbound,Manufacturing,SMB,17,LATAM,6,3,0.484,0,75,1,693.42,0,139,Analytics,0
L00847,Organic,Manufacturing,SMB,55,Europe,5,3,0.406,0,38,0,0.0,0,58,Enterprise Suite,0
L00848,Event,Healthcare,Mid-market,753,LATAM,5,2,0.811,0,1,0,0.0,1,140,Core,0
L00849,Referral,SaaS,Mid-market,116,North America,3,0,0.504,0,77,1,412.65,0,171,Analytics,1
L00850,Outbound,Manufacturing,SMB,56,North America,6,1,0.547,1,57,0,0.0,1,62,Enterprise Suite,0
L00851,Organic,Manufacturing,Mid-market,753,LATAM,10,1,0.381,0,70,0,0.0,0,74,Core,0
L00852,Organic,Retail,SMB,91,LATAM,4,2,0.371,0,6,1,3194.73,0,125,Enterprise Suite,1
L00853,Outbound,Manufacturing,Enterprise,3005,APAC,2,3,0.595,0,42,1,5238.98,0,126,Analytics,0
L00854,Outbound,Retail,Enterprise,9709,APAC,7,0,0.187,0,85,0,0.0,0,83,Enterprise Suite,0
L00855,Organic,Finance,SMB,46,LATAM,14,5,0.713,0,33,0,0.0,0,16,Analytics,1
L00856,Paid search,Healthcare,Enterprise,2643,North America,5,2,0.557,0,46,1,806.54,0,141,Enterprise Suite,1
L00857,Event,SaaS,Enterprise,6151,Europe,13,1,0.704,0,35,0,0.0,0,138,Analytics,0
L00858,Outbound,SaaS,SMB,78,Europe,4,1,0.348,0,26,0,0.0,1,5,Core,0
L00859,Organic,SaaS,SMB,78,North America,8,1,0.59,0,77,0,0.0,0,11,Enterprise Suite,0
L00860,Paid search,Healthcare,Mid-market,425,APAC,4,2,0.616,0,60,0,0.0,1,111,Core,1
L00861,Event,Finance,SMB,29,North America,5,3,0.309,0,45,2,1145.72,1,5,Enterprise Suite,1
L00862,Event,Retail,SMB,90,Europe,17,0,0.85,0,61,1,2350.26,0,54,Analytics,0
L00863,Outbound,Finance,SMB,83,LATAM,13,2,0.878,1,42,0,0.0,1,173,Enterprise Suite,0
L00864,Paid search,Retail,Enterprise,7335,APAC,5,0,0.518,0,41,0,0.0,0,110,Analytics,0
L00865,Referral,Manufacturing,SMB,28,Europe,3,1,0.477,1,49,1,1022.94,0,164,Core,0
L00866,Outbound,Retail,Mid-market,855,LATAM,4,1,0.278,0,81,0,0.0,1,161,Analytics,0
L00867,Outbound,Finance,SMB,42,Europe,18,0,1.0,0,60,0,0.0,1,53,Enterprise Suite,1
L00868,Outbound,SaaS,SMB,42,Europe,8,1,0.47,0,86,0,0.0,0,114,Analytics,0
L00869,Referral,Finance,Enterprise,1491,North America,14,2,0.424,1,83,0,0.0,0,57,Enterprise Suite,1
L00870,Organic,Retail,SMB,89,Europe,3,1,0.626,0,41,2,2060.65,1,95,Analytics,0
L00871,Event,SaaS,SMB,10,LATAM,11,3,0.333,1,7,0,0.0,0,62,Core,0
L00872,Referral,Manufacturing,SMB,98,APAC,8,1,0.404,1,64,0,0.0,0,57,Analytics,0
L00873,Outbound,Retail,Mid-market,298,LATAM,10,1,0.914,0,44,0,0.0,0,117,Analytics,0
L00874,Organic,Manufacturing,SMB,44,LATAM,8,3,0.442,0,0,0,0.0,0,168,Enterprise Suite,1
L00875,Event,Manufacturing,SMB,51,LATAM,7,0,0.509,1,5,0,0.0,0,141,Core,0
L00876,Outbound,Finance,SMB,54,North America,1,1,0.392,0,27,0,0.0,0,19,Enterprise Suite,0
L00877,Organic,Retail,SMB,90,APAC,4,1,0.604,0,30,0,0.0,0,51,Enterprise Suite,0
L00878,Organic,Retail,SMB,49,Europe,6,2,0.452,0,75,0,0.0,0,35,Core,0
L00879,Paid search,Finance,Mid-market,567,APAC,19,0,0.8,1,51,1,1645.85,0,91,Enterprise Suite,0
L00880,Paid search,SaaS,SMB,80,Europe,8,2,0.296,0,11,0,0.0,1,164,Analytics,0
L00881,Organic,Manufacturing,SMB,52,LATAM,12,0,0.998,0,47,0,0.0,0,41,Enterprise Suite,0
L00882,Paid search,SaaS,Mid-market,278,LATAM,8,2,0.814,0,3,0,0.0,0,135,Analytics,1
L00883,Outbound,Healthcare,Mid-market,792,North America,22,1,0.745,0,43,0,0.0,1,2,Core,1
L00884,Paid search,SaaS,SMB,14,LATAM,17,1,0.555,0,61,0,0.0,0,1,Analytics,1
L00885,Organic,Healthcare,SMB,24,North America,3,3,0.518,0,35,0,0.0,1,152,Analytics,0
L00886,Organic,SaaS,SMB,37,Europe,15,0,0.914,1,33,1,2564.2,0,77,Core,0
L00887,Organic,Manufacturing,Enterprise,5876,Europe,10,2,0.715,0,83,4,18528.86,0,120,Enterprise Suite,0
L00888,Referral,Finance,SMB,54,North America,5,3,0.554,0,79,0,0.0,1,141,Core,1
L00889,Organic,Healthcare,SMB,32,Europe,4,3,0.29,0,46,0,0.0,0,6,Core,1
L00890,Event,SaaS,SMB,74,Europe,3,3,0.295,0,86,0,0.0,0,174,Core,0
L00891,Organic,Manufacturing,SMB,46,Europe,4,3,0.384,0,55,0,0.0,0,165,Core,0
L00892,Outbound,Healthcare,SMB,95,APAC,12,3,0.65,0,31,1,402.83,0,144,Analytics,1
L00893,Organic,Manufacturing,SMB,92,APAC,14,0,0.507,1,12,1,887.15,0,163,Core,1
L00894,Referral,Manufacturing,Mid-market,524,APAC,3,4,0.246,0,87,1,12899.69,0,71,Core,0
L00895,Event,Finance,Mid-market,464,LATAM,11,2,0.737,1,5,0,0.0,1,59,Analytics,1
L00896,Outbound,SaaS,Mid-market,616,Europe,18,2,0.719,1,62,0,0.0,1,150,Analytics,1
L00897,Organic,Healthcare,Mid-market,425,LATAM,20,0,0.917,1,60,0,0.0,1,161,Analytics,1
L00898,Organic,Healthcare,SMB,5,LATAM,7,1,0.656,0,40,0,0.0,1,152,Core,0
L00899,Organic,Healthcare,Enterprise,4739,North America,6,3,0.479,0,72,1,1662.51,1,61,Core,0
L00900,Paid search,Manufacturing,Mid-market,736,APAC,10,1,0.441,1,49,0,0.0,0,42,Analytics,0
L00901,Paid search,SaaS,Mid-market,804,LATAM,16,3,0.788,1,39,0,0.0,1,47,Enterprise Suite,1
L00902,Organic,Retail,Mid-market,542,APAC,5,2,0.415,0,81,0,0.0,0,168,Core,0
L00903,Referral,Manufacturing,SMB,70,APAC,12,1,0.469,1,11,0,0.0,1,71,Enterprise Suite,0
L00904,Paid search,Healthcare,SMB,23,North America,16,2,0.955,0,8,1,868.06,1,66,Enterprise Suite,1
L00905,Outbound,Finance,SMB,33,APAC,9,3,0.684,0,9,0,0.0,1,70,Analytics,0
L00906,Event,Healthcare,SMB,83,North America,14,0,0.728,0,31,0,0.0,1,46,Analytics,1
L00907,Paid search,Finance,SMB,82,North America,3,2,0.391,1,70,0,0.0,1,74,Analytics,0
L00908,Referral,Finance,SMB,82,Europe,4,0,0.402,0,34,0,0.0,1,169,Core,0
L00909,Organic,SaaS,SMB,95,LATAM,6,0,0.66,0,18,0,0.0,0,64,Enterprise Suite,0
L00910,Organic,SaaS,Enterprise,2270,LATAM,11,1,0.347,0,36,0,0.0,1,126,Core,1
L00911,Event,SaaS,Mid-market,487,LATAM,10,3,0.609,1,22,0,0.0,0,40,Analytics,1
L00912,Outbound,Retail,Mid-market,921,LATAM,13,1,0.704,0,54,0,0.0,1,153,Core,0
L00913,Outbound,Manufacturing,SMB,6,APAC,6,2,0.665,0,41,0,0.0,1,93,Core,1
L00914,Outbound,Healthcare,Mid-market,303,APAC,4,2,0.22,0,17,0,0.0,1,81,Analytics,1
L00915,Outbound,SaaS,Enterprise,3651,APAC,11,2,0.316,0,60,0,0.0,0,126,Enterprise Suite,0
L00916,Outbound,Healthcare,Mid-market,321,LATAM,17,3,0.536,1,52,1,1811.56,0,106,Enterprise Suite,0
L00917,Referral,Finance,Mid-market,519,Europe,24,2,0.816,1,86,0,0.0,0,53,Core,1
L00918,Referral,SaaS,SMB,30,Europe,6,1,0.615,0,84,0,0.0,1,176,Analytics,0
L00919,Organic,SaaS,SMB,63,LATAM,3,2,0.401,1,38,0,0.0,0,123,Enterprise Suite,0
L00920,Paid search,Manufacturing,Mid-market,649,LATAM,7,4,0.344,0,43,0,0.0,0,122,Analytics,0
L00921,Referral,Manufacturing,Enterprise,1568,Europe,15,0,0.81,1,66,0,0.0,0,132,Enterprise Suite,0
L00922,Outbound,Manufacturing,SMB,58,LATAM,6,3,0.4,0,37,0,0.0,1,158,Enterprise Suite,0
L00923,Paid search,Retail,SMB,82,North America,12,1,0.377,0,53,0,0.0,0,29,Core,0
L00924,Paid search,SaaS,SMB,69,Europe,9,1,1.0,0,10,0,0.0,1,166,Analytics,1
L00925,Organic,SaaS,SMB,38,Europe,10,1,0.281,0,34,1,65141.52,0,26,Enterprise Suite,1
L00926,Organic,Finance,Enterprise,8477,Europe,2,2,0.14,0,66,1,1536.13,0,108,Core,0
L00927,Organic,Healthcare,Mid-market,227,APAC,2,0,0.339,0,86,0,0.0,1,92,Enterprise Suite,0
L00928,Outbound,Manufacturing,SMB,20,LATAM,6,2,0.897,1,62,0,0.0,1,178,Analytics,0
L00929,Paid search,Healthcare,SMB,68,North America,2,0,0.527,0,8,1,6136.31,1,180,Analytics,0
L00930,Event,Manufacturing,SMB,89,North America,11,4,0.53,0,58,1,1855.67,1,146,Core,1
L00931,Organic,Manufacturing,SMB,93,APAC,5,5,0.473,0,16,1,1720.95,0,142,Enterprise Suite,1
L00932,Organic,SaaS,Mid-market,158,APAC,4,2,0.478,0,86,0,0.0,0,55,Analytics,0
L00933,Organic,Retail,Mid-market,688,APAC,11,0,0.675,0,40,1,3848.95,1,134,Analytics,1
L00934,Event,Retail,Mid-market,666,LATAM,15,0,1.0,1,35,0,0.0,0,99,Analytics,0
L00935,Event,Finance,SMB,69,LATAM,16,0,0.946,0,62,0,0.0,1,174,Enterprise Suite,1
L00936,Organic,SaaS,Mid-market,428,LATAM,13,2,0.748,0,51,0,0.0,1,91,Core,1
L00937,Outbound,SaaS,Mid-market,784,APAC,7,5,0.564,0,32,1,3016.88,0,178,Core,1
L00938,Referral,Retail,SMB,90,APAC,7,2,0.803,1,81,0,0.0,1,68,Analytics,0
L00939,Outbound,SaaS,Mid-market,387,Europe,9,1,0.679,0,56,0,0.0,1,81,Core,0
L00940,Referral,SaaS,Mid-market,391,North America,12,1,0.786,0,65,0,0.0,0,96,Analytics,1
L00941,Organic,Finance,Enterprise,1354,APAC,8,3,0.633,0,44,1,4658.09,0,120,Core,0
L00942,Outbound,Healthcare,SMB,94,LATAM,3,3,0.6,0,57,0,0.0,1,144,Analytics,0
L00943,Organic,Retail,SMB,89,North America,6,2,0.454,0,88,0,0.0,0,87,Analytics,0
L00944,Paid search,SaaS,SMB,54,APAC,10,1,0.627,0,59,0,0.0,0,108,Analytics,1
L00945,Paid search,Healthcare,SMB,14,APAC,4,3,0.272,0,34,0,0.0,0,121,Core,0
L00946,Organic,Retail,SMB,31,LATAM,8,0,0.493,0,24,0,0.0,0,164,Enterprise Suite,1
L00947,Event,Finance,Mid-market,811,APAC,4,1,0.433,0,79,1,3075.96,0,19,Core,0
L00948,Outbound,SaaS,SMB,11,North America,16,0,0.641,0,8,0,0.0,1,108,Core,0
L00949,Outbound,Retail,SMB,43,North America,4,0,0.273,0,67,0,0.0,0,155,Analytics,0
L00950,Organic,SaaS,Enterprise,1496,APAC,1,0,0.851,0,3,3,16414.21,1,72,Enterprise Suite,1
L00951,Paid search,Finance,Mid-market,743,Europe,11,0,0.851,0,8,1,4706.28,1,171,Analytics,0
L00952,Organic,Manufacturing,SMB,36,APAC,7,2,0.701,0,59,0,0.0,0,136,Analytics,0
L00953,Organic,Healthcare,Mid-market,981,North America,7,2,0.485,0,34,0,0.0,1,172,Analytics,1
L00954,Organic,SaaS,SMB,78,North America,6,2,0.341,0,43,0,0.0,0,39,Enterprise Suite,0
L00955,Outbound,Finance,SMB,39,LATAM,6,2,0.396,0,66,0,0.0,1,133,Core,0
L00956,Outbound,SaaS,Mid-market,943,LATAM,8,5,0.284,0,79,0,0.0,0,99,Enterprise Suite,0
L00957,Event,Finance,SMB,55,LATAM,3,1,0.531,0,59,0,0.0,0,176,Analytics,0
L00958,Paid search,Retail,SMB,69,Europe,7,3,0.39,1,2,2,3934.3,0,149,Enterprise Suite,1
L00959,Paid search,Healthcare,SMB,85,North America,3,1,0.847,0,25,0,0.0,1,121,Core,1
L00960,Paid search,Finance,Enterprise,3296,North America,10,2,0.429,1,57,1,3269.36,0,161,Analytics,1
L00961,Paid search,Manufacturing,SMB,22,Europe,3,3,0.408,0,44,0,0.0,0,140,Enterprise Suite,1
L00962,Paid search,SaaS,Mid-market,571,LATAM,1,0,0.267,0,15,0,0.0,0,33,Analytics,0
L00963,Referral,Retail,SMB,6,Europe,5,2,0.573,1,80,0,0.0,0,79,Analytics,0
L00964,Referral,Retail,Mid-market,283,LATAM,8,0,0.847,1,40,0,0.0,0,159,Analytics,1
L00965,Outbound,SaaS,SMB,29,Europe,6,2,0.577,0,73,0,0.0,0,4,Analytics,0
L00966,Paid search,Retail,SMB,81,North America,4,0,0.439,1,76,0,0.0,0,113,Enterprise Suite,1
L00967,Outbound,Manufacturing,Mid-market,361,APAC,4,0,0.187,0,27,1,4876.0,1,92,Analytics,0
L00968,Organic,Manufacturing,Mid-market,238,APAC,10,2,0.373,0,35,0,0.0,0,37,Analytics,0
L00969,Paid search,SaaS,SMB,66,APAC,3,1,0.437,1,62,0,0.0,0,66,Enterprise Suite,0
L00970,Organic,Manufacturing,SMB,69,North America,12,1,0.427,0,46,0,0.0,0,3,Enterprise Suite,1
L00971,Organic,Manufacturing,SMB,48,North America,4,1,0.463,0,68,1,1982.07,0,25,Analytics,0
L00972,Referral,SaaS,SMB,29,Europe,11,2,0.508,1,69,0,0.0,1,67,Core,0
L00973,Referral,Retail,Mid-market,436,APAC,8,4,0.723,1,18,0,0.0,0,23,Core,1
L00974,Outbound,Manufacturing,SMB,27,Europe,3,4,0.327,0,1,2,4472.33,0,77,Enterprise Suite,1
L00975,Organic,SaaS,Mid-market,374,North America,9,1,0.88,1,48,0,0.0,0,126,Enterprise Suite,0
L00976,Paid search,Retail,SMB,6,APAC,7,1,0.285,0,0,0,0.0,1,46,Enterprise Suite,0
L00977,Paid search,SaaS,SMB,14,Europe,9,5,0.404,0,73,0,0.0,0,60,Enterprise Suite,1
L00978,Organic,Healthcare,SMB,30,APAC,7,0,0.42,0,69,0,0.0,1,1,Analytics,0
L00979,Paid search,Retail,SMB,7,North America,2,1,0.228,0,67,0,0.0,1,22,Core,0
L00980,Organic,Healthcare,SMB,98,LATAM,4,3,0.431,0,36,0,0.0,0,83,Enterprise Suite,0
L00981,Outbound,Healthcare,Enterprise,1423,LATAM,6,4,0.815,0,27,0,0.0,0,142,Enterprise Suite,1
L00982,Outbound,Healthcare,SMB,47,LATAM,17,2,0.551,0,76,0,0.0,1,168,Core,0
L00983,Event,Retail,Mid-market,799,North America,6,2,0.431,0,77,0,0.0,0,88,Core,0
L00984,Paid search,Retail,SMB,16,LATAM,10,1,0.606,1,73,1,225.63,0,170,Analytics,0
L00985,Organic,Finance,SMB,40,North America,1,0,0.418,0,39,0,0.0,0,115,Core,0
L00986,Outbound,SaaS,SMB,57,LATAM,15,0,0.797,1,67,1,1501.46,0,89,Core,0
L00987,Organic,Healthcare,SMB,26,LATAM,3,0,0.629,0,1,0,0.0,1,64,Core,0
L00988,Referral,Manufacturing,Mid-market,454,Europe,3,0,0.137,1,87,1,3968.48,0,163,Core,0
L00989,Organic,SaaS,Enterprise,2686,LATAM,6,1,0.209,0,3,0,0.0,1,34,Core,1
L00990,Outbound,Manufacturing,Mid-market,833,Europe,19,1,1.0,0,46,1,3224.77,1,17,Enterprise Suite,0
L00991,Paid search,Manufacturing,Mid-market,507,Europe,8,0,0.604,1,89,0,0.0,1,149,Core,0
L00992,Event,SaaS,SMB,17,North America,9,1,0.417,0,14,1,46856.65,0,153,Analytics,0
L00993,Outbound,Finance,SMB,87,LATAM,6,1,0.218,1,73,1,1975.37,1,157,Analytics,0
L00994,Organic,SaaS,Mid-market,204,APAC,9,0,0.773,0,33,0,0.0,1,101,Analytics,1
L00995,Outbound,Healthcare,SMB,29,Europe,3,1,0.502,0,30,0,0.0,0,47,Core,1
L00996,Paid search,Retail,SMB,81,Europe,6,2,0.467,0,79,0,0.0,0,13,Analytics,0
L00997,Paid search,Finance,Enterprise,1932,LATAM,3,2,0.575,0,82,2,7152.31,1,107,Analytics,0
L00998,Referral,Manufacturing,Enterprise,1757,LATAM,11,4,0.705,0,59,0,0.0,0,12,Enterprise Suite,0
L00999,Outbound,SaaS,Mid-market,609,LATAM,18,1,1.0,0,18,0,0.0,1,43,Enterprise Suite,1
L01000,Organic,SaaS,SMB,65,North America,4,2,0.218,0,54,1,5829.46,1,5,Analytics,0
L01001,Referral,Finance,Enterprise,5597,APAC,4,2,0.478,0,47,1,1318.92,0,178,Core,0
L01002,Paid search,Finance,SMB,21,Europe,1,2,0.496,0,5,0,0.0,0,59,Enterprise Suite,0
L01003,Referral,Manufacturing,SMB,10,North America,3,0,0.375,0,53,0,0.0,1,96,Core,1
L01004,Organic,Manufacturing,SMB,24,LATAM,5,1,0.482,0,63,0,0.0,1,98,Analytics,0
L01005,Paid search,Healthcare,Enterprise,6166,Europe,4,0,0.598,1,30,2,31937.81,0,102,Analytics,0
L01006,Organic,Healthcare,Enterprise,7617,APAC,6,3,0.998,0,60,0,0.0,0,141,Enterprise Suite,0
L01007,Outbound,Retail,Mid-market,114,APAC,7,3,0.516,0,1,0,0.0,1,117,Enterprise Suite,1
L01008,Organic,Manufacturing,SMB,77,LATAM,3,2,0.461,0,70,0,0.0,0,108,Enterprise Suite,0
L01009,Event,Manufacturing,SMB,45,North America,1,1,0.402,0,79,0,0.0,0,170,Enterprise Suite,0
L01010,Paid search,Retail,SMB,47,LATAM,8,3,0.951,0,68,1,11080.04,0,90,Core,0
L01011,Event,Retail,Enterprise,2203,LATAM,13,2,0.876,0,82,0,0.0,0,43,Enterprise Suite,0
L01012,Paid search,SaaS,SMB,74,LATAM,4,1,0.407,1,37,1,338.29,0,44,Core,1
L01013,Paid search,SaaS,SMB,71,Europe,2,3,0.235,0,88,0,0.0,0,178,Analytics,0
L01014,Outbound,Retail,Mid-market,878,Europe,9,0,0.654,0,10,0,0.0,1,110,Core,0
L01015,Organic,Finance,SMB,11,North America,16,2,0.663,1,46,0,0.0,0,161,Analytics,1
L01016,Organic,SaaS,Enterprise,9105,North America,2,2,0.255,0,22,1,2203.17,0,176,Enterprise Suite,0
L01017,Event,Retail,SMB,37,North America,3,1,0.414,1,0,1,8865.11,1,117,Enterprise Suite,0
L01018,Outbound,SaaS,Mid-market,185,Europe,19,4,1.0,0,25,0,0.0,1,169,Analytics,1
L01019,Referral,Manufacturing,SMB,66,APAC,3,1,0.109,0,8,0,0.0,0,173,Enterprise Suite,0
L01020,Paid search,Finance,SMB,35,North America,4,0,0.329,0,85,0,0.0,1,71,Enterprise Suite,0
L01021,Outbound,Manufacturing,SMB,91,North America,4,4,0.413,0,29,1,2897.97,1,69,Enterprise Suite,1
L01022,Event,Manufacturing,SMB,33,North America,18,1,0.627,0,30,1,3718.85,0,88,Enterprise Suite,0
L01023,Outbound,Healthcare,Mid-market,370,APAC,6,1,0.531,0,83,0,0.0,0,114,Analytics,0
L01024,Paid search,SaaS,SMB,32,APAC,3,0,0.211,0,11,0,0.0,0,76,Enterprise Suite,0
L01025,Event,SaaS,SMB,19,LATAM,5,3,0.538,0,37,1,13789.42,1,102,Core,0
L01026,Organic,Healthcare,Mid-market,374,LATAM,3,0,0.551,1,86,0,0.0,0,102,Analytics,0
L01027,Outbound,Retail,SMB,91,LATAM,3,3,0.735,0,89,0,0.0,0,101,Enterprise Suite,0
L01028,Organic,SaaS,Mid-market,988,Europe,6,1,0.38,0,66,0,0.0,0,74,Enterprise Suite,0
L01029,Event,Retail,Mid-market,338,APAC,8,1,0.372,1,28,0,0.0,0,58,Core,0
L01030,Organic,Retail,SMB,88,APAC,8,1,0.431,1,31,0,0.0,0,41,Enterprise Suite,0
L01031,Paid search,Manufacturing,Mid-market,929,Europe,3,1,0.715,0,3,0,0.0,1,133,Core,0
L01032,Event,Retail,SMB,27,LATAM,9,3,0.685,0,0,0,0.0,1,37,Enterprise Suite,1
L01033,Paid search,Finance,SMB,54,Europe,5,1,0.549,0,2,0,0.0,1,27,Core,0
L01034,Outbound,Manufacturing,SMB,88,LATAM,10,1,0.301,0,0,0,0.0,0,150,Core,0
L01035,Paid search,Healthcare,Enterprise,7119,Europe,5,2,0.588,0,60,3,5504.32,0,157,Enterprise Suite,0
L01036,Event,Retail,Mid-market,319,LATAM,4,0,0.605,0,41,1,755.18,1,91,Core,1
L01037,Organic,Healthcare,Mid-market,306,APAC,6,2,0.49,0,29,0,0.0,0,116,Enterprise Suite,0
L01038,Organic,SaaS,Enterprise,1826,North America,6,0,0.816,1,77,0,0.0,1,24,Analytics,0
L01039,Paid search,Manufacturing,SMB,23,North America,5,1,0.47,0,5,0,0.0,1,21,Core,1
L01040,Referral,Finance,Enterprise,1682,APAC,9,1,0.529,0,58,0,0.0,0,99,Analytics,1
L01041,Referral,Healthcare,Mid-market,433,Europe,2,2,0.306,0,21,1,5188.86,0,79,Core,0
L01042,Event,Manufacturing,Enterprise,3154,Europe,4,5,0.452,1,3,2,18316.12,0,124,Enterprise Suite,1
L01043,Event,Healthcare,Enterprise,3971,Europe,5,2,0.454,0,45,0,0.0,0,151,Core,0
L01044,Event,SaaS,Enterprise,1452,North America,21,0,0.801,1,14,1,3544.35,0,32,Core,1
L01045,Referral,Retail,SMB,91,North America,7,4,0.825,0,39,0,0.0,0,20,Analytics,0
L01046,Organic,Manufacturing,Mid-market,150,APAC,9,2,0.798,1,65,0,0.0,1,178,Enterprise Suite,1
L01047,Organic,Retail,Mid-market,424,North America,18,0,1.0,1,53,0,0.0,0,35,Enterprise Suite,0
L01048,Event,Healthcare,Mid-market,902,Europe,13,0,0.683,0,39,0,0.0,0,29,Enterprise Suite,0
L01049,Outbound,Finance,SMB,52,North America,9,1,0.312,0,19,0,0.0,1,120,Core,0
L01050,Organic,Finance,Enterprise,5538,APAC,9,0,0.861,1,64,2,2240.81,1,94,Enterprise Suite,0
L01051,Event,Manufacturing,SMB,24,North America,3,5,0.18,0,32,0,0.0,1,105,Analytics,1
L01052,Referral,Healthcare,SMB,78,Europe,6,2,0.647,0,81,0,0.0,0,6,Analytics,0
L01053,Organic,Retail,Mid-market,858,North America,2,2,0.188,0,70,0,0.0,0,175,Analytics,0
L01054,Referral,Finance,SMB,7,North America,5,3,0.731,0,65,0,0.0,1,148,Enterprise Suite,1
L01055,Organic,Finance,Mid-market,366,APAC,5,5,0.474,1,54,0,0.0,0,174,Enterprise Suite,0
L01056,Event,Finance,SMB,77,APAC,5,0,0.405,0,59,1,7004.48,1,21,Enterprise Suite,0
L01057,Outbound,Finance,Mid-market,329,LATAM,3,4,0.221,0,45,0,0.0,1,28,Enterprise Suite,0
L01058,Organic,Retail,Enterprise,9787,LATAM,4,3,0.447,0,75,1,896.99,0,129,Core,0
L01059,Paid search,Finance,SMB,34,APAC,6,3,0.503,0,72,0,0.0,1,27,Core,1
L01060,Event,Healthcare,Mid-market,942,Europe,16,2,0.557,0,39,0,0.0,0,55,Analytics,1
L01061,Outbound,Manufacturing,SMB,60,APAC,2,1,0.463,0,47,0,0.0,0,75,Enterprise Suite,0
L01062,Paid search,Retail,Enterprise,3735,APAC,4,3,0.476,0,58,0,0.0,0,92,Core,0
L01063,Organic,SaaS,Enterprise,8797,APAC,5,5,0.599,0,47,0,0.0,1,38,Core,1
L01064,Paid search,Manufacturing,SMB,79,APAC,4,2,0.416,0,73,0,0.0,0,139,Enterprise Suite,0
L01065,Organic,Finance,Mid-market,184,North America,8,0,0.58,0,62,0,0.0,0,16,Core,0
L01066,Outbound,Finance,Mid-market,432,Europe,13,4,0.734,1,77,0,0.0,0,173,Core,0
L01067,Organic,Manufacturing,Mid-market,638,APAC,6,2,0.287,0,53,0,0.0,0,173,Core,0
L01068,Event,Retail,Mid-market,736,LATAM,8,1,0.599,0,33,0,0.0,0,31,Core,0
L01069,Referral,Healthcare,SMB,28,APAC,9,0,0.696,0,12,1,548.05,1,124,Analytics,1
L01070,Organic,SaaS,Mid-market,330,LATAM,6,2,0.683,0,30,1,4039.14,0,152,Enterprise Suite,1
L01071,Outbound,SaaS,SMB,51,APAC,6,1,0.407,1,75,0,0.0,0,48,Enterprise Suite,0
L01072,Paid search,Manufacturing,SMB,36,North America,6,3,0.594,1,19,0,0.0,0,40,Core,1
L01073,Paid search,Finance,Enterprise,7078,APAC,5,0,0.773,0,12,1,1269.14,1,153,Enterprise Suite,0
L01074,Outbound,Manufacturing,SMB,84,Europe,8,2,0.297,0,78,0,0.0,0,11,Core,0
L01075,Outbound,Healthcare,Mid-market,283,LATAM,5,0,0.428,1,65,0,0.0,1,165,Core,0
L01076,Organic,Healthcare,SMB,54,APAC,3,2,0.387,0,52,0,0.0,0,152,Analytics,0
L01077,Paid search,Retail,Enterprise,4556,APAC,4,2,0.268,0,75,0,0.0,1,125,Analytics,0
L01078,Paid search,Manufacturing,Mid-market,400,Europe,2,4,0.371,1,51,1,383.3,0,56,Core,1
L01079,Paid search,SaaS,SMB,63,North America,2,1,0.518,0,22,0,0.0,1,130,Core,1
L01080,Organic,Healthcare,SMB,21,APAC,3,1,0.297,0,21,1,2515.15,0,148,Core,0
L01081,Organic,Healthcare,SMB,43,Europe,8,3,0.645,1,34,0,0.0,1,64,Enterprise Suite,1
L01082,Outbound,Retail,Enterprise,6629,APAC,5,4,0.584,0,31,0,0.0,1,161,Core,1
L01083,Outbound,Retail,Mid-market,117,Europe,7,1,0.77,0,21,0,0.0,0,138,Analytics,0
L01084,Outbound,Finance,SMB,79,North America,2,0,0.365,1,7,0,0.0,1,112,Analytics,1
L01085,Outbound,Finance,Mid-market,681,North America,4,3,0.796,0,1,1,2157.49,0,75,Enterprise Suite,1
L01086,Event,SaaS,SMB,29,North America,6,2,0.26,0,28,0,0.0,0,64,Enterprise Suite,0
L01087,Event,Finance,SMB,90,North America,6,1,0.484,0,63,0,0.0,1,7,Analytics,0
L01088,Event,Healthcare,SMB,71,North America,4,2,0.317,1,87,0,0.0,0,26,Core,0
L01089,Paid search,Finance,SMB,70,LATAM,3,5,0.616,1,14,0,0.0,0,82,Enterprise Suite,0
L01090,Paid search,Retail,Mid-market,975,Europe,5,2,0.163,0,54,0,0.0,0,32,Core,0
L01091,Organic,Retail,Enterprise,6918,Europe,2,1,0.62,0,71,1,11113.58,0,11,Enterprise Suite,0
L01092,Event,Manufacturing,Enterprise,4568,Europe,7,0,0.41,0,61,0,0.0,1,113,Enterprise Suite,0
L01093,Organic,Finance,Enterprise,2852,Europe,6,5,0.347,0,60,1,1759.02,0,23,Analytics,0
L01094,Organic,Manufacturing,SMB,18,LATAM,5,1,0.818,0,55,1,443.53,0,89,Enterprise Suite,1
L01095,Paid search,Manufacturing,SMB,88,Europe,19,2,1.0,0,76,0,0.0,0,101,Enterprise Suite,0
L01096,Organic,Manufacturing,Mid-market,930,LATAM,10,2,0.426,0,58,0,0.0,0,121,Core,0
L01097,Organic,Manufacturing,Enterprise,8023,APAC,5,2,0.605,0,89,0,0.0,1,101,Core,0
L01098,Outbound,Manufacturing,Mid-market,478,LATAM,14,1,0.525,1,81,0,0.0,0,13,Analytics,1
L01099,Outbound,SaaS,SMB,31,APAC,4,1,0.405,0,74,0,0.0,0,177,Analytics,0
L01100,Organic,Finance,Mid-market,774,Europe,7,3,0.505,0,83,0,0.0,0,47,Enterprise Suite,0
L01101,Referral,Retail,Mid-market,666,North America,10,2,0.54,0,28,0,0.0,0,28,Enterprise Suite,0
L01102,Organic,Healthcare,Enterprise,5311,APAC,9,2,0.44,0,3,0,0.0,1,34,Core,0
L01103,Outbound,SaaS,Mid-market,666,North America,11,1,0.961,0,21,0,0.0,0,51,Analytics,1
L01104,Outbound,Finance,SMB,91,APAC,17,3,0.769,1,24,0,0.0,0,167,Enterprise Suite,1
L01105,Referral,SaaS,SMB,79,APAC,3,1,0.407,0,64,1,8698.93,0,134,Analytics,0
L01106,Event,Retail,SMB,42,Europe,10,3,0.562,0,15,1,1059.19,0,45,Enterprise Suite,0
L01107,Referral,Retail,SMB,26,Europe,8,1,0.362,1,80,0,0.0,0,44,Analytics,1
L01108,Organic,Retail,Enterprise,3849,Europe,8,2,0.564,0,81,1,3415.88,1,9,Enterprise Suite,0
L01109,Outbound,Finance,Mid-market,522,North America,6,1,0.28,1,36,1,2935.21,1,2,Core,1
L01110,Organic,Healthcare,SMB,41,LATAM,6,3,0.661,1,71,0,0.0,1,19,Core,1
L01111,Organic,Manufacturing,SMB,66,North America,4,1,0.316,0,39,0,0.0,0,173,Core,0
L01112,Paid search,Healthcare,Mid-market,784,Europe,2,1,0.713,0,83,2,2756.36,0,95,Analytics,0
L01113,Paid search,SaaS,Mid-market,475,LATAM,5,0,0.437,0,33,0,0.0,0,67,Core,0
L01114,Outbound,Manufacturing,SMB,30,North America,4,1,0.363,0,3,0,0.0,0,5,Core,0
L01115,Outbound,Manufacturing,Enterprise,6894,North America,3,1,0.219,0,2,1,3488.7,1,179,Enterprise Suite,0
L01116,Referral,Healthcare,SMB,67,North America,3,2,0.457,1,54,0,0.0,0,50,Enterprise Suite,0
L01117,Referral,SaaS,SMB,10,LATAM,5,2,0.718,0,53,0,0.0,1,80,Core,1
L01118,Outbound,Manufacturing,SMB,66,APAC,7,1,0.444,0,4,0,0.0,0,105,Analytics,0
L01119,Organic,Retail,Mid-market,663,North America,8,4,1.0,1,69,1,12559.94,0,143,Core,1
L01120,Outbound,Healthcare,Mid-market,551,APAC,4,2,0.264,1,15,0,0.0,0,17,Analytics,0
L01121,Event,Retail,Enterprise,1966,LATAM,17,3,0.491,0,81,0,0.0,0,74,Core,0
L01122,Referral,Healthcare,SMB,23,North America,12,1,0.403,1,73,0,0.0,1,90,Core,1
L01123,Outbound,Finance,Enterprise,2250,North America,8,1,0.851,0,62,1,1277.15,1,64,Analytics,0
L01124,Organic,Finance,Mid-market,487,Europe,4,1,0.862,0,56,0,0.0,1,142,Enterprise Suite,0
L01125,Paid search,Finance,SMB,79,North America,7,3,0.508,0,55,0,0.0,0,12,Enterprise Suite,0
L01126,Paid search,SaaS,SMB,5,LATAM,15,4,0.955,1,48,0,0.0,1,139,Core,1
L01127,Paid search,Retail,SMB,86,Europe,17,5,0.792,0,9,0,0.0,0,23,Enterprise Suite,1
L01128,Event,Retail,Enterprise,8116,LATAM,16,0,1.0,1,2,0,0.0,0,37,Enterprise Suite,0
L01129,Event,Manufacturing,SMB,65,APAC,13,4,0.983,1,72,0,0.0,0,15,Core,1
L01130,Outbound,SaaS,SMB,52,Europe,3,2,0.425,0,25,0,0.0,1,34,Enterprise Suite,1
L01131,Outbound,SaaS,Mid-market,350,APAC,4,4,0.269,1,87,1,5121.55,0,111,Core,0
L01132,Paid search,Finance,Enterprise,4311,LATAM,4,1,0.872,0,32,3,24494.66,0,155,Core,0
L01133,Referral,Finance,Mid-market,969,LATAM,3,4,0.448,0,45,0,0.0,0,157,Core,0
L01134,Event,Manufacturing,Mid-market,793,APAC,3,3,0.596,1,38,0,0.0,0,132,Analytics,0
L01135,Outbound,Finance,SMB,87,LATAM,3,1,0.131,0,44,0,0.0,0,121,Enterprise Suite,0
L01136,Organic,Finance,Enterprise,7981,LATAM,4,2,0.288,0,11,1,3301.34,0,70,Enterprise Suite,0
L01137,Paid search,Healthcare,SMB,48,LATAM,11,2,0.427,1,8,1,667.77,1,23,Core,1
L01138,Paid search,Healthcare,SMB,12,APAC,5,2,0.159,1,22,0,0.0,0,147,Enterprise Suite,1
L01139,Referral,Healthcare,Enterprise,2576,North America,13,1,0.528,0,28,1,5718.08,0,134,Analytics,1
L01140,Event,SaaS,SMB,32,Europe,15,3,0.486,0,60,1,1199.19,0,12,Enterprise Suite,1
L01141,Organic,Finance,SMB,95,LATAM,7,2,0.456,0,80,0,0.0,1,50,Enterprise Suite,0
L01142,Outbound,Manufacturing,Mid-market,305,Europe,2,1,0.711,0,56,0,0.0,1,35,Enterprise Suite,0
L01143,Outbound,Retail,SMB,20,North America,5,2,0.249,0,68,1,8723.48,0,126,Analytics,0
L01144,Outbound,Finance,SMB,98,LATAM,14,7,0.571,0,31,0,0.0,0,112,Enterprise Suite,1
L01145,Paid search,Finance,Mid-market,620,LATAM,9,0,0.363,0,54,0,0.0,0,54,Analytics,0
L01146,Organic,Retail,Mid-market,927,APAC,6,4,0.323,0,31,1,11787.62,0,108,Enterprise Suite,0
L01147,Event,Healthcare,Mid-market,712,APAC,5,0,0.192,0,7,1,1338.9,0,174,Analytics,0
L01148,Outbound,SaaS,SMB,71,APAC,7,5,0.519,0,73,0,0.0,0,115,Core,0
L01149,Paid search,SaaS,Mid-market,442,LATAM,5,2,0.531,0,83,0,0.0,1,93,Analytics,0
L01150,Outbound,SaaS,Mid-market,516,North America,3,2,0.645,0,25,1,1068.85,1,128,Core,0
L01151,Referral,Healthcare,SMB,70,APAC,5,1,0.264,0,42,1,3335.74,0,108,Enterprise Suite,0
L01152,Outbound,Retail,SMB,65,APAC,6,1,0.547,1,5,0,0.0,0,67,Enterprise Suite,1
L01153,Referral,Retail,SMB,19,Europe,10,2,0.338,0,15,0,0.0,0,120,Enterprise Suite,0
L01154,Organic,Finance,Mid-market,873,North America,6,5,0.486,0,28,0,0.0,0,46,Core,0
L01155,Paid search,Retail,SMB,27,APAC,9,2,0.402,1,50,0,0.0,0,64,Enterprise Suite,0
L01156,Referral,Retail,Mid-market,345,Europe,9,3,0.331,0,13,1,1959.57,0,113,Core,0
L01157,Referral,SaaS,Enterprise,5977,APAC,6,2,0.254,0,71,1,2217.38,0,72,Analytics,0
L01158,Referral,SaaS,SMB,7,North America,5,1,0.204,0,25,1,1048.18,0,174,Analytics,0
L01159,Paid search,Healthcare,Mid-market,355,LATAM,5,2,0.8,1,76,0,0.0,0,16,Analytics,0
L01160,Event,Retail,SMB,42,APAC,6,0,0.552,1,28,0,0.0,1,78,Analytics,0
L01161,Referral,SaaS,SMB,48,APAC,6,5,0.189,0,47,0,0.0,0,92,Enterprise Suite,0
L01162,Event,Manufacturing,Mid-market,322,Europe,7,0,0.474,0,17,0,0.0,1,12,Analytics,0
L01163,Outbound,Manufacturing,SMB,71,APAC,7,1,0.433,0,88,0,0.0,0,73,Enterprise Suite,0
L01164,Organic,Manufacturing,Enterprise,8037,APAC,4,1,0.374,0,26,0,0.0,0,139,Enterprise Suite,0
L01165,Referral,Manufacturing,Mid-market,263,LATAM,3,0,0.628,1,4,0,0.0,0,137,Analytics,0
L01166,Outbound,Finance,SMB,64,North America,9,5,0.605,1,56,0,0.0,0,75,Enterprise Suite,0
L01167,Outbound,SaaS,SMB,12,LATAM,8,4,0.321,1,34,0,0.0,1,38,Analytics,1
L01168,Paid search,Manufacturing,SMB,69,APAC,3,2,0.31,0,51,0,0.0,1,38,Analytics,0
L01169,Outbound,Retail,Enterprise,9505,LATAM,8,1,0.358,0,73,1,8482.19,0,36,Analytics,0
L01170,Referral,Retail,Mid-market,574,LATAM,3,1,0.77,0,5,0,0.0,1,16,Analytics,1
L01171,Organic,Healthcare,SMB,52,North America,5,2,0.29,0,75,0,0.0,0,117,Enterprise Suite,0
L01172,Event,Healthcare,Mid-market,438,APAC,3,4,0.437,0,26,0,0.0,1,159,Enterprise Suite,0
L01173,Organic,Manufacturing,Mid-market,676,LATAM,7,4,1.0,0,22,1,1935.32,1,51,Core,1
L01174,Event,Retail,Mid-market,651,APAC,4,0,0.316,1,40,0,0.0,0,171,Analytics,0
L01175,Paid search,SaaS,SMB,46,North America,8,4,0.516,0,40,0,0.0,1,172,Enterprise Suite,0
L01176,Event,Finance,SMB,89,Europe,6,2,0.458,0,2,1,6495.77,1,134,Core,0
L01177,Paid search,SaaS,SMB,36,LATAM,6,2,0.34,0,75,0,0.0,0,29,Enterprise Suite,0
L01178,Organic,SaaS,SMB,98,APAC,14,4,0.82,1,86,0,0.0,0,58,Core,1
L01179,Organic,Finance,SMB,74,North America,4,2,0.359,0,36,2,14999.43,0,67,Analytics,0
L01180,Organic,SaaS,SMB,83,LATAM,9,4,0.959,0,21,0,0.0,1,122,Analytics,0
L01181,Event,Retail,SMB,84,LATAM,6,1,0.474,0,18,1,610.14,0,15,Core,1
L01182,Referral,SaaS,SMB,96,APAC,5,1,0.293,0,57,0,0.0,1,64,Enterprise Suite,0
L01183,Referral,Finance,SMB,11,North America,4,2,0.437,0,34,0,0.0,0,169,Core,1
L01184,Organic,Finance,Enterprise,8669,North America,6,2,0.232,0,10,1,2613.01,0,33,Analytics,1
L01185,Organic,Retail,Mid-market,355,North America,6,1,0.727,0,85,0,0.0,1,1,Core,0
L01186,Outbound,Healthcare,SMB,80,North America,4,1,0.324,0,34,0,0.0,0,147,Core,0
L01187,Organic,Retail,Mid-market,227,LATAM,2,2,0.337,0,82,0,0.0,0,100,Analytics,0
L01188,Outbound,SaaS,SMB,17,North America,7,2,0.666,1,1,1,1258.18,0,135,Analytics,1
L01189,Referral,SaaS,Enterprise,8723,APAC,12,2,0.658,1,55,0,0.0,0,171,Enterprise Suite,1
L01190,Event,Manufacturing,Mid-market,999,North America,7,3,0.487,0,12,0,0.0,1,157,Analytics,1
L01191,Paid search,Manufacturing,SMB,35,APAC,6,2,0.475,0,10,0,0.0,0,60,Enterprise Suite,0
L01192,Organic,Manufacturing,Enterprise,4121,LATAM,3,0,0.218,1,11,2,7670.81,0,159,Core,0
L01193,Outbound,Manufacturing,Enterprise,4020,APAC,14,0,1.0,1,35,4,13103.95,0,160,Core,1
L01194,Outbound,Retail,Mid-market,112,Europe,6,0,0.552,0,56,0,0.0,0,140,Analytics,1
L01195,Outbound,SaaS,SMB,89,Europe,7,1,0.327,0,70,0,0.0,0,3,Enterprise Suite,0
L01196,Organic,Finance,SMB,7,North America,13,0,0.566,0,2,0,0.0,0,123,Enterprise Suite,0
L01197,Organic,Manufacturing,Mid-market,218,North America,7,2,0.828,0,55,0,0.0,0,12,Enterprise Suite,0
L01198,Event,Finance,SMB,14,APAC,3,2,0.619,0,29,0,0.0,1,9,Analytics,0
L01199,Organic,Retail,Mid-market,281,North America,2,1,0.174,1,1,0,0.0,0,77,Enterprise Suite,0
L01200,Event,Healthcare,Mid-market,807,LATAM,10,3,0.415,1,16,0,0.0,1,26,Core,1
L01201,Paid search,Retail,SMB,13,North America,6,5,0.312,0,85,0,0.0,0,78,Analytics,0
L01202,Paid search,Manufacturing,SMB,94,North America,11,1,0.621,1,60,0,0.0,1,48,Enterprise Suite,1
L01203,Outbound,Retail,SMB,38,North America,6,3,0.314,0,66,1,674.18,1,56,Core,0
L01204,Event,Finance,SMB,72,North America,5,1,0.559,0,3,0,0.0,1,14,Enterprise Suite,0
L01205,Referral,Retail,Mid-market,941,Europe,15,1,0.549,1,89,0,0.0,0,2,Analytics,1
L01206,Referral,Retail,Mid-market,970,North America,10,3,0.433,1,56,1,3689.9,0,38,Core,0
L01207,Paid search,Retail,SMB,51,Europe,4,1,0.463,0,56,0,0.0,0,49,Core,1
L01208,Paid search,Manufacturing,Mid-market,384,North America,16,2,0.764,1,53,0,0.0,0,30,Enterprise Suite,0
L01209,Organic,Manufacturing,Mid-market,768,Europe,9,3,0.453,0,55,0,0.0,0,54,Core,1
L01210,Paid search,Healthcare,Mid-market,225,North America,11,3,0.594,0,10,0,0.0,0,179,Analytics,0
L01211,Event,Finance,SMB,29,Europe,1,0,0.137,0,78,0,0.0,0,175,Enterprise Suite,0
L01212,Outbound,SaaS,Mid-market,425,Europe,5,3,0.26,0,62,1,829.1,0,144,Core,0
L01213,Paid search,Healthcare,Mid-market,547,North America,2,3,0.406,0,13,0,0.0,1,1,Analytics,0
L01214,Organic,Finance,SMB,96,APAC,7,1,0.598,0,19,0,0.0,1,11,Analytics,0
L01215,Organic,SaaS,Mid-market,729,North America,5,3,0.38,0,54,0,0.0,1,117,Enterprise Suite,1
L01216,Paid search,Finance,Enterprise,5140,Europe,4,1,0.461,0,8,1,6339.43,0,11,Core,1
L01217,Organic,Retail,SMB,29,APAC,11,0,1.0,0,77,1,13065.09,1,178,Analytics,0
L01218,Paid search,Healthcare,Mid-market,822,LATAM,8,1,0.63,1,6,1,1468.2,0,132,Enterprise Suite,1
L01219,Event,Retail,Enterprise,6854,North America,7,3,0.328,0,70,0,0.0,0,106,Core,0
L01220,Referral,Retail,Enterprise,2133,North America,6,4,0.287,1,87,1,3680.27,0,44,Enterprise Suite,1
L01221,Referral,Manufacturing,SMB,62,LATAM,3,1,0.426,0,33,0,0.0,0,31,Enterprise Suite,0
L01222,Organic,Manufacturing,Mid-market,396,LATAM,6,0,0.659,0,25,0,0.0,1,163,Enterprise Suite,1
L01223,Outbound,Finance,Enterprise,9290,Europe,11,1,0.502,0,86,1,34534.46,0,53,Analytics,0
L01224,Event,Healthcare,Mid-market,872,APAC,2,3,0.55,0,76,2,8403.7,1,173,Analytics,1
L01225,Organic,Healthcare,SMB,88,Europe,3,1,0.503,0,14,0,0.0,0,97,Analytics,0
L01226,Outbound,Finance,SMB,86,North America,7,4,0.94,0,47,1,4131.19,1,129,Enterprise Suite,1
L01227,Paid search,Finance,Mid-market,546,APAC,3,1,0.235,0,36,1,33702.31,0,163,Analytics,0
L01228,Paid search,Retail,SMB,76,North America,6,3,0.283,0,77,1,2398.24,0,57,Core,1
L01229,Outbound,Manufacturing,SMB,91,LATAM,13,3,0.683,0,67,0,0.0,1,162,Enterprise Suite,0
L01230,Referral,Finance,SMB,55,Europe,5,1,0.786,1,72,0,0.0,0,151,Analytics,0
L01231,Organic,Manufacturing,Mid-market,651,North America,5,3,0.419,0,37,0,0.0,0,67,Core,0
L01232,Paid search,Manufacturing,SMB,92,APAC,5,0,0.414,1,23,1,3905.62,0,56,Core,0
L01233,Organic,Healthcare,Enterprise,3263,Europe,9,2,0.422,0,41,0,0.0,0,160,Analytics,1
L01234,Event,Retail,Mid-market,500,LATAM,8,1,0.743,1,43,1,510.18,0,96,Enterprise Suite,0
L01235,Organic,Manufacturing,Enterprise,1194,LATAM,3,1,0.287,0,76,1,8390.12,0,123,Analytics,0
L01236,Referral,Healthcare,Enterprise,4309,North America,7,0,0.647,1,20,0,0.0,1,12,Core,1
L01237,Organic,Healthcare,SMB,35,North America,8,0,0.787,0,62,0,0.0,0,52,Enterprise Suite,0
L01238,Paid search,Manufacturing,Mid-market,602,APAC,4,1,0.523,0,32,0,0.0,1,91,Analytics,0
L01239,Organic,Retail,SMB,52,North America,7,1,0.431,1,84,0,0.0,0,52,Analytics,0
L01240,Referral,Retail,Enterprise,6578,Europe,3,0,0.66,0,87,1,3754.54,0,51,Analytics,0
L01241,Outbound,Finance,SMB,46,Europe,5,0,0.641,0,6,1,5020.44,1,101,Analytics,1
L01242,Organic,Healthcare,Mid-market,125,LATAM,14,2,0.624,0,35,0,0.0,0,140,Core,0
L01243,Organic,Retail,Enterprise,2418,Europe,5,3,0.209,0,69,0,0.0,0,105,Enterprise Suite,0
L01244,Referral,Finance,SMB,18,APAC,8,1,0.537,0,11,0,0.0,0,111,Analytics,0
L01245,Organic,Retail,Enterprise,1212,APAC,3,0,0.3,1,21,1,2437.95,1,50,Enterprise Suite,1
L01246,Organic,Healthcare,SMB,14,APAC,6,1,0.535,0,47,0,0.0,0,87,Analytics,0
L01247,Paid search,Retail,SMB,54,Europe,4,1,0.42,0,46,1,7241.32,0,110,Enterprise Suite,0
L01248,Organic,Manufacturing,SMB,38,LATAM,5,2,0.604,0,64,0,0.0,0,118,Core,0
L01249,Outbound,Retail,SMB,33,Europe,4,0,0.287,0,82,1,1342.99,0,41,Analytics,0
L01250,Outbound,Healthcare,Mid-market,875,Europe,7,0,0.367,0,29,2,7156.82,0,56,Enterprise Suite,0
L01251,Referral,Finance,Enterprise,5861,North America,10,1,0.578,1,33,0,0.0,1,54,Enterprise Suite,1
L01252,Referral,SaaS,SMB,59,APAC,5,3,0.392,0,41,0,0.0,0,19,Core,0
L01253,Referral,SaaS,Mid-market,612,North America,4,2,0.48,0,78,0,0.0,0,122,Enterprise Suite,0
L01254,Paid search,Retail,Enterprise,5814,North America,6,3,0.437,0,73,0,0.0,0,66,Core,0
L01255,Referral,Healthcare,Mid-market,692,LATAM,5,2,0.673,0,9,0,0.0,0,57,Core,1
L01256,Outbound,Retail,SMB,41,LATAM,1,2,0.104,0,27,0,0.0,0,109,Core,0
L01257,Event,Retail,Enterprise,7249,North America,4,0,0.519,0,80,1,21200.18,0,65,Enterprise Suite,0
L01258,Outbound,Finance,SMB,38,LATAM,6,3,0.562,0,78,0,0.0,1,28,Enterprise Suite,0
L01259,Paid search,Retail,Mid-market,968,North America,7,2,0.602,0,64,0,0.0,0,33,Analytics,0
L01260,Outbound,Healthcare,Mid-market,515,Europe,4,0,0.395,0,69,0,0.0,0,91,Analytics,0
L01261,Referral,Finance,Mid-market,857,LATAM,15,2,0.766,1,25,0,0.0,0,68,Analytics,1
L01262,Organic,Finance,SMB,80,LATAM,6,3,0.655,0,68,0,0.0,1,141,Enterprise Suite,0
L01263,Organic,Finance,SMB,45,LATAM,5,3,0.299,0,54,1,708.79,0,49,Enterprise Suite,0
L01264,Outbound,Finance,Mid-market,692,LATAM,19,0,0.889,0,78,0,0.0,0,168,Enterprise Suite,0
L01265,Paid search,SaaS,SMB,65,North America,4,2,0.361,0,9,0,0.0,0,149,Enterprise Suite,1
L01266,Outbound,Retail,SMB,29,North America,8,3,0.631,0,55,2,3680.65,1,61,Core,1
L01267,Organic,SaaS,Mid-market,183,APAC,4,1,0.596,0,55,2,7002.52,1,114,Core,0
L01268,Outbound,Retail,Mid-market,672,APAC,8,0,0.594,0,39,0,0.0,0,98,Core,0
L01269,Paid search,SaaS,SMB,31,APAC,6,4,0.494,0,29,0,0.0,0,89,Analytics,0
L01270,Paid search,Retail,SMB,34,Europe,16,2,0.686,1,77,0,0.0,1,63,Analytics,1
L01271,Outbound,Manufacturing,Enterprise,3746,North America,7,3,0.361,1,88,1,609.15,0,131,Analytics,0
L01272,Organic,SaaS,SMB,17,North America,6,5,0.762,0,53,0,0.0,1,109,Core,1
L01273,Organic,SaaS,SMB,86,Europe,11,1,0.988,0,66,1,3344.91,1,167,Enterprise Suite,0
L01274,Paid search,Retail,SMB,94,Europe,13,3,0.423,0,27,1,10127.71,1,13,Analytics,0
L01275,Referral,SaaS,SMB,33,LATAM,7,0,0.339,0,13,0,0.0,0,42,Core,1
L01276,Organic,Healthcare,Enterprise,7654,Europe,5,2,0.559,0,20,0,0.0,0,10,Core,0
L01277,Organic,Finance,SMB,6,North America,6,0,0.346,0,17,0,0.0,0,20,Analytics,0
L01278,Referral,Finance,SMB,75,Europe,15,0,0.783,0,32,0,0.0,1,104,Analytics,0
L01279,Outbound,SaaS,Mid-market,604,LATAM,13,3,0.81,1,79,0,0.0,0,113,Core,1
L01280,Paid search,Finance,SMB,70,North America,5,2,0.214,0,67,1,3762.04,1,63,Core,0
L01281,Organic,Finance,SMB,90,Europe,4,0,0.895,0,41,0,0.0,0,27,Core,0
L01282,Organic,Manufacturing,Enterprise,8222,Europe,6,3,0.549,0,19,0,0.0,0,76,Enterprise Suite,0
L01283,Paid search,SaaS,Mid-market,994,North America,4,1,0.239,0,86,0,0.0,0,75,Core,0
L01284,Paid search,Retail,SMB,19,North America,8,4,0.425,1,60,0,0.0,0,88,Core,0
L01285,Outbound,Finance,SMB,96,North America,3,0,0.253,0,85,1,2913.26,0,11,Core,0
L01286,Outbound,SaaS,SMB,12,APAC,1,1,0.173,0,38,1,2184.51,0,80,Core,0
L01287,Organic,SaaS,SMB,25,Europe,5,2,0.527,0,51,0,0.0,0,180,Enterprise Suite,0
L01288,Organic,Manufacturing,Mid-market,550,Europe,6,4,0.51,0,14,0,0.0,1,27,Core,1
L01289,Paid search,Retail,Mid-market,702,LATAM,11,4,0.496,1,18,1,4766.95,1,110,Core,0
L01290,Paid search,Retail,Mid-market,573,Europe,6,2,0.494,0,57,0,0.0,0,168,Analytics,0
L01291,Paid search,Retail,Enterprise,1052,North America,8,3,0.576,0,55,0,0.0,0,82,Core,0
L01292,Event,Manufacturing,SMB,18,Europe,5,1,0.477,1,87,0,0.0,1,33,Core,0
L01293,Paid search,SaaS,Enterprise,7308,Europe,3,3,0.296,0,88,0,0.0,0,120,Analytics,0
L01294,Organic,SaaS,Mid-market,779,North America,6,5,0.377,0,2,0,0.0,0,64,Analytics,1
L01295,Organic,SaaS,SMB,19,Europe,2,1,0.375,1,78,0,0.0,0,16,Analytics,0
L01296,Organic,Finance,Enterprise,2265,Europe,13,2,0.468,0,57,0,0.0,1,80,Analytics,1
L01297,Referral,Finance,SMB,52,APAC,8,0,0.387,0,21,0,0.0,0,142,Analytics,0
L01298,Organic,Retail,Mid-market,106,North America,12,1,0.383,0,13,0,0.0,0,126,Enterprise Suite,0
L01299,Event,SaaS,Mid-market,539,North America,9,4,0.8,0,80,0,0.0,1,43,Analytics,0
L01300,Organic,Retail,SMB,90,APAC,4,1,0.399,1,2,0,0.0,0,19,Enterprise Suite,0
L01301,Organic,Healthcare,Enterprise,8767,LATAM,5,0,0.682,0,47,0,0.0,0,144,Core,0
L01302,Paid search,Manufacturing,SMB,89,APAC,9,1,0.33,1,17,0,0.0,1,45,Enterprise Suite,1
L01303,Event,Retail,Enterprise,5135,LATAM,4,3,0.369,0,87,3,10118.77,0,119,Enterprise Suite,0
L01304,Organic,Retail,SMB,19,Europe,1,2,0.405,0,12,0,0.0,0,153,Enterprise Suite,0
L01305,Outbound,Manufacturing,SMB,65,North America,1,1,0.477,0,60,0,0.0,1,164,Enterprise Suite,0
L01306,Outbound,Retail,SMB,80,Europe,17,1,0.826,1,24,0,0.0,1,119,Core,1
L01307,Paid search,Retail,Enterprise,9512,LATAM,6,2,0.395,0,26,0,0.0,0,6,Analytics,1
L01308,Event,Retail,SMB,24,LATAM,12,2,0.554,1,55,2,3920.02,1,5,Core,1
L01309,Referral,Finance,Enterprise,4198,APAC,5,1,0.719,1,25,0,0.0,0,157,Core,0
L01310,Outbound,Retail,SMB,27,North America,6,3,0.462,0,80,1,1101.94,1,132,Enterprise Suite,0
L01311,Organic,SaaS,SMB,42,LATAM,16,0,1.0,0,44,0,0.0,1,95,Analytics,0
L01312,Outbound,SaaS,SMB,32,North America,7,1,0.49,1,6,0,0.0,0,65,Analytics,1
L01313,Paid search,Retail,SMB,10,Europe,7,3,0.396,1,45,0,0.0,0,70,Core,1
L01314,Referral,Healthcare,Enterprise,8641,North America,11,3,0.622,1,21,0,0.0,0,142,Enterprise Suite,1
L01315,Referral,SaaS,SMB,64,LATAM,13,1,0.691,0,82,0,0.0,1,43,Core,0
L01316,Event,SaaS,Mid-market,408,APAC,4,2,0.121,0,1,0,0.0,0,19,Enterprise Suite,0
L01317,Paid search,Finance,Mid-market,171,North America,16,2,0.614,1,10,0,0.0,0,85,Core,1
L01318,Referral,Retail,Mid-market,747,LATAM,3,3,0.24,1,44,0,0.0,0,69,Analytics,1
L01319,Event,Manufacturing,Mid-market,893,North America,5,0,0.336,0,25,1,1630.88,0,138,Analytics,0
L01320,Outbound,Manufacturing,Enterprise,2531,APAC,7,1,0.291,1,32,0,0.0,1,87,Enterprise Suite,0
L01321,Paid search,Finance,Mid-market,203,Europe,13,1,0.79,0,19,0,0.0,0,58,Analytics,0
L01322,Paid search,Retail,Mid-market,310,North America,5,3,0.418,0,82,0,0.0,0,163,Analytics,0
L01323,Referral,Finance,Mid-market,391,Europe,6,2,0.326,1,0,2,7621.95,0,107,Core,1
L01324,Outbound,Manufacturing,Mid-market,876,LATAM,5,0,0.467,1,11,0,0.0,0,171,Analytics,1
L01325,Organic,Retail,SMB,99,APAC,17,2,0.569,1,85,0,0.0,0,108,Enterprise Suite,0
L01326,Outbound,Healthcare,Mid-market,279,Europe,16,2,1.0,1,44,0,0.0,0,78,Enterprise Suite,0
L01327,Organic,Manufacturing,SMB,95,LATAM,7,1,0.314,0,84,0,0.0,0,174,Core,0
L01328,Paid search,Manufacturing,Mid-market,865,Europe,4,6,0.117,0,75,0,0.0,0,96,Enterprise Suite,0
L01329,Organic,SaaS,Enterprise,5738,Europe,14,2,0.506,0,27,1,2699.8,0,122,Core,1
L01330,Organic,Finance,Enterprise,2598,APAC,6,1,0.325,1,65,0,0.0,1,75,Core,0
L01331,Event,SaaS,Enterprise,5881,APAC,4,2,0.127,1,13,0,0.0,0,51,Enterprise Suite,0
L01332,Paid search,Manufacturing,Mid-market,168,APAC,11,3,0.844,0,55,0,0.0,1,46,Core,0
L01333,Paid search,Finance,Mid-market,996,APAC,4,0,0.655,1,31,0,0.0,1,71,Core,1
L01334,Outbound,SaaS,SMB,51,Europe,2,3,0.559,0,61,0,0.0,0,64,Enterprise Suite,1
L01335,Outbound,Healthcare,SMB,22,APAC,7,1,0.538,1,13,0,0.0,0,130,Enterprise Suite,0
L01336,Outbound,Retail,SMB,86,North America,20,1,0.594,0,75,0,0.0,1,151,Analytics,0
L01337,Organic,Manufacturing,SMB,57,Europe,4,1,0.391,0,24,0,0.0,0,119,Analytics,0
L01338,Paid search,Retail,Enterprise,6668,North America,4,2,0.432,0,41,3,27193.55,1,156,Analytics,1
L01339,Outbound,Finance,Enterprise,8447,LATAM,5,0,0.494,0,75,0,0.0,1,160,Analytics,0
L01340,Organic,Retail,Mid-market,578,LATAM,4,2,0.654,0,43,0,0.0,0,149,Analytics,1
L01341,Referral,Healthcare,SMB,42,Europe,10,2,0.453,0,47,0,0.0,0,133,Enterprise Suite,0
L01342,Outbound,Healthcare,Mid-market,991,North America,7,1,0.703,0,10,0,0.0,0,1,Enterprise Suite,0
L01343,Paid search,Manufacturing,SMB,33,LATAM,3,2,0.56,0,64,0,0.0,0,79,Enterprise Suite,0
L01344,Paid search,Finance,Mid-market,990,LATAM,3,2,0.208,0,87,0,0.0,0,64,Analytics,0
L01345,Outbound,Manufacturing,Enterprise,8868,North America,5,3,0.461,0,66,2,16033.08,0,35,Core,0
L01346,Paid search,Healthcare,SMB,22,North America,3,0,0.322,0,82,1,654.91,0,123,Analytics,0
L01347,Paid search,Manufacturing,SMB,6,Europe,6,2,0.528,0,88,0,0.0,0,132,Enterprise Suite,0
L01348,Organic,Manufacturing,SMB,41,Europe,6,1,0.862,0,60,0,0.0,0,177,Enterprise Suite,0
L01349,Paid search,Finance,SMB,63,North America,7,3,0.329,0,77,1,1314.01,0,129,Core,0
L01350,Referral,Finance,SMB,90,APAC,12,2,0.606,0,46,0,0.0,1,6,Core,1
L01351,Outbound,SaaS,SMB,8,LATAM,5,1,0.218,0,31,1,1703.25,0,35,Analytics,0
L01352,Outbound,Retail,SMB,90,Europe,4,1,0.389,0,51,0,0.0,0,7,Enterprise Suite,1
L01353,Organic,Manufacturing,SMB,27,APAC,5,2,0.575,0,76,0,0.0,1,36,Analytics,0
L01354,Organic,Finance,SMB,42,APAC,6,2,0.523,0,15,0,0.0,0,29,Core,1
L01355,Outbound,Retail,Mid-market,696,Europe,11,3,0.819,0,56,0,0.0,1,173,Core,0
L01356,Referral,Healthcare,SMB,26,LATAM,4,1,0.362,0,62,1,2754.84,0,170,Core,0
L01357,Paid search,Healthcare,Enterprise,5924,LATAM,8,2,0.341,0,64,0,0.0,0,56,Analytics,0
L01358,Paid search,Finance,SMB,35,APAC,6,4,0.497,1,65,0,0.0,1,75,Analytics,1
L01359,Event,Finance,SMB,9,LATAM,5,2,0.59,1,58,1,2044.72,1,150,Enterprise Suite,0
L01360,Organic,Healthcare,SMB,53,North America,2,1,0.215,0,55,0,0.0,0,63,Enterprise Suite,0
L01361,Event,SaaS,Mid-market,544,Europe,12,2,0.698,1,83,0,0.0,0,65,Core,0
L01362,Organic,Finance,SMB,34,North America,4,0,0.438,0,0,0,0.0,1,79,Analytics,0
L01363,Paid search,Finance,Mid-market,178,Europe,11,0,0.706,1,40,0,0.0,0,21,Core,1
L01364,Referral,SaaS,SMB,11,LATAM,5,5,0.458,1,6,0,0.0,0,21,Core,1
L01365,Paid search,Healthcare,Enterprise,1856,APAC,3,3,0.089,1,79,0,0.0,0,136,Core,0
L01366,Paid search,Finance,SMB,91,Europe,5,1,0.44,0,13,1,1230.93,1,153,Analytics,0
L01367,Organic,Manufacturing,SMB,51,Europe,3,7,0.453,0,69,1,4421.1,0,24,Enterprise Suite,0
L01368,Referral,Retail,Enterprise,8019,APAC,5,2,0.746,0,64,4,21336.86,1,88,Analytics,0
L01369,Organic,Retail,SMB,50,North America,2,3,0.706,0,29,0,0.0,0,70,Core,0
L01370,Organic,Healthcare,SMB,84,APAC,5,2,0.663,0,38,1,1577.22,1,88,Analytics,1
L01371,Referral,Healthcare,Mid-market,557,LATAM,4,6,0.327,0,18,1,1871.35,0,119,Analytics,0
L01372,Outbound,Healthcare,SMB,17,Europe,4,2,0.512,0,73,0,0.0,0,145,Analytics,0
L01373,Organic,Finance,SMB,64,Europe,17,4,0.847,0,63,0,0.0,0,96,Core,0
L01374,Outbound,SaaS,SMB,64,Europe,14,1,0.745,0,86,1,8491.18,0,33,Analytics,0
L01375,Outbound,Healthcare,SMB,94,North America,9,2,0.697,1,54,0,0.0,1,167,Core,1
L01376,Referral,SaaS,Enterprise,5750,APAC,11,4,0.471,0,46,0,0.0,1,48,Enterprise Suite,1
L01377,Event,SaaS,Mid-market,344,LATAM,3,2,0.441,0,83,0,0.0,0,62,Core,0
L01378,Outbound,SaaS,Mid-market,641,North America,3,9,0.234,0,28,1,6588.85,0,54,Analytics,0
L01379,Paid search,Healthcare,SMB,43,APAC,8,1,0.564,0,79,2,14273.21,0,180,Enterprise Suite,0
L01380,Paid search,Retail,Mid-market,505,APAC,13,1,0.886,0,52,0,0.0,0,49,Enterprise Suite,1
L01381,Paid search,Manufacturing,Mid-market,753,APAC,7,3,0.69,0,70,0,0.0,0,54,Enterprise Suite,0
L01382,Referral,SaaS,SMB,16,APAC,6,4,0.437,0,29,0,0.0,0,63,Core,1
L01383,Paid search,Retail,Enterprise,1177,APAC,1,4,0.047,0,44,0,0.0,0,82,Enterprise Suite,1
L01384,Outbound,Finance,Mid-market,844,Europe,4,0,0.521,1,35,0,0.0,0,137,Analytics,0
L01385,Outbound,Healthcare,Mid-market,470,APAC,9,0,0.463,0,69,0,0.0,0,142,Analytics,0
L01386,Referral,Retail,SMB,48,APAC,8,3,0.971,0,6,0,0.0,0,152,Core,1
L01387,Event,Finance,SMB,9,North America,17,6,1.0,0,85,0,0.0,1,44,Core,1
L01388,Organic,Healthcare,Mid-market,155,Europe,5,0,0.196,0,30,0,0.0,0,18,Analytics,0
L01389,Outbound,Healthcare,Mid-market,657,LATAM,3,2,0.573,0,36,2,24216.56,0,162,Core,0
L01390,Referral,Manufacturing,SMB,43,LATAM,6,2,0.598,1,87,1,2696.31,0,8,Core,1
L01391,Outbound,Healthcare,SMB,26,North America,3,1,0.515,1,9,0,0.0,0,59,Analytics,0
L01392,Outbound,Retail,Mid-market,421,North America,10,3,0.37,0,67,2,11718.15,0,39,Enterprise Suite,1
L01393,Referral,Healthcare,SMB,97,Europe,5,2,0.308,1,8,0,0.0,0,166,Analytics,0
L01394,Referral,SaaS,SMB,33,APAC,5,0,0.237,1,84,1,1108.28,0,161,Core,0
L01395,Outbound,SaaS,Mid-market,367,Europe,5,1,0.375,0,25,1,922.18,0,27,Analytics,1
L01396,Organic,Healthcare,SMB,86,APAC,4,1,0.193,0,28,2,9505.04,0,43,Core,0
L01397,Paid search,Finance,SMB,6,LATAM,4,7,0.286,1,68,0,0.0,0,131,Enterprise Suite,0
L01398,Outbound,SaaS,SMB,68,APAC,4,1,0.482,0,19,0,0.0,1,147,Core,1
L01399,Paid search,Healthcare,Enterprise,7200,APAC,4,0,0.667,0,8,0,0.0,0,147,Analytics,0
L01400,Organic,SaaS,SMB,81,North America,8,3,0.27,1,6,0,0.0,0,17,Core,0
L01401,Paid search,Finance,Mid-market,279,APAC,8,2,0.569,0,82,0,0.0,1,159,Core,1
L01402,Referral,Manufacturing,Enterprise,6841,North America,5,1,0.273,1,50,1,2127.72,0,34,Core,0
L01403,Outbound,SaaS,Mid-market,378,North America,7,3,0.263,0,85,1,3616.12,0,56,Core,0
L01404,Organic,Healthcare,Mid-market,739,North America,7,1,0.793,0,72,0,0.0,0,76,Enterprise Suite,1
L01405,Organic,Healthcare,Mid-market,622,North America,17,1,0.615,1,33,1,1791.16,0,20,Analytics,0
L01406,Organic,SaaS,SMB,67,North America,5,2,0.345,0,87,0,0.0,0,113,Analytics,0
L01407,Outbound,SaaS,Mid-market,519,North America,15,3,0.774,0,72,1,7689.01,1,24,Analytics,1
L01408,Referral,Finance,Enterprise,6710,APAC,7,1,0.372,0,18,2,648.15,1,86,Analytics,1
L01409,Outbound,SaaS,Mid-market,565,APAC,4,2,0.173,0,14,1,793.61,0,53,Enterprise Suite,0
L01410,Event,Finance,SMB,49,LATAM,3,2,0.457,1,6,0,0.0,1,38,Analytics,0
L01411,Outbound,Healthcare,SMB,59,North America,6,2,0.482,1,5,0,0.0,1,78,Core,0
L01412,Outbound,Finance,Enterprise,7676,Europe,10,3,0.372,1,40,2,7297.05,0,26,Core,0
L01413,Outbound,Manufacturing,SMB,79,LATAM,2,1,0.477,0,38,1,1680.43,0,177,Analytics,0
L01414,Outbound,SaaS,Enterprise,6563,LATAM,7,2,0.453,0,35,0,0.0,0,57,Enterprise Suite,0
L01415,Referral,Finance,SMB,7,APAC,2,3,0.341,0,5,1,1359.06,1,151,Core,0
L01416,Outbound,SaaS,Mid-market,296,Europe,4,3,0.235,0,55,0,0.0,0,123,Enterprise Suite,0
L01417,Paid search,Retail,Mid-market,324,Europe,11,2,0.792,0,4,0,0.0,0,29,Enterprise Suite,0
L01418,Paid search,Retail,SMB,19,North America,9,0,0.798,0,52,1,904.77,1,11,Core,1
L01419,Outbound,Finance,SMB,85,LATAM,12,4,0.523,1,10,0,0.0,0,67,Analytics,0
L01420,Outbound,Manufacturing,Enterprise,9524,LATAM,6,3,0.601,0,52,0,0.0,0,179,Enterprise Suite,1
L01421,Event,Finance,SMB,17,Europe,10,2,0.719,0,26,2,3994.83,0,99,Core,1
L01422,Paid search,Finance,SMB,43,APAC,3,5,0.677,1,86,0,0.0,1,35,Enterprise Suite,1
L01423,Paid search,Manufacturing,Mid-market,270,LATAM,16,2,0.673,1,13,0,0.0,0,7,Enterprise Suite,1
L01424,Organic,Manufacturing,SMB,43,North America,1,1,0.628,0,72,0,0.0,0,119,Analytics,0
L01425,Organic,SaaS,Mid-market,933,North America,4,3,0.257,0,52,2,2218.04,1,82,Enterprise Suite,1
L01426,Organic,Retail,SMB,85,LATAM,4,2,0.563,0,44,0,0.0,0,122,Core,0
L01427,Referral,Manufacturing,SMB,16,APAC,8,0,0.573,1,74,0,0.0,1,29,Analytics,0
L01428,Referral,SaaS,Enterprise,3099,LATAM,12,0,0.522,1,17,2,1723.91,0,110,Core,1
L01429,Event,Retail,SMB,12,APAC,3,2,0.261,0,77,0,0.0,0,156,Core,0
L01430,Paid search,Retail,SMB,18,APAC,9,3,0.348,1,75,1,6555.55,1,77,Analytics,1
L01431,Outbound,SaaS,Mid-market,315,APAC,5,0,0.317,0,78,0,0.0,0,95,Analytics,0
L01432,Paid search,SaaS,Enterprise,8790,APAC,7,3,0.358,1,4,1,11507.46,0,65,Analytics,1
L01433,Referral,SaaS,Mid-market,385,North America,2,4,0.313,1,49,0,0.0,0,167,Core,0
L01434,Organic,Finance,Enterprise,2937,APAC,6,4,0.286,0,33,1,9196.58,0,9,Enterprise Suite,0
L01435,Organic,Manufacturing,SMB,32,LATAM,8,1,0.351,0,22,2,12987.13,0,76,Enterprise Suite,0
L01436,Outbound,SaaS,SMB,25,Europe,4,2,0.454,1,29,1,3124.25,0,74,Enterprise Suite,1
L01437,Organic,SaaS,Enterprise,2600,North America,4,2,0.32,0,50,0,0.0,0,149,Enterprise Suite,0
L01438,Paid search,Healthcare,Enterprise,7969,Europe,4,2,0.225,0,3,0,0.0,0,53,Analytics,1
L01439,Outbound,Manufacturing,Mid-market,647,Europe,3,2,0.161,0,56,0,0.0,1,165,Enterprise Suite,0
L01440,Outbound,Finance,SMB,59,North America,5,3,0.802,0,30,0,0.0,1,76,Enterprise Suite,0
L01441,Organic,Retail,SMB,9,APAC,3,0,0.384,0,65,0,0.0,1,13,Analytics,0
L01442,Referral,SaaS,SMB,23,North America,7,1,0.281,0,18,2,6966.86,0,121,Enterprise Suite,0
L01443,Organic,Manufacturing,Enterprise,9703,North America,8,2,0.408,0,64,1,9634.83,1,11,Enterprise Suite,0
L01444,Referral,SaaS,Mid-market,994,North America,10,3,0.471,1,57,1,1627.36,1,63,Analytics,0
L01445,Organic,Finance,SMB,97,Europe,5,2,0.285,0,17,0,0.0,1,77,Core,0
L01446,Paid search,Manufacturing,SMB,29,Europe,11,3,0.816,1,26,0,0.0,1,96,Analytics,0
L01447,Outbound,Retail,SMB,84,North America,9,1,0.901,1,23,0,0.0,0,16,Core,1
L01448,Paid search,SaaS,SMB,44,Europe,2,4,0.355,0,83,0,0.0,1,172,Analytics,0
L01449,Paid search,Healthcare,Mid-market,155,APAC,4,1,0.638,0,58,1,2281.99,0,117,Enterprise Suite,0
L01450,Organic,Manufacturing,Mid-market,760,LATAM,12,5,1.0,1,65,0,0.0,1,26,Core,1
L01451,Outbound,Retail,SMB,60,North America,4,1,0.318,1,8,0,0.0,0,27,Analytics,0
L01452,Paid search,Healthcare,Mid-market,163,APAC,5,2,0.308,0,11,1,20357.58,0,154,Core,0
L01453,Outbound,Finance,Enterprise,8997,APAC,5,2,0.591,0,89,0,0.0,0,160,Enterprise Suite,0
L01454,Outbound,Finance,SMB,30,APAC,5,2,0.439,0,70,0,0.0,1,50,Analytics,0
L01455,Organic,Healthcare,SMB,17,North America,8,3,0.385,0,71,0,0.0,0,51,Core,1
L01456,Referral,SaaS,SMB,19,North America,6,2,0.487,0,83,0,0.0,1,86,Enterprise Suite,0
L01457,Organic,Healthcare,SMB,7,APAC,5,1,0.261,0,75,0,0.0,0,73,Analytics,0
L01458,Paid search,Retail,Mid-market,903,Europe,5,2,0.439,1,4,0,0.0,0,33,Enterprise Suite,0
L01459,Outbound,Retail,Mid-market,903,APAC,4,1,0.482,0,27,0,0.0,0,151,Enterprise Suite,0
L01460,Organic,Manufacturing,SMB,63,North America,10,2,0.466,0,36,0,0.0,0,39,Core,0
L01461,Event,Finance,SMB,12,LATAM,8,3,0.357,0,13,0,0.0,0,115,Enterprise Suite,0
L01462,Paid search,Healthcare,Enterprise,2742,North America,6,1,0.511,1,80,1,541.01,1,22,Core,1
L01463,Organic,Finance,SMB,68,APAC,4,3,0.46,0,83,1,1624.76,0,161,Core,0
L01464,Organic,SaaS,Mid-market,771,Europe,6,1,0.437,0,14,1,18611.92,0,66,Enterprise Suite,0
L01465,Event,Retail,Mid-market,265,Europe,5,2,0.476,1,68,0,0.0,1,134,Core,0
L01466,Event,Finance,Enterprise,3099,APAC,4,0,0.275,0,73,1,2236.1,0,26,Core,0
L01467,Paid search,Manufacturing,Mid-market,998,APAC,3,3,0.256,1,2,0,0.0,0,95,Analytics,0
L01468,Organic,Finance,Enterprise,6800,APAC,5,5,0.518,0,11,0,0.0,1,89,Analytics,0
L01469,Event,Finance,Mid-market,438,LATAM,4,0,0.492,0,85,1,4218.86,0,105,Analytics,0
L01470,Organic,SaaS,SMB,18,Europe,3,3,0.152,0,22,0,0.0,0,156,Core,0
L01471,Outbound,Retail,SMB,96,LATAM,10,1,0.479,0,72,0,0.0,1,77,Core,1
L01472,Organic,SaaS,SMB,48,LATAM,11,0,0.661,0,59,1,1524.39,0,157,Analytics,0
L01473,Referral,Retail,SMB,98,North America,5,0,0.304,0,48,0,0.0,0,117,Enterprise Suite,0
L01474,Paid search,Manufacturing,SMB,47,APAC,10,3,0.544,1,2,0,0.0,0,164,Core,1
L01475,Paid search,Healthcare,SMB,91,North America,7,2,0.332,0,51,0,0.0,0,22,Analytics,0
L01476,Paid search,Healthcare,SMB,52,North America,5,3,0.541,0,70,0,0.0,1,86,Enterprise Suite,1
L01477,Paid search,Retail,SMB,23,Europe,25,2,1.0,1,25,0,0.0,1,40,Analytics,1
L01478,Outbound,Retail,SMB,29,Europe,2,3,0.121,1,60,1,3843.37,0,8,Analytics,0
L01479,Paid search,Finance,Mid-market,150,APAC,4,3,0.392,0,36,0,0.0,0,35,Core,0
L01480,Paid search,Finance,Mid-market,527,APAC,6,2,0.456,0,85,0,0.0,0,92,Core,0
L01481,Paid search,Finance,Mid-market,229,North America,7,2,0.467,1,45,0,0.0,0,101,Analytics,0
L01482,Referral,Finance,Mid-market,356,LATAM,13,1,0.769,1,0,1,9669.5,0,81,Enterprise Suite,1
L01483,Paid search,Healthcare,Enterprise,8786,Europe,2,6,0.216,0,14,0,0.0,1,142,Core,1
L01484,Organic,Healthcare,Mid-market,294,North America,3,1,0.321,0,17,0,0.0,0,178,Analytics,0
L01485,Paid search,SaaS,SMB,20,LATAM,8,5,0.52,0,31,0,0.0,0,27,Core,0
L01486,Referral,Retail,Enterprise,2745,LATAM,9,1,0.438,1,37,0,0.0,0,85,Enterprise Suite,1
L01487,Outbound,Retail,SMB,38,Europe,6,0,0.435,0,45,1,3538.15,0,157,Enterprise Suite,0
L01488,Paid search,Retail,Mid-market,456,North America,3,3,0.498,0,64,0,0.0,1,131,Core,0
L01489,Outbound,Retail,Mid-market,350,Europe,6,1,0.219,0,65,0,0.0,0,81,Core,0
L01490,Paid search,Finance,SMB,22,APAC,6,4,0.463,0,43,0,0.0,0,177,Analytics,0
L01491,Referral,Retail,Mid-market,655,LATAM,5,0,0.237,1,49,0,0.0,0,167,Enterprise Suite,0
L01492,Outbound,Manufacturing,SMB,94,Europe,8,1,0.506,0,9,0,0.0,0,124,Core,0
L01493,Event,Retail,SMB,92,LATAM,5,0,0.564,0,71,0,0.0,1,20,Analytics,0
L01494,Outbound,Healthcare,SMB,42,North America,5,1,0.33,0,4,0,0.0,0,156,Core,0
L01495,Paid search,Manufacturing,SMB,69,North America,7,4,0.606,0,87,1,1512.8,1,146,Enterprise Suite,0
L01496,Paid search,SaaS,SMB,43,North America,9,2,0.294,0,31,0,0.0,0,175,Core,0
L01497,Outbound,Healthcare,Mid-market,267,APAC,6,0,0.3,0,40,1,2721.02,0,41,Analytics,0
L01498,Paid search,SaaS,Mid-market,642,APAC,4,2,0.287,0,14,1,2510.34,0,152,Core,1
L01499,Organic,Finance,SMB,32,LATAM,2,3,0.161,0,28,0,0.0,0,69,Core,0
L01500,Event,Healthcare,Mid-market,253,LATAM,13,5,0.651,0,15,0,0.0,0,132,Analytics,1
L01501,Event,Manufacturing,SMB,65,North America,7,4,0.569,0,30,0,0.0,0,19,Core,0
L01502,Outbound,Manufacturing,SMB,28,APAC,9,4,0.976,0,26,0,0.0,1,68,Enterprise Suite,1
L01503,Organic,Manufacturing,Mid-market,495,APAC,4,2,0.379,0,65,0,0.0,1,117,Core,1
L01504,Paid search,SaaS,Enterprise,1699,LATAM,12,1,0.764,0,52,1,13786.94,1,117,Enterprise Suite,0
L01505,Outbound,SaaS,SMB,77,North America,4,0,0.276,0,67,1,5596.91,0,56,Analytics,0
L01506,Paid search,SaaS,SMB,97,APAC,3,0,0.209,0,70,0,0.0,1,179,Analytics,0
L01507,Event,Retail,Mid-market,456,Europe,6,3,0.633,1,78,1,15920.16,0,2,Enterprise Suite,1
L01508,Paid search,Retail,Enterprise,7083,Europe,2,2,0.36,0,18,1,1881.64,0,60,Analytics,0
L01509,Organic,SaaS,SMB,35,APAC,5,1,0.739,0,32,0,0.0,1,161,Core,0
L01510,Event,Healthcare,SMB,50,North America,6,2,0.81,1,38,0,0.0,0,44,Enterprise Suite,0
L01511,Referral,Finance,SMB,47,Europe,1,1,0.118,0,38,0,0.0,0,30,Core,0
L01512,Organic,SaaS,Mid-market,576,APAC,16,2,0.833,1,65,0,0.0,1,139,Analytics,1
L01513,Paid search,Healthcare,Enterprise,9376,APAC,2,4,0.515,0,3,1,23479.95,1,177,Analytics,0
L01514,Event,SaaS,Mid-market,538,APAC,3,1,0.24,0,77,1,11764.96,0,12,Enterprise Suite,0
L01515,Outbound,Retail,SMB,52,Europe,3,3,0.533,0,50,0,0.0,0,13,Enterprise Suite,0
L01516,Organic,Retail,Mid-market,279,Europe,6,2,0.249,0,18,1,1537.99,0,127,Analytics,1
L01517,Referral,Retail,Enterprise,1272,APAC,12,2,0.785,0,30,1,4120.33,1,118,Analytics,1
L01518,Outbound,Healthcare,SMB,45,North America,14,1,0.526,1,75,0,0.0,1,111,Core,0
L01519,Organic,Healthcare,Mid-market,820,Europe,10,1,0.392,0,53,0,0.0,1,177,Analytics,0
L01520,Organic,Manufacturing,SMB,46,Europe,19,3,0.637,0,39,0,0.0,0,108,Analytics,0
L01521,Organic,Retail,SMB,55,Europe,6,6,0.546,1,80,0,0.0,0,13,Enterprise Suite,0
L01522,Paid search,Healthcare,Mid-market,199,North America,7,1,0.359,0,58,0,0.0,0,70,Enterprise Suite,1
L01523,Outbound,Finance,SMB,33,Europe,3,2,0.302,0,13,0,0.0,0,87,Enterprise Suite,0
L01524,Event,Healthcare,Enterprise,3535,LATAM,10,5,0.846,1,41,2,7834.34,0,10,Analytics,1
L01525,Event,Retail,Mid-market,901,North America,6,2,0.45,0,88,0,0.0,0,140,Core,0
L01526,Organic,Manufacturing,SMB,71,LATAM,12,4,0.34,1,67,0,0.0,1,111,Analytics,1
L01527,Organic,Retail,SMB,17,Europe,4,2,0.607,0,58,0,0.0,1,127,Core,0
L01528,Paid search,Healthcare,Mid-market,712,LATAM,21,0,0.595,0,64,0,0.0,0,50,Core,1
L01529,Referral,Healthcare,SMB,69,APAC,2,5,0.256,0,39,2,4989.12,0,89,Core,0
L01530,Organic,Finance,Mid-market,229,APAC,1,2,0.203,0,46,0,0.0,0,90,Analytics,0
L01531,Organic,Finance,SMB,20,LATAM,3,3,0.642,0,6,0,0.0,0,51,Enterprise Suite,0
L01532,Referral,Retail,SMB,37,North America,5,2,0.523,0,85,1,14075.01,0,118,Core,0
L01533,Paid search,Manufacturing,Mid-market,331,LATAM,8,6,0.908,0,14,0,0.0,0,84,Analytics,1
L01534,Event,Retail,SMB,92,LATAM,4,1,0.351,0,81,0,0.0,0,40,Analytics,0
L01535,Referral,Retail,Mid-market,861,Europe,18,2,0.882,0,81,1,1722.1,1,162,Enterprise Suite,0
L01536,Paid search,Healthcare,Mid-market,714,North America,7,1,0.677,1,30,1,4000.17,0,25,Analytics,1
L01537,Outbound,Retail,SMB,71,Europe,10,3,0.685,0,87,1,4117.83,0,38,Analytics,0
L01538,Event,Finance,Mid-market,209,APAC,7,2,0.288,0,10,0,0.0,0,51,Analytics,0
L01539,Outbound,SaaS,Mid-market,952,North America,3,0,0.2,1,8,0,0.0,0,33,Core,0
L01540,Paid search,Finance,Enterprise,3303,APAC,5,2,0.212,0,13,0,0.0,0,114,Enterprise Suite,0
L01541,Outbound,Retail,SMB,97,LATAM,2,1,0.357,0,80,0,0.0,0,4,Core,0
L01542,Organic,Healthcare,SMB,57,Europe,4,1,0.821,0,23,0,0.0,0,131,Analytics,0
L01543,Organic,Retail,Mid-market,595,North America,7,2,0.638,0,89,1,2168.96,0,122,Analytics,0
L01544,Organic,Retail,Mid-market,151,North America,8,3,0.743,1,58,0,0.0,1,12,Enterprise Suite,1
L01545,Paid search,SaaS,Mid-market,635,LATAM,9,1,0.329,0,25,0,0.0,0,109,Core,1
L01546,Organic,Healthcare,Mid-market,760,Europe,6,2,0.673,0,16,2,31561.9,1,51,Enterprise Suite,0
L01547,Organic,Finance,Mid-market,814,North America,6,2,0.449,0,67,1,4256.23,0,117,Core,0
L01548,Event,Healthcare,SMB,25,LATAM,3,4,0.366,0,50,0,0.0,0,170,Core,0
L01549,Organic,SaaS,Mid-market,253,North America,16,3,0.773,1,12,0,0.0,0,119,Core,1
L01550,Organic,Manufacturing,SMB,88,North America,5,1,0.446,0,67,0,0.0,1,29,Core,1
L01551,Referral,Healthcare,SMB,63,LATAM,10,0,0.367,0,79,0,0.0,0,85,Enterprise Suite,0
L01552,Paid search,SaaS,Mid-market,683,North America,9,3,0.534,0,18,0,0.0,0,164,Enterprise Suite,1
L01553,Organic,Retail,SMB,65,LATAM,12,1,0.482,0,47,0,0.0,0,96,Analytics,0
L01554,Organic,Retail,SMB,84,LATAM,6,3,0.267,0,27,0,0.0,0,2,Core,0
L01555,Organic,Healthcare,Enterprise,3912,North America,8,1,0.855,0,20,0,0.0,1,156,Core,0
L01556,Event,Healthcare,Mid-market,254,North America,8,3,0.564,0,4,2,2528.18,0,100,Core,0
L01557,Outbound,Healthcare,Mid-market,537,LATAM,3,1,0.487,0,88,0,0.0,0,71,Analytics,0
L01558,Paid search,Manufacturing,Enterprise,5616,Europe,9,2,0.902,1,10,0,0.0,1,154,Core,1
L01559,Event,Retail,SMB,45,North America,4,0,0.204,0,31,0,0.0,0,62,Enterprise Suite,0
L01560,Outbound,Finance,Mid-market,897,LATAM,5,1,0.711,0,33,1,17786.65,0,170,Analytics,1
L01561,Outbound,Healthcare,SMB,70,North America,12,3,0.558,0,71,0,0.0,1,111,Enterprise Suite,0
L01562,Paid search,SaaS,SMB,62,APAC,3,1,0.504,0,24,1,11493.54,0,80,Analytics,1
L01563,Outbound,Healthcare,SMB,87,Europe,15,2,0.594,0,82,0,0.0,1,27,Analytics,0
L01564,Outbound,Manufacturing,SMB,8,APAC,12,2,1.0,0,19,1,10389.8,0,174,Core,0
L01565,Outbound,SaaS,Mid-market,122,LATAM,8,1,0.552,0,71,0,0.0,1,171,Analytics,0
L01566,Paid search,Finance,SMB,18,APAC,3,3,0.603,0,29,1,6776.58,1,176,Analytics,0
L01567,Referral,Finance,Mid-market,150,North America,17,3,1.0,0,12,0,0.0,1,38,Analytics,1
L01568,Referral,SaaS,SMB,51,Europe,5,0,0.568,0,9,0,0.0,1,42,Core,1
L01569,Paid search,SaaS,SMB,15,Europe,9,0,0.312,0,56,1,36362.4,1,155,Analytics,0
L01570,Paid search,Healthcare,Enterprise,8805,North America,6,1,0.71,0,65,0,0.0,0,10,Enterprise Suite,0
L01571,Organic,Healthcare,Mid-market,971,APAC,3,1,0.664,0,56,0,0.0,1,24,Core,1
L01572,Paid search,SaaS,Enterprise,8471,Europe,3,3,0.407,0,53,0,0.0,0,127,Core,0
L01573,Paid search,Healthcare,SMB,27,LATAM,6,6,0.217,0,47,1,19301.27,0,135,Analytics,0
L01574,Outbound,Healthcare,SMB,67,LATAM,12,1,0.444,0,23,0,0.0,0,76,Core,0
L01575,Referral,Healthcare,Mid-market,503,Europe,8,2,0.321,1,69,0,0.0,0,154,Enterprise Suite,0
L01576,Organic,Manufacturing,Mid-market,505,North America,5,3,0.643,0,12,0,0.0,0,121,Enterprise Suite,0
L01577,Outbound,Retail,SMB,32,APAC,4,3,0.47,0,14,0,0.0,1,38,Core,0
L01578,Outbound,Healthcare,Enterprise,5594,LATAM,9,2,0.347,0,3,0,0.0,0,5,Analytics,1
L01579,Outbound,Healthcare,Mid-market,346,LATAM,7,2,0.249,0,57,0,0.0,0,63,Enterprise Suite,0
L01580,Outbound,Finance,Mid-market,551,Europe,12,0,0.581,1,61,0,0.0,0,21,Analytics,0
L01581,Outbound,SaaS,SMB,69,LATAM,11,0,0.468,0,75,1,2398.45,0,174,Analytics,0
L01582,Organic,SaaS,Mid-market,164,Europe,6,2,0.763,1,19,0,0.0,0,102,Core,0
L01583,Organic,Manufacturing,SMB,43,Europe,4,4,0.55,0,51,0,0.0,0,160,Analytics,0
L01584,Organic,SaaS,Enterprise,1462,North America,3,2,0.904,0,38,0,0.0,0,51,Analytics,0
L01585,Paid search,SaaS,SMB,37,North America,8,2,0.871,1,87,0,0.0,0,177,Core,1
L01586,Outbound,SaaS,SMB,11,North America,8,2,0.416,0,53,0,0.0,0,76,Core,0
L01587,Organic,Finance,SMB,44,LATAM,16,3,0.629,0,59,0,0.0,0,131,Enterprise Suite,0
L01588,Paid search,Retail,Mid-market,731,North America,13,3,1.0,0,32,0,0.0,1,82,Enterprise Suite,1
L01589,Organic,Retail,Enterprise,8991,LATAM,5,1,0.415,0,65,0,0.0,0,21,Enterprise Suite,0
L01590,Organic,Healthcare,Enterprise,9514,LATAM,6,0,0.253,0,3,1,6704.31,0,115,Enterprise Suite,0
L01591,Organic,Retail,Mid-market,681,North America,1,1,0.396,0,78,0,0.0,1,90,Enterprise Suite,0
L01592,Referral,Retail,Enterprise,9752,LATAM,3,1,0.742,0,47,0,0.0,0,88,Enterprise Suite,0
L01593,Outbound,Manufacturing,Mid-market,526,Europe,10,0,0.388,0,52,0,0.0,1,138,Analytics,1
L01594,Organic,Retail,SMB,9,APAC,3,1,0.495,0,84,1,1584.26,0,144,Analytics,0
L01595,Outbound,SaaS,Mid-market,115,North America,5,3,0.519,0,14,0,0.0,0,46,Core,0
L01596,Event,Retail,SMB,9,APAC,6,2,0.202,1,11,1,2772.15,1,15,Enterprise Suite,0
L01597,Organic,Healthcare,SMB,39,Europe,14,1,0.739,1,57,0,0.0,1,30,Analytics,0
L01598,Organic,Retail,SMB,45,Europe,2,0,0.129,1,33,1,12509.09,0,17,Core,0
L01599,Outbound,Manufacturing,SMB,85,APAC,9,4,0.564,0,51,0,0.0,0,175,Analytics,0
L01600,Organic,Finance,Enterprise,7654,Europe,3,1,0.346,0,28,2,9684.0,0,99,Core,0
L01601,Outbound,Healthcare,Enterprise,7683,North America,14,3,0.991,1,36,1,2257.76,0,4,Enterprise Suite,0
L01602,Referral,Retail,SMB,57,Europe,2,4,0.192,1,21,0,0.0,0,153,Analytics,0
L01603,Event,Manufacturing,Mid-market,253,Europe,4,1,0.423,0,57,0,0.0,1,27,Core,0
L01604,Outbound,Finance,SMB,10,Europe,14,6,0.857,0,56,0,0.0,1,151,Enterprise Suite,0
L01605,Organic,SaaS,SMB,21,Europe,8,1,0.288,0,60,1,1990.69,0,22,Core,1
L01606,Organic,Healthcare,SMB,45,North America,3,4,0.5,0,33,0,0.0,0,46,Analytics,0
L01607,Outbound,Manufacturing,SMB,8,Europe,4,2,0.335,1,39,0,0.0,0,171,Enterprise Suite,0
L01608,Organic,Manufacturing,SMB,50,North America,8,1,0.832,1,28,0,0.0,0,139,Enterprise Suite,1
L01609,Paid search,Finance,SMB,69,APAC,5,1,0.288,1,54,0,0.0,0,116,Core,0
L01610,Paid search,SaaS,SMB,83,North America,4,4,0.287,0,15,0,0.0,0,63,Analytics,0
L01611,Organic,Manufacturing,SMB,6,Europe,9,2,0.266,1,6,0,0.0,0,62,Analytics,1
L01612,Event,SaaS,Enterprise,4931,APAC,5,0,0.248,0,32,0,0.0,0,102,Core,0
L01613,Event,Manufacturing,SMB,93,LATAM,5,3,0.778,0,58,0,0.0,0,65,Core,0
L01614,Organic,Retail,SMB,55,LATAM,2,3,0.108,1,89,0,0.0,0,16,Core,0
L01615,Outbound,SaaS,Mid-market,812,APAC,6,0,0.603,0,20,0,0.0,1,110,Core,0
L01616,Organic,Manufacturing,SMB,70,APAC,7,0,0.187,0,78,0,0.0,0,64,Core,0
L01617,Referral,Finance,Mid-market,962,Europe,8,0,0.613,0,20,0,0.0,0,54,Core,1
L01618,Paid search,Healthcare,SMB,60,APAC,13,1,0.809,0,8,1,12560.7,1,167,Analytics,0
L01619,Outbound,SaaS,Mid-market,787,APAC,3,0,0.1,0,15,0,0.0,0,97,Core,0
L01620,Referral,Finance,Mid-market,651,LATAM,12,2,0.51,0,56,0,0.0,0,114,Core,1
L01621,Organic,SaaS,Mid-market,959,Europe,5,2,0.164,0,34,0,0.0,0,144,Core,0
L01622,Paid search,Retail,Mid-market,946,APAC,8,1,0.362,0,43,0,0.0,0,60,Analytics,0
L01623,Outbound,Healthcare,SMB,38,Europe,6,2,0.455,0,24,1,1928.02,1,20,Core,0
L01624,Referral,Finance,SMB,13,APAC,6,1,0.343,1,61,0,0.0,0,67,Analytics,0
L01625,Organic,Manufacturing,SMB,96,LATAM,17,0,0.84,0,48,0,0.0,1,180,Core,0
L01626,Event,Manufacturing,Mid-market,172,APAC,8,2,0.344,0,84,0,0.0,0,9,Analytics,0
L01627,Organic,Finance,SMB,39,North America,6,1,0.635,0,44,0,0.0,1,16,Analytics,0
L01628,Organic,Healthcare,SMB,48,Europe,5,3,0.504,0,8,0,0.0,0,43,Analytics,0
L01629,Organic,Manufacturing,Mid-market,760,APAC,1,1,0.055,0,72,0,0.0,0,25,Analytics,0
L01630,Paid search,SaaS,SMB,56,North America,1,0,0.83,0,49,1,7502.63,0,122,Enterprise Suite,0
L01631,Paid search,Retail,SMB,83,APAC,4,0,0.558,0,23,1,766.18,0,159,Analytics,0
L01632,Outbound,Finance,Mid-market,695,LATAM,9,1,0.48,1,6,0,0.0,0,32,Analytics,0
L01633,Event,Retail,SMB,87,North America,4,1,0.511,0,26,1,6565.56,0,77,Enterprise Suite,0
L01634,Event,Healthcare,Mid-market,827,APAC,7,1,0.617,0,33,0,0.0,0,18,Enterprise Suite,0
L01635,Outbound,Healthcare,Enterprise,4841,APAC,5,0,0.401,1,15,0,0.0,1,4,Core,1
L01636,Paid search,Finance,Enterprise,1710,North America,5,2,0.378,1,40,0,0.0,0,100,Analytics,0
L01637,Organic,SaaS,SMB,81,Europe,5,3,0.539,0,52,0,0.0,0,19,Analytics,0
L01638,Outbound,Healthcare,SMB,81,North America,4,2,0.309,0,7,0,0.0,0,88,Core,0
L01639,Organic,Finance,Mid-market,322,North America,14,3,0.853,0,0,0,0.0,1,122,Analytics,1
L01640,Event,Manufacturing,Mid-market,694,APAC,6,3,0.459,0,21,0,0.0,0,9,Enterprise Suite,1
L01641,Event,Retail,Mid-market,170,Europe,8,3,0.348,0,77,0,0.0,0,84,Core,0
L01642,Referral,Healthcare,SMB,98,North America,4,7,0.25,0,51,0,0.0,0,174,Analytics,0
L01643,Paid search,Healthcare,SMB,56,APAC,8,2,0.683,0,43,1,766.24,0,140,Core,1
L01644,Organic,Retail,SMB,91,North America,3,5,0.509,0,20,0,0.0,0,138,Analytics,0
L01645,Organic,SaaS,SMB,61,LATAM,6,1,0.473,1,52,0,0.0,0,15,Core,0
L01646,Paid search,Finance,SMB,57,APAC,12,2,0.851,0,64,2,6393.68,1,117,Core,1
L01647,Organic,Finance,Enterprise,7610,North America,2,0,0.237,0,22,1,16286.75,0,164,Core,0
L01648,Outbound,SaaS,SMB,84,APAC,19,4,0.905,1,59,1,23313.98,0,90,Enterprise Suite,1
L01649,Outbound,Healthcare,Mid-market,877,Europe,18,3,0.815,1,11,0,0.0,0,116,Core,1
L01650,Outbound,Manufacturing,Enterprise,9678,APAC,7,1,0.636,0,44,1,4117.58,1,113,Analytics,1
L01651,Organic,Healthcare,SMB,89,Europe,18,1,0.669,1,62,0,0.0,0,134,Analytics,1
L01652,Organic,Retail,Mid-market,102,APAC,6,1,0.27,0,50,1,3013.24,1,79,Core,0
L01653,Organic,Manufacturing,Mid-market,859,Europe,5,4,0.755,1,87,1,13186.72,1,169,Enterprise Suite,0
L01654,Referral,SaaS,SMB,29,LATAM,3,2,0.367,1,29,0,0.0,0,43,Enterprise Suite,1
L01655,Outbound,SaaS,SMB,97,LATAM,3,5,0.608,0,4,1,2348.29,0,76,Analytics,0
L01656,Organic,Finance,Mid-market,345,Europe,4,3,0.363,0,49,0,0.0,0,127,Core,0
L01657,Organic,Manufacturing,Mid-market,567,Europe,13,5,0.633,0,87,0,0.0,1,157,Core,0
L01658,Outbound,Healthcare,Mid-market,127,North America,3,5,0.358,0,28,0,0.0,0,176,Analytics,0
L01659,Organic,Manufacturing,Enterprise,3431,North America,4,2,0.215,0,72,2,28726.77,1,67,Core,0
L01660,Referral,Healthcare,SMB,52,LATAM,2,4,0.367,0,81,0,0.0,0,86,Core,1
L01661,Organic,Healthcare,Mid-market,974,North America,15,3,0.909,0,16,1,1505.25,1,148,Core,0
L01662,Paid search,SaaS,Mid-market,748,Europe,6,1,0.408,0,7,0,0.0,0,173,Enterprise Suite,0
L01663,Outbound,Finance,Mid-market,370,North America,2,3,0.262,0,28,0,0.0,0,103,Enterprise Suite,0
L01664,Organic,Healthcare,Mid-market,268,North America,4,2,0.612,0,18,0,0.0,0,65,Enterprise Suite,0
L01665,Outbound,Manufacturing,Mid-market,267,LATAM,18,3,0.515,0,88,0,0.0,1,58,Core,1
L01666,Outbound,SaaS,Enterprise,6811,LATAM,9,3,0.56,1,22,1,3825.26,0,51,Enterprise Suite,1
L01667,Outbound,Healthcare,SMB,63,LATAM,3,0,0.551,0,80,0,0.0,1,140,Analytics,0
L01668,Organic,Retail,Mid-market,296,APAC,5,2,0.437,0,70,0,0.0,1,165,Core,0
L01669,Referral,SaaS,SMB,9,APAC,9,1,0.646,0,83,1,430.22,0,179,Core,0
L01670,Outbound,Healthcare,Mid-market,842,LATAM,7,2,0.837,1,40,0,0.0,1,114,Analytics,1
L01671,Organic,Finance,Mid-market,235,Europe,13,5,0.456,1,60,0,0.0,0,95,Enterprise Suite,1
L01672,Paid search,SaaS,Mid-market,367,Europe,3,1,0.544,0,49,0,0.0,0,83,Core,0
L01673,Event,Manufacturing,SMB,58,North America,5,2,0.231,0,44,0,0.0,1,91,Analytics,0
L01674,Referral,SaaS,Mid-market,507,APAC,15,2,0.665,1,26,0,0.0,0,7,Enterprise Suite,1
L01675,Outbound,Healthcare,SMB,12,APAC,9,1,0.305,0,19,0,0.0,0,65,Core,0
L01676,Outbound,SaaS,SMB,67,APAC,6,2,0.297,0,24,0,0.0,0,100,Analytics,0
L01677,Event,Finance,SMB,99,APAC,2,2,0.691,0,25,0,0.0,1,8,Enterprise Suite,1
L01678,Paid search,Retail,Enterprise,1052,LATAM,4,2,0.321,0,58,0,0.0,0,65,Enterprise Suite,0
L01679,Outbound,Retail,SMB,88,Europe,3,2,0.714,0,6,0,0.0,1,25,Enterprise Suite,1
L01680,Paid search,Healthcare,Enterprise,2626,Europe,6,3,0.524,0,61,0,0.0,0,142,Analytics,0
L01681,Event,Healthcare,SMB,59,North America,5,4,0.244,0,62,0,0.0,0,6,Core,0
L01682,Outbound,SaaS,Mid-market,123,North America,18,4,1.0,0,46,2,4722.15,1,65,Core,1
L01683,Event,SaaS,Mid-market,429,North America,3,0,0.398,1,79,0,0.0,1,33,Analytics,0
L01684,Organic,SaaS,Mid-market,962,North America,3,1,0.753,1,63,0,0.0,1,168,Enterprise Suite,0
L01685,Referral,Finance,Mid-market,329,North America,6,1,0.531,0,55,2,1044.89,0,157,Enterprise Suite,0
L01686,Organic,Retail,Mid-market,604,North America,14,1,0.929,0,69,0,0.0,0,161,Analytics,0
L01687,Paid search,SaaS,Enterprise,8074,North America,5,4,0.602,1,48,0,0.0,1,138,Enterprise Suite,1
L01688,Paid search,Manufacturing,Mid-market,539,North America,8,1,0.443,0,9,2,4883.94,0,125,Core,0
L01689,Paid search,Retail,SMB,9,LATAM,8,0,0.335,0,61,0,0.0,1,4,Analytics,1
L01690,Organic,Finance,SMB,99,North America,8,2,0.337,0,21,0,0.0,0,98,Analytics,0
L01691,Outbound,Manufacturing,Mid-market,353,LATAM,14,1,0.794,0,5,0,0.0,1,131,Enterprise Suite,0
L01692,Outbound,Healthcare,SMB,96,North America,3,4,0.817,0,55,0,0.0,0,118,Enterprise Suite,0
L01693,Organic,Healthcare,Mid-market,768,Europe,12,1,0.561,1,26,0,0.0,0,9,Enterprise Suite,1
L01694,Event,Finance,Mid-market,968,LATAM,2,3,0.17,0,78,1,3033.2,0,113,Core,0
L01695,Event,Retail,SMB,64,LATAM,12,4,0.709,0,35,0,0.0,1,149,Enterprise Suite,1
L01696,Paid search,Healthcare,Mid-market,162,North America,5,2,0.436,0,73,0,0.0,1,162,Core,0
L01697,Organic,Finance,Mid-market,900,LATAM,0,1,0.559,0,75,1,662.53,0,92,Analytics,0
L01698,Outbound,Retail,Mid-market,796,LATAM,13,1,1.0,0,52,0,0.0,0,42,Core,0
L01699,Outbound,Retail,Mid-market,205,LATAM,7,1,0.77,0,24,2,1599.49,1,43,Analytics,0
L01700,Event,Healthcare,Enterprise,1612,North America,3,2,0.516,0,39,1,697.52,1,38,Analytics,0
L01701,Outbound,Retail,Mid-market,358,LATAM,7,4,0.277,1,8,0,0.0,1,97,Core,1
L01702,Outbound,SaaS,Enterprise,8900,LATAM,5,0,0.268,1,2,0,0.0,0,122,Enterprise Suite,0
L01703,Organic,Healthcare,SMB,35,North America,4,2,0.412,0,3,0,0.0,0,145,Enterprise Suite,0
L01704,Paid search,SaaS,Mid-market,656,LATAM,6,1,0.418,0,82,0,0.0,1,180,Core,0
L01705,Paid search,Finance,Mid-market,404,Europe,1,2,0.346,0,11,0,0.0,0,3,Analytics,1
L01706,Outbound,Finance,SMB,85,LATAM,8,4,0.79,1,67,0,0.0,0,31,Enterprise Suite,1
L01707,Referral,Retail,SMB,91,Europe,7,4,0.572,0,85,0,0.0,1,97,Enterprise Suite,1
L01708,Paid search,SaaS,Mid-market,509,APAC,5,1,0.267,1,25,0,0.0,1,153,Core,1
L01709,Outbound,Retail,SMB,44,LATAM,2,0,0.37,1,18,0,0.0,0,75,Analytics,0
L01710,Organic,Healthcare,Enterprise,7970,Europe,5,4,0.721,1,45,2,7992.26,0,162,Analytics,0
L01711,Outbound,Manufacturing,SMB,83,LATAM,13,1,0.613,0,53,0,0.0,0,157,Analytics,0
L01712,Organic,Finance,SMB,70,APAC,0,1,0.068,1,21,0,0.0,0,113,Enterprise Suite,0
L01713,Outbound,Healthcare,Mid-market,956,Europe,4,1,0.157,0,40,0,0.0,0,113,Enterprise Suite,0
L01714,Outbound,Healthcare,SMB,72,North America,5,0,0.339,1,82,0,0.0,1,118,Enterprise Suite,1
L01715,Organic,Retail,SMB,84,Europe,5,2,0.69,0,41,0,0.0,0,113,Core,0
L01716,Event,Manufacturing,Mid-market,201,North America,5,4,0.233,0,40,0,0.0,1,127,Enterprise Suite,0
L01717,Organic,Finance,Mid-market,689,APAC,2,2,0.192,0,25,0,0.0,0,41,Enterprise Suite,0
L01718,Paid search,Retail,SMB,83,LATAM,3,3,0.251,0,76,0,0.0,1,128,Core,1
L01719,Event,Finance,Mid-market,454,LATAM,5,3,0.228,1,84,0,0.0,0,18,Core,0
L01720,Outbound,Finance,Mid-market,805,North America,3,0,0.623,0,55,0,0.0,0,12,Enterprise Suite,0
L01721,Referral,Finance,Mid-market,249,APAC,5,5,0.416,0,20,0,0.0,1,2,Analytics,1
L01722,Organic,Manufacturing,SMB,22,Europe,7,4,0.542,0,47,0,0.0,0,174,Enterprise Suite,0
L01723,Event,Finance,SMB,75,North America,4,2,0.32,0,13,0,0.0,0,111,Enterprise Suite,0
L01724,Paid search,Retail,Enterprise,2503,LATAM,8,5,0.675,1,81,0,0.0,0,100,Analytics,1
L01725,Paid search,Healthcare,Mid-market,359,APAC,21,2,0.619,0,83,1,6871.12,0,146,Core,0
L01726,Referral,Finance,SMB,85,LATAM,8,1,0.751,1,12,0,0.0,1,56,Analytics,1
L01727,Organic,Healthcare,Enterprise,9438,North America,4,0,0.428,0,44,1,1725.09,0,154,Analytics,0
L01728,Outbound,Healthcare,SMB,48,APAC,9,4,0.607,0,5,0,0.0,0,78,Analytics,1
L01729,Referral,Healthcare,Mid-market,310,LATAM,5,4,0.547,0,45,0,0.0,0,57,Analytics,1
L01730,Organic,Finance,Mid-market,864,Europe,9,3,0.402,1,59,0,0.0,1,65,Enterprise Suite,1
L01731,Outbound,Retail,Enterprise,1968,LATAM,7,4,0.88,0,66,0,0.0,0,178,Core,1
L01732,Referral,SaaS,Enterprise,8537,North America,7,2,0.512,0,82,2,2394.38,0,77,Analytics,0
L01733,Event,Manufacturing,SMB,66,North America,5,2,0.67,0,88,0,0.0,0,26,Core,0
L01734,Organic,Retail,Mid-market,562,LATAM,10,2,0.535,0,12,0,0.0,0,148,Enterprise Suite,1
L01735,Outbound,Finance,SMB,81,North America,15,1,1.0,0,64,0,0.0,1,170,Enterprise Suite,1
L01736,Event,Retail,Mid-market,263,North America,4,1,0.711,0,21,0,0.0,1,95,Enterprise Suite,0
L01737,Outbound,Retail,Mid-market,899,North America,8,0,0.814,0,68,1,5521.5,1,65,Enterprise Suite,0
L01738,Organic,SaaS,SMB,48,Europe,17,2,0.758,1,35,0,0.0,0,24,Core,1
L01739,Paid search,Finance,SMB,42,APAC,3,2,0.412,0,54,0,0.0,1,95,Enterprise Suite,0
L01740,Event,Retail,SMB,57,LATAM,4,1,0.5,0,83,1,8478.85,1,83,Analytics,0
L01741,Organic,SaaS,SMB,77,APAC,0,1,0.218,0,83,0,0.0,1,97,Enterprise Suite,1
L01742,Organic,Manufacturing,SMB,33,APAC,6,1,0.358,0,76,0,0.0,1,27,Enterprise Suite,0
L01743,Referral,Healthcare,Enterprise,4826,North America,15,4,0.667,1,41,0,0.0,0,165,Analytics,1
L01744,Outbound,SaaS,Mid-market,548,North America,1,3,0.361,0,87,1,7870.62,0,8,Enterprise Suite,0
L01745,Event,Retail,Mid-market,615,LATAM,17,2,0.637,0,0,0,0.0,0,84,Enterprise Suite,1
L01746,Paid search,Retail,Enterprise,4700,North America,2,0,0.619,0,69,1,11407.4,1,65,Core,0
L01747,Event,SaaS,Mid-market,132,North America,15,1,0.649,0,19,0,0.0,0,100,Enterprise Suite,0
L01748,Paid search,SaaS,SMB,86,LATAM,5,2,0.33,0,31,2,1819.82,0,174,Enterprise Suite,0
L01749,Paid search,Healthcare,Enterprise,4406,APAC,3,1,0.58,1,83,0,0.0,0,158,Analytics,0
L01750,Paid search,Retail,Mid-market,767,Europe,15,1,0.922,1,4,0,0.0,0,38,Enterprise Suite,1
L01751,Event,Manufacturing,Mid-market,346,APAC,4,1,0.187,0,18,0,0.0,0,61,Enterprise Suite,0
L01752,Organic,SaaS,Enterprise,9796,Europe,6,0,0.594,0,55,2,19092.75,0,93,Enterprise Suite,0
L01753,Outbound,Retail,Mid-market,946,LATAM,14,2,0.494,1,89,0,0.0,1,113,Core,0
L01754,Outbound,Finance,Mid-market,375,APAC,1,2,0.335,0,80,0,0.0,0,38,Analytics,0
L01755,Organic,Finance,Enterprise,7945,APAC,1,1,0.164,0,49,1,4105.45,0,115,Enterprise Suite,0
L01756,Paid search,SaaS,SMB,32,Europe,7,4,0.772,0,40,0,0.0,0,36,Enterprise Suite,0
L01757,Referral,Finance,Mid-market,782,North America,18,3,0.67,1,35,0,0.0,0,141,Analytics,0
L01758,Outbound,Healthcare,SMB,96,LATAM,3,2,0.67,0,35,0,0.0,0,31,Core,0
L01759,Outbound,Manufacturing,SMB,83,Europe,3,2,0.587,0,70,0,0.0,0,75,Core,0
L01760,Outbound,SaaS,Mid-market,421,APAC,3,0,0.19,0,71,0,0.0,0,146,Core,0
L01761,Organic,Healthcare,SMB,12,LATAM,6,1,0.677,0,26,0,0.0,0,30,Core,0
L01762,Organic,Retail,Enterprise,1169,Europe,12,0,0.406,1,35,1,4089.24,0,116,Core,0
L01763,Organic,Finance,SMB,91,APAC,10,1,0.742,1,73,1,2463.12,0,76,Enterprise Suite,0
L01764,Referral,Manufacturing,Mid-market,492,LATAM,14,3,0.779,0,66,0,0.0,1,74,Analytics,1
L01765,Referral,Manufacturing,SMB,33,North America,14,1,0.476,0,46,0,0.0,0,160,Analytics,1
L01766,Referral,Manufacturing,Enterprise,7788,LATAM,9,5,0.344,0,18,0,0.0,0,7,Analytics,1
L01767,Outbound,Manufacturing,SMB,59,North America,6,0,0.604,0,21,0,0.0,0,29,Enterprise Suite,0
L01768,Referral,Retail,SMB,5,APAC,10,4,0.356,1,57,0,0.0,0,35,Core,1
L01769,Referral,SaaS,SMB,19,LATAM,7,0,0.501,0,62,0,0.0,0,146,Core,0
L01770,Outbound,Healthcare,Mid-market,331,Europe,6,2,0.333,0,51,0,0.0,0,27,Core,0
L01771,Paid search,Retail,Enterprise,8924,North America,3,1,0.558,0,49,0,0.0,0,57,Analytics,0
L01772,Event,Healthcare,Enterprise,6722,APAC,6,2,0.205,1,39,0,0.0,0,178,Core,0
L01773,Paid search,Retail,SMB,6,Europe,7,3,0.286,0,67,1,605.6,0,156,Enterprise Suite,1
L01774,Outbound,Manufacturing,SMB,12,APAC,3,2,0.273,0,29,0,0.0,0,93,Enterprise Suite,0
L01775,Paid search,Retail,SMB,5,APAC,5,2,0.576,1,58,0,0.0,1,6,Enterprise Suite,0
L01776,Paid search,SaaS,Mid-market,110,LATAM,14,1,0.667,0,55,0,0.0,0,7,Analytics,0
L01777,Event,Healthcare,Mid-market,837,LATAM,6,6,0.623,0,21,0,0.0,1,105,Analytics,1
L01778,Paid search,Finance,SMB,85,LATAM,8,4,0.988,0,85,0,0.0,1,160,Analytics,0
L01779,Organic,SaaS,Mid-market,936,North America,5,1,0.415,0,66,0,0.0,0,20,Analytics,0
L01780,Paid search,Retail,Enterprise,5953,LATAM,5,4,0.385,0,27,0,0.0,0,115,Core,0
L01781,Organic,Retail,SMB,31,North America,8,5,0.9,0,25,0,0.0,1,2,Core,0
L01782,Outbound,Manufacturing,SMB,47,LATAM,11,0,0.846,0,5,2,6471.64,1,164,Core,1
L01783,Organic,SaaS,SMB,80,LATAM,14,4,0.446,0,41,0,0.0,0,83,Core,0
L01784,Organic,Finance,SMB,27,Europe,7,4,0.645,0,79,0,0.0,0,25,Core,0
L01785,Organic,Manufacturing,SMB,42,APAC,7,1,0.602,0,24,0,0.0,0,22,Core,0
L01786,Outbound,Retail,Mid-market,546,Europe,4,2,0.564,0,1,0,0.0,1,45,Core,0
L01787,Organic,Manufacturing,SMB,8,Europe,12,4,0.345,0,40,1,1167.57,0,6,Enterprise Suite,0
L01788,Event,Finance,Mid-market,386,APAC,3,3,0.522,0,5,1,5953.49,0,162,Analytics,1
L01789,Outbound,SaaS,Enterprise,6083,North America,2,4,0.502,0,71,2,7810.53,0,8,Core,1
L01790,Referral,Manufacturing,Enterprise,2965,LATAM,11,3,0.567,1,12,1,1882.76,0,75,Core,1
L01791,Event,Retail,Mid-market,842,Europe,1,0,0.135,0,35,0,0.0,0,50,Analytics,0
L01792,Organic,Retail,SMB,59,Europe,4,2,0.254,0,67,2,5196.94,0,111,Enterprise Suite,1
L01793,Organic,Finance,SMB,49,APAC,10,1,0.352,0,22,0,0.0,0,172,Core,0
L01794,Event,SaaS,SMB,91,APAC,3,1,0.591,0,6,1,3263.35,1,16,Analytics,0
L01795,Outbound,Retail,Enterprise,1185,LATAM,3,2,0.192,0,70,4,8135.67,0,129,Analytics,0
L01796,Organic,Finance,Enterprise,4507,Europe,3,2,0.523,0,44,1,10360.49,0,173,Enterprise Suite,0
L01797,Paid search,Manufacturing,SMB,11,North America,6,5,0.507,0,6,0,0.0,0,24,Enterprise Suite,1
L01798,Organic,SaaS,SMB,25,North America,6,1,0.378,1,12,0,0.0,0,162,Core,1
L01799,Paid search,Healthcare,Mid-market,372,North America,5,3,0.467,1,80,0,0.0,0,131,Enterprise Suite,0
L01800,Paid search,Finance,SMB,8,LATAM,6,2,0.235,1,50,0,0.0,1,110,Core,0
L01801,Paid search,Finance,Enterprise,2007,North America,5,0,0.188,0,23,1,641.26,0,113,Analytics,0
L01802,Paid search,Finance,SMB,72,Europe,0,0,0.228,0,43,0,0.0,0,116,Analytics,0
L01803,Referral,Finance,SMB,52,APAC,5,3,0.47,0,88,1,3164.19,0,77,Core,0
L01804,Event,Finance,SMB,52,APAC,9,1,0.657,0,27,0,0.0,0,82,Enterprise Suite,0
L01805,Event,Retail,SMB,49,APAC,3,2,0.322,0,19,0,0.0,1,114,Core,0
L01806,Event,SaaS,SMB,89,LATAM,4,1,0.389,1,51,0,0.0,0,68,Enterprise Suite,0
L01807,Referral,Retail,Enterprise,2013,LATAM,7,1,0.226,0,74,1,446.67,0,135,Analytics,0
L01808,Paid search,Manufacturing,SMB,23,APAC,11,3,0.616,1,27,0,0.0,1,55,Core,1
L01809,Organic,Finance,Mid-market,766,LATAM,5,2,0.315,0,7,1,2743.71,0,147,Enterprise Suite,0
L01810,Referral,Retail,SMB,88,Europe,4,3,0.842,0,75,1,5985.85,0,44,Analytics,1
L01811,Organic,Healthcare,SMB,47,Europe,5,2,0.397,0,74,0,0.0,0,133,Analytics,0
L01812,Paid search,Retail,SMB,80,Europe,4,2,0.771,0,83,0,0.0,0,58,Analytics,0
L01813,Event,Retail,SMB,57,LATAM,6,3,0.374,0,31,0,0.0,1,102,Analytics,0
L01814,Organic,Healthcare,SMB,94,Europe,4,5,0.502,0,46,1,908.69,0,76,Core,0
L01815,Outbound,Retail,SMB,92,Europe,3,1,0.181,1,42,1,2723.95,1,114,Core,0
L01816,Paid search,Manufacturing,Mid-market,391,LATAM,5,0,0.296,0,11,0,0.0,0,150,Core,0
L01817,Event,Manufacturing,Mid-market,843,Europe,3,0,0.399,0,56,0,0.0,1,114,Analytics,0
L01818,Paid search,Healthcare,Enterprise,3728,Europe,11,1,0.86,0,29,1,4970.45,0,10,Analytics,0
L01819,Paid search,Finance,SMB,62,LATAM,8,0,0.398,0,80,1,3456.84,0,106,Core,0
L01820,Paid search,SaaS,Mid-market,853,Europe,3,3,0.347,0,73,1,884.97,0,93,Analytics,0
L01821,Outbound,Retail,Mid-market,649,LATAM,9,1,0.549,0,19,0,0.0,0,109,Enterprise Suite,0
L01822,Paid search,Manufacturing,SMB,66,LATAM,4,2,0.523,0,18,0,0.0,0,48,Core,0
L01823,Paid search,Finance,SMB,99,APAC,14,4,0.678,0,11,0,0.0,0,36,Analytics,1
L01824,Paid search,SaaS,Mid-market,222,APAC,5,2,0.286,0,11,0,0.0,1,103,Analytics,1
L01825,Event,Finance,Mid-market,538,North America,9,0,0.824,0,40,3,14043.86,0,84,Analytics,0
L01826,Referral,Finance,SMB,78,APAC,2,2,0.068,0,86,0,0.0,0,111,Core,0
L01827,Paid search,Manufacturing,SMB,58,APAC,7,4,0.974,1,47,0,0.0,0,79,Enterprise Suite,1
L01828,Paid search,SaaS,Enterprise,4136,Europe,1,3,0.36,0,49,1,5269.52,0,85,Analytics,1
L01829,Outbound,Finance,SMB,86,North America,3,1,0.798,0,36,0,0.0,0,99,Core,0
L01830,Paid search,Manufacturing,Enterprise,3005,North America,5,1,0.49,1,41,0,0.0,1,23,Enterprise Suite,0
L01831,Paid search,Healthcare,Mid-market,468,North America,5,2,0.753,0,44,0,0.0,0,82,Core,1
L01832,Outbound,Finance,Enterprise,6714,Europe,5,2,0.894,0,83,0,0.0,0,71,Core,0
L01833,Paid search,Healthcare,Mid-market,190,North America,5,0,0.443,0,5,1,2111.35,0,11,Core,0
L01834,Organic,Retail,SMB,29,APAC,9,0,0.696,0,48,0,0.0,0,31,Enterprise Suite,0
L01835,Organic,Healthcare,Mid-market,634,APAC,6,1,0.663,1,52,0,0.0,0,145,Enterprise Suite,0
L01836,Referral,SaaS,Mid-market,893,Europe,7,3,0.42,1,44,0,0.0,0,139,Core,1
L01837,Referral,Manufacturing,Mid-market,367,North America,17,1,0.917,1,38,0,0.0,1,72,Enterprise Suite,1
L01838,Paid search,SaaS,SMB,40,APAC,10,2,0.606,0,27,0,0.0,1,126,Enterprise Suite,1
L01839,Event,Finance,SMB,37,North America,9,1,0.957,1,39,0,0.0,0,147,Enterprise Suite,0
L01840,Event,Retail,SMB,94,APAC,6,3,0.563,0,60,0,0.0,0,135,Enterprise Suite,0
L01841,Referral,Manufacturing,SMB,44,North America,8,1,0.415,0,28,0,0.0,1,102,Analytics,1
L01842,Paid search,Manufacturing,Mid-market,216,North America,10,1,0.597,0,64,0,0.0,0,46,Analytics,0
L01843,Organic,Finance,Enterprise,7424,Europe,5,2,0.84,0,73,0,0.0,0,95,Core,0
L01844,Outbound,SaaS,Mid-market,747,Europe,3,0,0.223,1,12,0,0.0,0,147,Enterprise Suite,0
L01845,Organic,Retail,Mid-market,843,APAC,3,5,0.378,0,58,0,0.0,0,147,Analytics,0
L01846,Paid search,Finance,SMB,10,LATAM,15,2,0.417,1,70,0,0.0,0,44,Enterprise Suite,1
L01847,Organic,Manufacturing,SMB,78,APAC,5,2,0.354,0,69,0,0.0,0,159,Analytics,0
L01848,Event,Manufacturing,SMB,65,Europe,7,2,0.215,0,39,0,0.0,1,146,Core,0
L01849,Paid search,Manufacturing,SMB,42,APAC,3,5,0.21,0,25,1,10007.51,0,44,Analytics,0
L01850,Event,Retail,SMB,87,LATAM,4,3,0.653,1,37,1,185.81,1,42,Core,0
L01851,Organic,Manufacturing,SMB,72,Europe,12,3,0.599,0,69,0,0.0,0,147,Core,0
L01852,Outbound,Manufacturing,SMB,22,LATAM,5,1,0.353,0,81,1,498.5,0,48,Core,0
L01853,Paid search,Retail,Mid-market,343,Europe,6,0,0.316,0,48,0,0.0,0,170,Enterprise Suite,0
L01854,Event,SaaS,SMB,43,North America,5,3,0.377,0,14,0,0.0,0,103,Core,0
L01855,Outbound,Retail,SMB,8,LATAM,9,0,0.527,0,7,0,0.0,0,128,Analytics,0
L01856,Outbound,SaaS,SMB,95,APAC,5,4,0.704,0,44,1,3108.46,1,71,Core,0
L01857,Organic,SaaS,Mid-market,836,North America,6,0,0.738,0,47,0,0.0,0,99,Core,0
L01858,Organic,Manufacturing,Mid-market,219,Europe,3,2,0.606,0,40,1,2107.99,0,145,Enterprise Suite,0
L01859,Organic,Manufacturing,SMB,47,APAC,14,2,0.578,0,67,0,0.0,0,55,Analytics,0
L01860,Organic,SaaS,SMB,79,LATAM,14,3,0.74,0,54,1,2741.06,1,61,Analytics,1
L01861,Paid search,Healthcare,Enterprise,1818,North America,5,3,0.426,1,47,0,0.0,0,95,Analytics,0
L01862,Outbound,Manufacturing,Mid-market,121,North America,9,0,0.406,0,20,0,0.0,0,147,Core,0
L01863,Outbound,Healthcare,Mid-market,751,Europe,7,0,0.496,0,60,0,0.0,0,157,Enterprise Suite,0
L01864,Paid search,Healthcare,Mid-market,140,LATAM,4,3,0.477,0,22,1,1040.63,0,163,Enterprise Suite,0
L01865,Paid search,Healthcare,Mid-market,702,APAC,5,2,0.239,0,85,0,0.0,0,48,Core,0
L01866,Outbound,Healthcare,Enterprise,4456,North America,3,1,0.571,1,4,0,0.0,0,109,Enterprise Suite,0
L01867,Outbound,SaaS,SMB,28,LATAM,7,2,0.524,0,15,0,0.0,1,156,Enterprise Suite,0
L01868,Organic,Manufacturing,Mid-market,278,LATAM,2,1,0.39,0,72,0,0.0,1,101,Core,0
L01869,Paid search,Finance,SMB,85,North America,4,0,0.611,0,88,0,0.0,1,88,Core,0
L01870,Outbound,Retail,Mid-market,944,Europe,6,5,0.65,0,8,0,0.0,0,148,Analytics,0
L01871,Organic,SaaS,SMB,82,Europe,9,0,0.691,0,14,0,0.0,1,139,Enterprise Suite,1
L01872,Paid search,Retail,SMB,99,North America,5,2,0.511,0,55,1,5375.06,0,104,Core,0
L01873,Outbound,Healthcare,Enterprise,9457,APAC,5,3,0.934,0,88,1,5272.02,1,168,Analytics,0
L01874,Outbound,Healthcare,Enterprise,2630,North America,13,2,0.713,1,2,0,0.0,0,109,Analytics,1
L01875,Outbound,Manufacturing,SMB,92,APAC,5,1,0.648,0,35,0,0.0,0,107,Core,0
L01876,Outbound,Manufacturing,Enterprise,8779,North America,10,1,0.696,0,53,1,784.49,0,114,Analytics,0
L01877,Organic,Manufacturing,SMB,48,APAC,12,1,0.907,0,56,0,0.0,1,47,Core,0
L01878,Organic,Manufacturing,SMB,84,Europe,4,1,0.137,0,20,0,0.0,0,45,Analytics,0
L01879,Paid search,Manufacturing,Enterprise,7439,Europe,3,2,0.296,0,1,2,21146.89,0,133,Core,0
L01880,Paid search,Manufacturing,SMB,57,Europe,15,2,0.4,0,59,1,3921.4,1,24,Enterprise Suite,1
L01881,Paid search,Retail,SMB,58,LATAM,7,0,0.64,0,88,0,0.0,1,3,Analytics,0
L01882,Paid search,SaaS,Mid-market,930,Europe,2,1,0.382,0,69,0,0.0,0,33,Analytics,0
L01883,Organic,Manufacturing,SMB,59,LATAM,3,2,0.097,0,81,0,0.0,0,44,Analytics,1
L01884,Event,Manufacturing,SMB,20,LATAM,5,2,0.565,0,88,0,0.0,0,107,Analytics,0
L01885,Organic,SaaS,SMB,28,APAC,4,1,0.298,0,60,1,676.86,1,1,Analytics,0
L01886,Organic,Healthcare,Mid-market,260,APAC,6,1,0.251,0,67,0,0.0,0,42,Core,0
L01887,Referral,Finance,SMB,82,APAC,2,2,0.848,0,15,1,2037.84,0,8,Analytics,1
L01888,Organic,Healthcare,SMB,83,Europe,8,3,0.282,0,85,0,0.0,0,180,Core,0
L01889,Outbound,Retail,Mid-market,426,LATAM,4,4,0.608,0,54,0,0.0,1,127,Enterprise Suite,0
L01890,Paid search,SaaS,SMB,44,Europe,2,6,0.297,0,83,0,0.0,1,27,Core,0
L01891,Organic,Healthcare,SMB,11,LATAM,7,0,0.191,0,88,0,0.0,1,6,Core,0
L01892,Event,Retail,Mid-market,411,LATAM,0,3,0.327,0,25,0,0.0,0,145,Core,0
L01893,Paid search,Finance,Mid-market,332,APAC,6,1,0.686,0,69,1,5562.85,1,98,Enterprise Suite,0
L01894,Referral,Manufacturing,SMB,10,North America,9,0,0.597,1,35,0,0.0,0,131,Analytics,1
L01895,Organic,Retail,Enterprise,6613,LATAM,4,0,0.291,0,7,0,0.0,1,167,Analytics,0
L01896,Organic,Retail,Mid-market,425,APAC,3,0,0.193,0,37,0,0.0,0,172,Analytics,0
L01897,Event,Manufacturing,SMB,46,North America,10,0,0.455,1,42,0,0.0,0,80,Core,0
L01898,Organic,Retail,Mid-market,521,APAC,9,0,0.26,0,31,0,0.0,0,46,Analytics,0
L01899,Referral,Finance,Mid-market,193,North America,4,3,0.581,0,37,0,0.0,0,97,Core,0
L01900,Referral,SaaS,Mid-market,877,LATAM,6,1,0.431,0,66,0,0.0,0,147,Analytics,0
L01901,Paid search,SaaS,Mid-market,473,Europe,7,1,0.427,0,64,0,0.0,0,138,Core,0
L01902,Referral,Healthcare,Mid-market,145,LATAM,13,2,1.0,1,34,0,0.0,1,95,Analytics,1
L01903,Outbound,Retail,Enterprise,1146,North America,15,1,0.723,0,63,1,5166.56,0,63,Analytics,0
L01904,Organic,Healthcare,Mid-market,128,North America,9,2,0.915,0,82,0,0.0,0,57,Core,0
L01905,Paid search,Finance,Mid-market,689,North America,15,3,0.847,0,80,0,0.0,0,19,Enterprise Suite,0
L01906,Paid search,Finance,Mid-market,706,Europe,3,0,0.738,0,50,1,12006.62,0,95,Enterprise Suite,0
L01907,Paid search,Healthcare,Enterprise,3465,Europe,3,0,0.384,0,76,2,4180.54,0,144,Core,0
L01908,Referral,Finance,Enterprise,9972,Europe,7,5,0.447,1,27,2,4172.85,1,102,Analytics,1
L01909,Outbound,Manufacturing,SMB,43,APAC,10,2,0.3,1,13,0,0.0,0,73,Core,1
L01910,Outbound,Retail,SMB,47,LATAM,5,5,0.334,1,75,1,18217.49,0,23,Analytics,0
L01911,Referral,Manufacturing,Mid-market,237,APAC,5,2,0.16,1,65,0,0.0,0,53,Analytics,0
L01912,Organic,Manufacturing,SMB,86,APAC,3,1,0.185,1,61,0,0.0,0,126,Analytics,0
L01913,Outbound,Finance,Mid-market,958,LATAM,3,2,0.374,0,68,0,0.0,1,49,Core,0
L01914,Paid search,SaaS,Mid-market,396,LATAM,16,2,0.461,0,28,1,900.45,0,34,Analytics,0
L01915,Organic,Finance,Enterprise,7668,APAC,7,0,0.48,1,24,0,0.0,0,108,Core,0
L01916,Organic,Retail,SMB,15,Europe,2,0,0.226,0,80,0,0.0,0,88,Core,0
L01917,Event,Manufacturing,Mid-market,355,LATAM,9,2,0.743,1,69,0,0.0,1,69,Enterprise Suite,0
L01918,Event,SaaS,SMB,21,North America,3,5,0.191,0,40,2,6633.15,0,97,Analytics,0
L01919,Paid search,Finance,Mid-market,218,North America,7,1,0.553,1,37,0,0.0,1,99,Core,0
L01920,Outbound,Healthcare,SMB,45,APAC,7,3,0.612,0,9,0,0.0,1,10,Enterprise Suite,0
L01921,Paid search,Finance,Mid-market,872,LATAM,5,0,0.484,0,4,1,22207.14,0,130,Analytics,0
L01922,Organic,Retail,Mid-market,650,Europe,4,1,0.706,1,73,0,0.0,1,70,Enterprise Suite,1
L01923,Paid search,Finance,Mid-market,956,Europe,5,1,0.51,0,31,0,0.0,0,28,Enterprise Suite,0
L01924,Organic,Retail,Mid-market,284,LATAM,13,4,0.886,1,63,0,0.0,1,115,Enterprise Suite,1
L01925,Organic,Manufacturing,SMB,76,APAC,3,2,0.412,0,80,1,5487.19,0,162,Analytics,0
L01926,Referral,Manufacturing,SMB,71,APAC,3,3,0.289,1,3,0,0.0,0,17,Core,1
L01927,Organic,Manufacturing,SMB,58,LATAM,14,0,0.766,0,24,0,0.0,0,22,Enterprise Suite,0
L01928,Event,Healthcare,Enterprise,6016,Europe,4,1,0.391,0,12,1,5725.5,0,31,Core,1
L01929,Referral,Finance,Enterprise,9990,Europe,4,1,0.256,1,47,0,0.0,0,92,Enterprise Suite,0
L01930,Paid search,SaaS,SMB,93,North America,7,2,0.766,0,80,0,0.0,0,173,Enterprise Suite,0
L01931,Event,Healthcare,SMB,5,North America,7,2,0.483,1,18,0,0.0,1,18,Enterprise Suite,1
L01932,Paid search,SaaS,SMB,19,Europe,8,2,0.366,0,3,0,0.0,0,112,Enterprise Suite,1
L01933,Event,Retail,Mid-market,497,LATAM,19,2,0.972,1,60,0,0.0,0,51,Core,0
L01934,Outbound,SaaS,SMB,79,APAC,7,2,0.725,1,49,1,1698.38,1,151,Enterprise Suite,1
L01935,Event,Manufacturing,SMB,33,North America,5,3,0.566,1,65,0,0.0,0,129,Core,0
L01936,Referral,Finance,SMB,63,Europe,16,1,0.858,1,5,0,0.0,1,83,Core,0
L01937,Paid search,Healthcare,SMB,28,LATAM,3,3,0.369,1,19,0,0.0,0,179,Core,0
L01938,Paid search,Healthcare,SMB,76,APAC,8,1,0.838,0,74,1,1384.77,1,25,Core,1
L01939,Organic,Healthcare,SMB,48,APAC,6,3,0.465,0,28,0,0.0,1,29,Analytics,1
L01940,Referral,Manufacturing,Mid-market,563,LATAM,5,1,0.412,0,14,0,0.0,1,109,Analytics,1
L01941,Organic,SaaS,Mid-market,926,LATAM,9,2,0.511,1,85,1,1718.95,0,72,Analytics,0
L01942,Paid search,Healthcare,SMB,22,LATAM,4,5,0.244,1,53,0,0.0,0,14,Core,1
L01943,Paid search,Healthcare,Mid-market,135,North America,14,0,0.515,0,88,0,0.0,0,73,Analytics,0
L01944,Organic,Manufacturing,SMB,65,APAC,8,7,0.625,0,88,1,1288.03,0,25,Analytics,0
L01945,Outbound,SaaS,Mid-market,147,LATAM,15,1,0.756,0,14,0,0.0,0,162,Core,0
L01946,Outbound,Finance,Enterprise,2070,Europe,7,1,0.387,1,59,0,0.0,0,54,Enterprise Suite,0
L01947,Organic,SaaS,SMB,67,Europe,3,1,0.625,1,63,0,0.0,1,120,Core,0
L01948,Outbound,SaaS,Enterprise,3788,North America,7,0,0.307,0,36,0,0.0,0,102,Analytics,0
L01949,Referral,Healthcare,Mid-market,854,North America,2,2,0.37,1,77,1,540.46,0,105,Core,0
L01950,Outbound,Retail,Mid-market,841,North America,7,3,0.442,0,32,0,0.0,0,7,Enterprise Suite,0
L01951,Outbound,SaaS,SMB,17,North America,5,2,0.385,0,4,2,2525.32,0,174,Enterprise Suite,0
L01952,Referral,Finance,SMB,85,North America,6,4,0.74,1,85,0,0.0,1,70,Enterprise Suite,1
L01953,Event,Manufacturing,SMB,95,LATAM,4,1,0.466,0,49,0,0.0,1,30,Analytics,0
L01954,Outbound,Retail,Enterprise,2685,APAC,4,1,0.547,0,52,1,4400.08,1,106,Analytics,0
L01955,Outbound,Healthcare,Mid-market,114,LATAM,12,1,0.871,0,67,0,0.0,0,98,Core,0
L01956,Outbound,Manufacturing,SMB,90,North America,4,4,0.935,1,89,0,0.0,1,90,Enterprise Suite,0
L01957,Paid search,Finance,Mid-market,522,APAC,9,2,0.327,0,58,0,0.0,0,92,Enterprise Suite,0
L01958,Referral,Healthcare,SMB,88,North America,5,0,0.172,0,5,0,0.0,0,99,Analytics,0
L01959,Outbound,Retail,SMB,97,APAC,3,4,0.52,0,35,0,0.0,0,58,Core,0
L01960,Paid search,Healthcare,Mid-market,547,APAC,3,1,0.214,1,72,1,3011.17,0,169,Analytics,0
L01961,Paid search,Retail,Mid-market,251,LATAM,3,2,0.484,0,68,0,0.0,0,92,Core,0
L01962,Paid search,Retail,Mid-market,714,North America,3,4,0.386,1,16,1,7720.46,1,178,Core,1
L01963,Paid search,Healthcare,Mid-market,590,APAC,2,3,0.296,0,16,0,0.0,0,98,Analytics,1
L01964,Organic,Finance,Mid-market,581,Europe,10,4,0.517,0,30,0,0.0,0,152,Analytics,0
L01965,Event,Healthcare,Mid-market,769,LATAM,5,1,0.322,0,75,0,0.0,0,128,Core,0
L01966,Referral,Finance,SMB,30,Europe,6,0,0.871,0,58,0,0.0,0,109,Core,0
L01967,Event,Finance,Mid-market,102,Europe,9,3,0.467,1,60,1,6550.87,0,150,Core,0
L01968,Outbound,Manufacturing,Mid-market,501,Europe,6,1,0.261,0,72,0,0.0,1,60,Analytics,0
L01969,Paid search,Manufacturing,SMB,92,LATAM,4,3,0.511,0,28,0,0.0,0,24,Core,0
L01970,Paid search,Healthcare,SMB,28,LATAM,7,4,0.215,0,51,0,0.0,0,105,Enterprise Suite,1
L01971,Organic,Finance,SMB,14,North America,4,2,0.469,0,45,0,0.0,1,43,Analytics,0
L01972,Outbound,Manufacturing,SMB,43,LATAM,11,2,0.4,0,9,1,3414.18,0,131,Enterprise Suite,0
L01973,Event,Manufacturing,Mid-market,422,North America,14,1,0.865,0,29,0,0.0,0,55,Enterprise Suite,0
L01974,Organic,Finance,SMB,77,North America,16,2,0.689,1,0,0,0.0,0,72,Core,0
L01975,Organic,SaaS,Mid-market,152,Europe,2,1,0.143,0,28,0,0.0,1,100,Core,0
L01976,Organic,SaaS,SMB,46,Europe,9,2,0.671,1,78,0,0.0,0,93,Enterprise Suite,0
L01977,Paid search,Finance,SMB,48,North America,6,3,0.638,0,6,0,0.0,1,129,Analytics,1
L01978,Outbound,Manufacturing,SMB,13,APAC,10,3,0.598,1,24,0,0.0,0,90,Analytics,0
L01979,Event,Finance,SMB,87,APAC,8,2,0.634,0,45,0,0.0,0,154,Enterprise Suite,0
L01980,Organic,Retail,Enterprise,2274,Europe,15,3,0.643,0,60,1,2286.24,0,140,Enterprise Suite,0
L01981,Outbound,Healthcare,SMB,68,LATAM,8,1,0.905,1,8,1,304.95,0,24,Core,1
L01982,Organic,Retail,SMB,22,LATAM,2,1,0.935,0,69,1,1398.78,1,21,Core,1
L01983,Outbound,Healthcare,SMB,80,APAC,7,2,0.686,0,44,0,0.0,0,110,Core,0
L01984,Organic,Healthcare,SMB,36,Europe,14,2,0.686,0,63,0,0.0,1,151,Analytics,0
L01985,Paid search,Manufacturing,Mid-market,887,LATAM,12,5,0.386,1,51,1,2342.07,0,54,Analytics,0
L01986,Outbound,Healthcare,Mid-market,517,APAC,7,2,0.183,0,9,1,1801.8,0,72,Core,0
L01987,Organic,Finance,SMB,57,North America,6,1,0.195,1,30,0,0.0,0,39,Core,0
L01988,Event,SaaS,Mid-market,744,Europe,4,2,0.464,0,69,0,0.0,1,106,Enterprise Suite,0
L01989,Outbound,SaaS,SMB,35,Europe,4,0,0.557,0,44,0,0.0,0,92,Core,0
L01990,Organic,Manufacturing,Enterprise,7615,APAC,6,3,0.414,0,80,2,27621.5,0,5,Core,1
L01991,Referral,SaaS,Mid-market,287,Europe,9,2,0.822,0,62,0,0.0,0,77,Core,1
L01992,Event,Manufacturing,SMB,44,North America,7,3,0.299,0,71,0,0.0,0,79,Core,0
L01993,Organic,Healthcare,Mid-market,959,Europe,4,3,0.3,0,47,1,15021.64,0,120,Enterprise Suite,0
L01994,Referral,Retail,Enterprise,7369,Europe,11,4,0.663,0,45,0,0.0,0,98,Core,1
L01995,Paid search,SaaS,SMB,61,Europe,3,2,0.275,0,50,0,0.0,0,94,Enterprise Suite,0
L01996,Event,Retail,Enterprise,2821,Europe,9,2,0.683,1,17,0,0.0,1,131,Analytics,1
L01997,Organic,Manufacturing,Enterprise,9123,Europe,5,0,0.321,0,52,2,498.13,0,60,Enterprise Suite,0
L01998,Organic,Healthcare,SMB,56,North America,14,3,0.622,0,56,0,0.0,1,86,Analytics,1
L01999,Outbound,SaaS,Mid-market,543,LATAM,7,5,0.41,0,0,0,0.0,0,55,Analytics,1
L02000,Paid search,Finance,Mid-market,112,Europe,3,2,0.199,0,63,0,0.0,0,102,Analytics,0
L02001,Outbound,Retail,Mid-market,511,LATAM,5,4,0.344,0,34,0,0.0,0,93,Core,0
L02002,Paid search,SaaS,Mid-market,888,APAC,5,1,0.484,1,24,0,0.0,0,120,Analytics,0
L02003,Outbound,Finance,Enterprise,4164,Europe,8,1,0.494,0,58,0,0.0,0,140,Analytics,0
L02004,Event,Retail,Mid-market,441,LATAM,3,2,0.268,0,57,1,13719.63,1,105,Analytics,0
L02005,Referral,Finance,Mid-market,198,APAC,3,2,0.456,1,15,0,0.0,0,74,Core,1
L02006,Outbound,Finance,SMB,18,LATAM,5,0,0.47,1,78,1,9969.39,1,137,Analytics,0
L02007,Paid search,Finance,SMB,45,Europe,7,4,0.573,0,70,0,0.0,0,125,Enterprise Suite,0
L02008,Referral,Retail,Enterprise,5922,LATAM,3,2,0.392,0,34,0,0.0,1,139,Analytics,1
L02009,Organic,SaaS,Mid-market,761,LATAM,5,0,0.531,0,5,0,0.0,0,106,Enterprise Suite,1
L02010,Event,SaaS,SMB,14,Europe,13,2,0.675,1,47,0,0.0,0,86,Enterprise Suite,1
L02011,Referral,Retail,Enterprise,9008,LATAM,2,2,0.275,0,89,1,14657.31,0,135,Analytics,0
L02012,Organic,Manufacturing,Enterprise,7425,APAC,4,3,0.636,1,64,1,6263.05,0,142,Core,0
L02013,Referral,Finance,Mid-market,843,North America,9,4,0.578,0,29,0,0.0,1,178,Enterprise Suite,1
L02014,Paid search,Retail,SMB,70,LATAM,0,4,0.242,0,66,0,0.0,0,68,Enterprise Suite,0
L02015,Paid search,Healthcare,Mid-market,937,Europe,14,3,1.0,0,72,0,0.0,0,50,Analytics,0
L02016,Paid search,SaaS,SMB,50,North America,3,4,0.278,0,58,0,0.0,0,163,Core,0
L02017,Organic,Manufacturing,SMB,38,APAC,7,3,0.895,1,19,0,0.0,0,20,Analytics,0
L02018,Referral,Finance,Mid-market,212,APAC,18,1,0.617,1,47,0,0.0,0,49,Enterprise Suite,0
L02019,Paid search,SaaS,Enterprise,8478,LATAM,9,2,0.494,0,21,1,2366.73,1,151,Analytics,1
L02020,Organic,Manufacturing,SMB,56,North America,6,2,0.409,0,63,0,0.0,0,28,Core,0
L02021,Event,Finance,Enterprise,7321,North America,6,1,0.332,0,1,1,9013.48,1,7,Core,0
L02022,Referral,Retail,Enterprise,7197,LATAM,5,4,0.486,0,76,0,0.0,0,81,Enterprise Suite,0
L02023,Referral,Finance,SMB,25,North America,6,3,0.385,0,43,1,716.19,0,104,Analytics,0
L02024,Organic,Retail,SMB,52,LATAM,10,4,0.523,0,80,3,5715.78,0,14,Core,0
L02025,Paid search,Healthcare,Mid-market,494,North America,14,4,0.707,1,86,1,1701.09,1,13,Core,1
L02026,Organic,Healthcare,Mid-market,690,North America,9,1,1.0,0,38,1,481.29,1,144,Core,1
L02027,Outbound,Healthcare,SMB,93,North America,10,1,0.325,0,80,0,0.0,1,154,Enterprise Suite,0
L02028,Organic,SaaS,Mid-market,733,APAC,6,1,0.292,0,64,0,0.0,1,122,Enterprise Suite,0
L02029,Paid search,Retail,Mid-market,118,LATAM,7,3,0.318,0,42,0,0.0,0,47,Core,1
L02030,Paid search,SaaS,Mid-market,342,LATAM,6,4,0.578,0,36,0,0.0,1,172,Core,0
L02031,Referral,Manufacturing,Mid-market,825,North America,7,0,0.46,0,79,1,5159.3,1,147,Analytics,0
L02032,Paid search,Manufacturing,SMB,22,North America,5,8,0.546,0,77,0,0.0,0,66,Enterprise Suite,1
L02033,Organic,Finance,SMB,64,Europe,10,1,0.377,0,78,0,0.0,0,76,Analytics,0
L02034,Paid search,Retail,SMB,61,LATAM,10,2,0.565,0,74,0,0.0,0,49,Analytics,0
L02035,Referral,Healthcare,Enterprise,6902,Europe,14,2,0.838,1,84,1,2918.4,0,97,Analytics,1
L02036,Outbound,Manufacturing,Enterprise,1366,APAC,4,2,0.256,0,67,0,0.0,0,30,Analytics,0
L02037,Outbound,Finance,Mid-market,617,North America,4,0,0.806,0,27,0,0.0,1,132,Core,0
L02038,Referral,Finance,SMB,13,Europe,5,1,0.254,1,44,0,0.0,0,68,Analytics,0
L02039,Paid search,Healthcare,Mid-market,223,North America,9,0,0.731,0,1,0,0.0,0,168,Enterprise Suite,0
L02040,Event,Manufacturing,SMB,54,Europe,7,1,0.408,0,48,2,544.86,1,6,Enterprise Suite,1
L02041,Organic,Finance,SMB,6,North America,4,3,0.601,0,20,0,0.0,1,150,Analytics,0
L02042,Outbound,SaaS,SMB,30,Europe,4,1,0.314,1,72,1,37851.58,0,174,Core,0
L02043,Paid search,Retail,Enterprise,1271,North America,6,2,0.449,0,79,1,32034.63,0,159,Analytics,1
L02044,Outbound,Retail,SMB,36,North America,2,4,0.45,0,4,0,0.0,0,99,Analytics,0
L02045,Outbound,Healthcare,Mid-market,557,LATAM,16,0,0.61,1,49,0,0.0,1,133,Core,1
L02046,Referral,Finance,Enterprise,9933,North America,6,3,0.259,1,51,1,1298.49,0,54,Core,1
L02047,Paid search,Healthcare,Mid-market,302,APAC,8,1,0.327,1,62,1,812.92,0,103,Enterprise Suite,0
L02048,Paid search,Healthcare,SMB,50,APAC,3,3,0.11,0,21,0,0.0,0,93,Enterprise Suite,0
L02049,Referral,Retail,Enterprise,6524,North America,6,4,0.383,1,0,0,0.0,0,66,Enterprise Suite,1
L02050,Organic,Finance,Mid-market,761,Europe,20,3,0.863,1,54,0,0.0,0,117,Enterprise Suite,1
L02051,Outbound,SaaS,SMB,86,North America,5,1,0.324,0,21,0,0.0,0,140,Analytics,0
L02052,Referral,Retail,Mid-market,922,APAC,4,3,0.415,1,42,0,0.0,0,132,Analytics,0
L02053,Paid search,SaaS,Enterprise,7994,APAC,3,2,0.69,0,67,0,0.0,0,40,Analytics,0
L02054,Outbound,Finance,SMB,48,Europe,4,0,0.165,0,57,0,0.0,0,62,Analytics,0
L02055,Organic,Healthcare,Mid-market,459,North America,9,1,0.664,1,80,0,0.0,0,78,Core,0
L02056,Paid search,Finance,SMB,28,LATAM,17,1,0.622,1,8,0,0.0,0,140,Enterprise Suite,1
L02057,Outbound,Healthcare,SMB,25,APAC,0,4,0.144,0,1,0,0.0,0,94,Enterprise Suite,0
L02058,Paid search,Manufacturing,Mid-market,756,APAC,7,0,0.479,1,83,1,1332.91,0,171,Analytics,0
L02059,Referral,Healthcare,SMB,30,North America,3,1,0.601,1,77,1,1762.32,0,180,Core,0
L02060,Referral,Retail,SMB,33,APAC,12,2,0.678,0,52,0,0.0,1,180,Enterprise Suite,1
L02061,Outbound,Finance,SMB,91,North America,4,1,0.193,0,77,0,0.0,1,79,Enterprise Suite,0
L02062,Organic,Finance,SMB,82,Europe,2,1,0.36,0,26,0,0.0,0,120,Analytics,0
L02063,Paid search,Finance,SMB,23,APAC,3,2,0.376,0,86,0,0.0,0,120,Core,0
L02064,Referral,Manufacturing,Mid-market,213,North America,7,2,0.617,0,71,2,1862.02,0,35,Enterprise Suite,1
L02065,Paid search,Finance,SMB,65,North America,7,4,0.691,0,35,0,0.0,1,170,Core,1
L02066,Outbound,Finance,SMB,58,North America,6,2,0.342,0,61,0,0.0,1,53,Analytics,0
L02067,Paid search,Healthcare,Enterprise,1958,Europe,9,1,0.597,0,22,4,15763.96,1,91,Enterprise Suite,0
L02068,Outbound,Retail,Enterprise,7324,APAC,3,2,0.339,0,40,0,0.0,1,133,Enterprise Suite,0
L02069,Organic,Retail,SMB,90,North America,6,1,0.417,0,42,0,0.0,1,19,Core,0
L02070,Paid search,Retail,SMB,8,North America,6,0,0.314,0,25,0,0.0,0,15,Analytics,0
L02071,Outbound,SaaS,SMB,13,LATAM,7,0,0.579,1,25,1,4309.54,0,13,Core,0
L02072,Paid search,SaaS,SMB,87,North America,6,0,0.29,0,28,0,0.0,0,153,Analytics,0
L02073,Organic,SaaS,SMB,36,APAC,21,1,0.686,0,60,0,0.0,0,87,Enterprise Suite,0
L02074,Outbound,Finance,Enterprise,2305,Europe,3,2,0.636,0,4,1,835.94,0,105,Enterprise Suite,1
L02075,Organic,Retail,Mid-market,295,LATAM,7,1,0.611,0,44,0,0.0,1,174,Core,1
L02076,Paid search,Healthcare,SMB,10,LATAM,15,1,0.744,1,34,1,1548.27,1,144,Analytics,1
L02077,Outbound,Finance,Enterprise,5011,LATAM,7,2,0.52,0,75,0,0.0,0,7,Analytics,0
L02078,Organic,SaaS,SMB,11,APAC,6,3,0.631,0,46,2,22070.38,0,119,Core,0
L02079,Organic,SaaS,SMB,28,North America,10,0,0.645,0,57,0,0.0,0,147,Enterprise Suite,0
L02080,Referral,Manufacturing,SMB,98,APAC,7,2,0.395,1,75,1,740.65,0,1,Enterprise Suite,0
L02081,Organic,Healthcare,SMB,7,North America,4,3,0.465,1,78,0,0.0,0,129,Core,0
L02082,Organic,SaaS,Enterprise,1164,LATAM,3,2,0.476,1,58,0,0.0,1,97,Enterprise Suite,1
L02083,Event,SaaS,SMB,34,LATAM,7,3,0.499,1,56,1,654.24,0,45,Analytics,1
L02084,Organic,SaaS,Mid-market,458,LATAM,7,4,0.303,0,19,0,0.0,0,36,Enterprise Suite,0
L02085,Event,Retail,SMB,89,Europe,7,1,0.57,0,10,0,0.0,1,32,Enterprise Suite,1
L02086,Organic,Healthcare,Enterprise,7864,LATAM,15,4,0.915,0,86,0,0.0,0,21,Analytics,0
L02087,Organic,Finance,Mid-market,748,APAC,4,3,0.364,0,30,0,0.0,0,54,Core,0
L02088,Organic,Retail,SMB,51,North America,3,2,0.83,0,19,0,0.0,1,103,Core,0
L02089,Event,SaaS,SMB,56,LATAM,4,2,0.208,0,41,0,0.0,0,63,Analytics,0
L02090,Paid search,Manufacturing,Enterprise,1837,North America,4,3,0.462,0,55,0,0.0,0,102,Analytics,0
L02091,Organic,Retail,Mid-market,598,APAC,12,1,0.521,0,16,1,2260.49,0,119,Enterprise Suite,0
L02092,Outbound,Manufacturing,SMB,88,LATAM,10,3,0.65,1,29,0,0.0,0,61,Analytics,0
L02093,Paid search,Finance,Enterprise,4458,LATAM,15,3,0.562,0,66,2,25578.75,1,86,Core,1
L02094,Organic,Healthcare,SMB,67,Europe,5,2,0.521,0,10,0,0.0,1,61,Analytics,0
L02095,Outbound,Manufacturing,SMB,83,North America,5,1,0.679,0,40,0,0.0,0,25,Analytics,0
L02096,Organic,Manufacturing,Mid-market,498,LATAM,4,3,0.323,0,74,0,0.0,0,18,Core,0
L02097,Referral,SaaS,SMB,51,APAC,8,3,0.66,0,25,0,0.0,0,21,Analytics,1
L02098,Paid search,Finance,SMB,31,APAC,4,2,0.191,0,53,0,0.0,0,172,Analytics,0
L02099,Referral,Retail,SMB,38,APAC,15,3,0.646,1,75,0,0.0,0,29,Enterprise Suite,1
L02100,Organic,Manufacturing,SMB,32,APAC,5,2,0.254,0,47,0,0.0,0,152,Enterprise Suite,0
L02101,Event,Manufacturing,SMB,79,LATAM,7,2,0.564,1,31,1,2436.72,0,81,Enterprise Suite,1
L02102,Referral,SaaS,SMB,67,APAC,9,3,0.414,0,27,0,0.0,0,55,Analytics,0
L02103,Outbound,Retail,Enterprise,5712,Europe,5,0,0.742,0,73,1,4342.43,0,34,Enterprise Suite,0
L02104,Outbound,Finance,Mid-market,488,LATAM,5,3,0.323,0,70,0,0.0,0,153,Analytics,0
L02105,Paid search,Manufacturing,SMB,74,LATAM,24,1,0.957,1,73,0,0.0,0,28,Core,0
L02106,Event,SaaS,SMB,87,North America,13,1,0.535,1,76,0,0.0,1,124,Enterprise Suite,1
L02107,Event,Retail,Mid-market,416,LATAM,4,2,0.535,0,38,1,10031.83,0,147,Enterprise Suite,0
L02108,Outbound,Finance,SMB,53,North America,1,1,0.259,0,75,0,0.0,1,30,Core,0
L02109,Organic,Manufacturing,SMB,39,Europe,2,1,0.465,0,7,1,3769.15,0,101,Core,0
L02110,Organic,Manufacturing,Mid-market,786,LATAM,2,3,0.107,0,6,0,0.0,0,40,Core,0
L02111,Paid search,SaaS,SMB,47,North America,19,2,0.609,1,44,0,0.0,0,92,Enterprise Suite,1
L02112,Paid search,Finance,Mid-market,139,North America,3,0,0.638,0,17,0,0.0,1,70,Core,0
L02113,Organic,Healthcare,Enterprise,3402,North America,5,1,0.554,0,87,0,0.0,0,122,Core,0
L02114,Paid search,Finance,Enterprise,8670,LATAM,19,5,0.59,0,11,0,0.0,0,118,Core,1
L02115,Referral,Retail,SMB,57,North America,12,2,0.634,0,24,0,0.0,1,52,Analytics,0
L02116,Outbound,Finance,SMB,66,North America,13,3,0.872,0,27,0,0.0,1,95,Core,0
L02117,Organic,Manufacturing,SMB,14,North America,18,2,0.828,1,27,1,805.93,1,132,Core,1
L02118,Referral,SaaS,Mid-market,998,LATAM,11,0,0.586,1,10,0,0.0,0,144,Core,1
L02119,Referral,Manufacturing,Enterprise,7890,North America,15,1,0.637,0,84,0,0.0,0,71,Core,0
L02120,Organic,Finance,Enterprise,7526,North America,6,1,0.288,0,15,1,10695.71,0,9,Enterprise Suite,1
L02121,Organic,Finance,SMB,86,APAC,4,4,0.712,0,65,0,0.0,1,129,Analytics,0
L02122,Referral,Healthcare,Enterprise,8373,North America,2,0,0.318,1,63,2,4695.52,0,26,Core,1
L02123,Organic,Healthcare,Mid-market,679,APAC,3,2,0.467,1,19,0,0.0,0,144,Analytics,0
L02124,Organic,Manufacturing,Enterprise,4179,North America,7,6,0.182,0,60,0,0.0,0,116,Enterprise Suite,1
L02125,Organic,SaaS,Mid-market,495,North America,4,2,0.415,0,7,0,0.0,0,146,Core,0
L02126,Organic,Manufacturing,SMB,73,LATAM,6,5,0.51,0,25,0,0.0,0,129,Analytics,1
L02127,Organic,Healthcare,SMB,11,LATAM,4,3,0.735,0,82,0,0.0,0,102,Enterprise Suite,0
L02128,Organic,Healthcare,Enterprise,8050,Europe,6,2,0.453,1,74,3,2351.75,0,38,Analytics,0
L02129,Referral,SaaS,SMB,68,North America,5,2,0.376,0,37,0,0.0,0,175,Analytics,0
L02130,Referral,SaaS,SMB,80,Europe,5,1,0.201,1,60,1,1940.44,0,160,Core,0
L02131,Organic,Retail,SMB,87,North America,5,6,0.236,0,13,0,0.0,0,50,Core,1
L02132,Event,Finance,SMB,45,Europe,4,0,0.381,0,38,0,0.0,0,128,Analytics,0
L02133,Outbound,Healthcare,Enterprise,4171,APAC,4,3,0.62,0,3,0,0.0,0,89,Core,1
L02134,Outbound,Finance,SMB,64,Europe,7,1,0.564,1,1,0,0.0,0,31,Core,0
L02135,Paid search,Manufacturing,SMB,58,North America,15,3,0.661,0,85,1,4552.63,0,108,Enterprise Suite,0
L02136,Paid search,SaaS,Mid-market,306,Europe,5,2,0.66,1,59,0,0.0,1,128,Core,0
L02137,Organic,Finance,Mid-market,248,Europe,18,8,1.0,0,12,0,0.0,0,166,Analytics,1
L02138,Event,Retail,SMB,89,LATAM,15,1,0.554,1,70,0,0.0,1,42,Analytics,1
L02139,Event,Healthcare,SMB,22,Europe,13,1,0.668,0,44,0,0.0,1,128,Enterprise Suite,0
L02140,Outbound,Retail,SMB,32,APAC,23,4,1.0,1,20,1,2982.89,1,30,Analytics,1
L02141,Outbound,Retail,SMB,42,North America,1,5,0.308,0,85,0,0.0,0,32,Enterprise Suite,1
L02142,Paid search,Manufacturing,SMB,72,LATAM,4,2,0.214,0,10,0,0.0,0,169,Enterprise Suite,0
L02143,Event,SaaS,SMB,53,Europe,10,3,0.632,1,64,0,0.0,0,168,Core,1
L02144,Outbound,Healthcare,Mid-market,907,APAC,9,2,0.443,0,28,0,0.0,1,14,Enterprise Suite,0
L02145,Organic,Healthcare,Enterprise,7616,Europe,8,6,0.623,0,80,1,457.9,0,99,Enterprise Suite,0
L02146,Outbound,SaaS,Enterprise,9107,North America,10,1,0.479,0,63,0,0.0,0,51,Enterprise Suite,0
L02147,Referral,Finance,SMB,94,LATAM,0,1,0.192,0,62,1,2487.32,0,74,Enterprise Suite,0
L02148,Outbound,Manufacturing,SMB,52,LATAM,9,5,0.715,0,86,0,0.0,0,62,Analytics,0
L02149,Event,Retail,Enterprise,6514,LATAM,14,1,0.677,1,15,0,0.0,1,126,Core,1
L02150,Referral,Healthcare,Mid-market,724,North America,7,2,0.227,0,35,1,4716.75,0,114,Analytics,1
L02151,Event,Healthcare,Mid-market,216,APAC,4,0,0.515,0,37,0,0.0,0,29,Core,0
L02152,Referral,SaaS,SMB,30,Europe,5,2,0.289,1,74,1,15117.24,0,166,Enterprise Suite,0
L02153,Event,Manufacturing,SMB,39,North America,5,4,0.503,1,57,0,0.0,1,136,Enterprise Suite,0
L02154,Outbound,Healthcare,Mid-market,590,Europe,3,2,0.192,1,68,0,0.0,0,72,Core,0
L02155,Paid search,Healthcare,Mid-market,562,LATAM,2,1,0.374,0,36,0,0.0,1,68,Core,0
L02156,Outbound,SaaS,SMB,61,LATAM,5,2,0.837,0,79,2,11965.21,0,125,Core,1
L02157,Referral,Healthcare,Enterprise,9194,North America,12,5,0.479,0,8,0,0.0,0,151,Enterprise Suite,0
L02158,Organic,Retail,Mid-market,525,Europe,4,4,0.39,1,59,1,2282.69,0,70,Enterprise Suite,0
L02159,Paid search,Retail,Mid-market,622,North America,5,3,0.828,1,82,0,0.0,0,130,Core,0
L02160,Referral,SaaS,SMB,13,North America,7,1,0.427,0,85,2,1436.72,1,152,Enterprise Suite,0
L02161,Paid search,Finance,Mid-market,935,Europe,8,3,0.674,1,7,0,0.0,1,30,Core,1
L02162,Organic,Finance,Mid-market,415,LATAM,12,4,0.857,0,82,1,2248.13,1,151,Core,1
L02163,Organic,Finance,SMB,68,North America,5,0,0.658,1,68,0,0.0,0,155,Core,0
L02164,Paid search,Finance,Mid-market,358,APAC,5,3,0.317,0,3,0,0.0,1,123,Analytics,0
L02165,Outbound,Healthcare,Mid-market,621,Europe,7,1,0.803,1,81,0,0.0,0,161,Enterprise Suite,0
L02166,Organic,Healthcare,Enterprise,9300,North America,4,4,0.64,0,46,0,0.0,0,58,Core,0
L02167,Outbound,Finance,SMB,84,LATAM,19,1,0.568,1,36,0,0.0,1,144,Enterprise Suite,0
L02168,Paid search,Healthcare,Enterprise,3375,LATAM,10,2,0.539,0,29,2,6420.38,0,29,Analytics,1
L02169,Organic,Finance,SMB,28,LATAM,4,2,0.725,0,5,0,0.0,0,168,Core,0
L02170,Paid search,Finance,SMB,65,LATAM,6,3,0.453,1,76,0,0.0,0,70,Analytics,0
L02171,Paid search,Retail,SMB,93,LATAM,2,1,0.273,0,89,1,3307.98,0,63,Core,0
L02172,Organic,Finance,SMB,48,Europe,1,2,0.201,0,36,0,0.0,0,96,Enterprise Suite,0
L02173,Paid search,SaaS,SMB,36,North America,6,1,0.298,0,87,0,0.0,0,71,Analytics,0
L02174,Organic,Retail,SMB,82,LATAM,7,3,0.811,1,82,0,0.0,0,63,Core,0
L02175,Organic,Retail,Mid-market,618,APAC,7,8,0.771,0,38,0,0.0,1,6,Analytics,1
L02176,Paid search,Healthcare,SMB,13,Europe,4,1,0.55,0,81,0,0.0,1,51,Enterprise Suite,0
L02177,Paid search,SaaS,Enterprise,7607,Europe,13,3,0.639,0,70,0,0.0,1,180,Enterprise Suite,1
L02178,Outbound,Finance,SMB,79,LATAM,3,0,0.392,0,32,1,4957.78,1,48,Core,0
L02179,Organic,SaaS,Mid-market,323,LATAM,14,2,0.844,1,12,1,5352.64,0,155,Core,1
L02180,Outbound,Healthcare,Enterprise,3899,Europe,17,3,0.548,0,51,1,935.13,0,122,Enterprise Suite,0
L02181,Outbound,Healthcare,Enterprise,2192,Europe,1,0,0.505,0,45,1,6401.07,1,109,Analytics,1
L02182,Outbound,Manufacturing,Mid-market,272,LATAM,2,1,0.615,0,2,0,0.0,0,151,Analytics,0
L02183,Outbound,Healthcare,Mid-market,165,LATAM,2,1,0.603,0,23,0,0.0,1,168,Core,0
L02184,Referral,Retail,SMB,17,APAC,3,4,0.61,0,32,2,5268.09,0,92,Analytics,0
L02185,Paid search,Healthcare,SMB,99,Europe,5,3,0.454,0,79,2,9252.68,0,156,Analytics,1
L02186,Organic,Finance,SMB,14,LATAM,15,1,0.745,0,59,0,0.0,0,129,Analytics,1
L02187,Outbound,SaaS,SMB,99,APAC,12,2,0.605,0,12,0,0.0,0,43,Enterprise Suite,0
L02188,Paid search,Manufacturing,SMB,61,LATAM,10,4,0.666,1,19,0,0.0,1,38,Enterprise Suite,1
L02189,Organic,Retail,SMB,82,Europe,2,0,0.259,1,88,1,4487.34,0,37,Enterprise Suite,0
L02190,Outbound,Manufacturing,Enterprise,1967,APAC,7,1,0.549,0,14,2,12313.1,0,19,Core,1
L02191,Referral,SaaS,Enterprise,6508,Europe,8,2,0.617,0,81,0,0.0,0,19,Analytics,0
L02192,Paid search,Healthcare,Mid-market,358,North America,4,1,0.315,0,85,0,0.0,0,54,Analytics,0
L02193,Event,Healthcare,Mid-market,881,LATAM,3,1,0.316,1,61,0,0.0,0,165,Analytics,0
L02194,Referral,Retail,SMB,21,LATAM,7,3,0.378,0,52,0,0.0,0,29,Analytics,0
L02195,Paid search,Manufacturing,SMB,31,North America,7,1,0.45,1,85,0,0.0,0,117,Analytics,0
L02196,Outbound,SaaS,Mid-market,505,APAC,6,2,0.623,0,50,0,0.0,1,19,Enterprise Suite,0
L02197,Referral,Healthcare,Mid-market,367,APAC,9,1,0.597,0,47,0,0.0,0,114,Core,0
L02198,Paid search,Manufacturing,SMB,80,LATAM,4,3,0.321,1,73,2,595.72,0,104,Analytics,0
L02199,Organic,SaaS,SMB,22,North America,3,3,0.359,0,18,0,0.0,0,98,Enterprise Suite,1
L02200,Event,Manufacturing,SMB,25,Europe,18,4,0.538,1,50,0,0.0,0,34,Analytics,1
L02201,Referral,Retail,SMB,88,APAC,4,3,0.811,1,75,3,2508.26,0,9,Analytics,0
L02202,Outbound,Finance,SMB,72,North America,6,4,0.431,1,58,0,0.0,0,112,Analytics,0
L02203,Outbound,Manufacturing,SMB,9,North America,3,3,0.538,0,29,0,0.0,0,17,Analytics,0
L02204,Organic,Healthcare,Mid-market,708,North America,8,2,0.464,0,27,0,0.0,0,111,Core,0
L02205,Organic,Finance,Enterprise,7509,LATAM,2,3,0.443,0,54,1,865.79,1,174,Analytics,0
L02206,Paid search,Healthcare,Mid-market,150,APAC,6,1,0.568,0,33,1,14847.6,1,1,Enterprise Suite,1
L02207,Event,Manufacturing,Mid-market,443,APAC,12,5,0.694,0,31,2,31796.44,0,150,Analytics,1
L02208,Paid search,Finance,Mid-market,166,North America,7,3,0.408,1,24,0,0.0,0,164,Analytics,0
L02209,Organic,Manufacturing,SMB,34,Europe,7,4,1.0,0,8,0,0.0,0,101,Enterprise Suite,0
L02210,Referral,Finance,Mid-market,168,APAC,0,3,0.286,0,53,1,3969.32,0,18,Analytics,0
L02211,Outbound,Finance,SMB,68,LATAM,7,1,0.231,0,26,0,0.0,0,102,Analytics,0
L02212,Paid search,Manufacturing,Mid-market,361,Europe,4,3,0.462,0,53,0,0.0,0,9,Enterprise Suite,0
L02213,Outbound,Healthcare,SMB,10,North America,13,5,1.0,0,83,0,0.0,1,97,Analytics,0
L02214,Paid search,Healthcare,Enterprise,8232,LATAM,6,2,0.398,1,14,1,5541.08,1,161,Core,0
L02215,Outbound,Healthcare,Enterprise,6887,North America,10,2,0.413,0,76,1,1846.85,0,62,Core,0
L02216,Referral,Manufacturing,SMB,78,North America,4,3,0.313,0,68,0,0.0,0,40,Analytics,0
L02217,Referral,Finance,SMB,59,LATAM,5,1,0.384,1,21,0,0.0,1,123,Analytics,1
L02218,Outbound,SaaS,SMB,20,Europe,9,5,0.698,1,17,0,0.0,1,93,Core,0
L02219,Outbound,SaaS,Mid-market,597,North America,14,3,0.439,1,35,0,0.0,1,51,Enterprise Suite,1
L02220,Organic,Healthcare,Mid-market,365,LATAM,12,1,0.722,0,61,0,0.0,0,103,Enterprise Suite,0
L02221,Organic,SaaS,SMB,99,North America,5,4,0.585,0,53,1,2844.05,0,48,Analytics,1
L02222,Paid search,Healthcare,Mid-market,604,LATAM,6,2,0.394,0,5,0,0.0,0,16,Analytics,0
L02223,Paid search,Retail,SMB,13,LATAM,4,0,0.4,0,12,0,0.0,1,9,Analytics,1
L02224,Organic,Manufacturing,SMB,14,Europe,2,2,0.691,0,82,1,494.15,1,29,Enterprise Suite,0
L02225,Outbound,SaaS,SMB,16,LATAM,2,2,0.585,0,20,0,0.0,0,180,Core,0
L02226,Organic,Finance,Mid-market,739,LATAM,8,3,0.44,1,5,0,0.0,0,68,Analytics,1
L02227,Event,Finance,SMB,63,LATAM,4,1,0.542,1,23,0,0.0,0,52,Core,0
L02228,Referral,Retail,SMB,71,LATAM,3,2,0.546,0,5,1,4518.13,1,83,Enterprise Suite,0
L02229,Referral,Healthcare,SMB,39,LATAM,10,5,0.822,1,49,0,0.0,0,104,Enterprise Suite,1
L02230,Event,Manufacturing,Enterprise,8232,North America,1,0,0.362,0,7,1,4870.46,1,114,Analytics,0
L02231,Organic,Retail,Mid-market,489,Europe,10,0,0.627,0,0,0,0.0,0,86,Analytics,1
L02232,Event,Manufacturing,Enterprise,2180,North America,3,3,0.675,1,40,1,5612.81,0,142,Core,1
L02233,Referral,Retail,Mid-market,373,North America,7,0,0.502,0,59,2,19069.86,1,148,Core,0
L02234,Outbound,SaaS,Mid-market,910,LATAM,4,4,0.354,0,49,0,0.0,1,93,Analytics,0
L02235,Event,Retail,SMB,61,North America,2,1,0.192,0,19,0,0.0,0,148,Analytics,0
L02236,Outbound,Retail,Mid-market,103,LATAM,5,2,0.627,0,13,0,0.0,1,30,Core,1
L02237,Referral,Retail,SMB,59,LATAM,4,2,0.35,0,47,1,1853.1,0,159,Enterprise Suite,0
L02238,Organic,Retail,SMB,9,LATAM,4,3,0.596,0,67,0,0.0,0,119,Analytics,0
L02239,Organic,Finance,SMB,23,LATAM,11,0,0.865,1,41,0,0.0,0,159,Analytics,0
L02240,Paid search,Retail,SMB,63,APAC,17,3,0.723,0,11,1,1803.76,0,96,Core,0
L02241,Organic,Manufacturing,Enterprise,3236,LATAM,10,1,0.406,0,36,1,1298.64,1,42,Analytics,1
L02242,Referral,Manufacturing,Enterprise,9679,APAC,10,4,0.561,0,84,2,16136.5,0,97,Enterprise Suite,0
L02243,Organic,Finance,Mid-market,925,LATAM,7,1,0.863,0,86,0,0.0,0,117,Analytics,0
L02244,Organic,Healthcare,SMB,72,APAC,6,3,0.456,0,39,0,0.0,1,137,Enterprise Suite,0
L02245,Organic,Finance,Enterprise,2212,Europe,14,1,0.667,1,85,0,0.0,1,59,Enterprise Suite,0
L02246,Organic,Finance,Mid-market,106,Europe,3,2,0.625,0,48,0,0.0,0,163,Core,0
L02247,Organic,Healthcare,SMB,41,Europe,3,0,0.126,0,66,0,0.0,0,125,Analytics,0
L02248,Paid search,Healthcare,Mid-market,404,LATAM,6,1,0.311,0,68,0,0.0,0,64,Enterprise Suite,1
L02249,Organic,Retail,Mid-market,991,North America,5,1,0.462,0,46,0,0.0,0,89,Core,0
L02250,Organic,SaaS,SMB,23,APAC,4,1,0.37,0,74,0,0.0,0,120,Core,0
L02251,Paid search,Finance,Mid-market,639,LATAM,5,3,0.461,1,87,1,14785.33,0,40,Enterprise Suite,1
L02252,Event,Finance,Mid-market,254,Europe,7,0,0.314,1,71,0,0.0,1,141,Analytics,0
L02253,Organic,Manufacturing,SMB,11,Europe,9,1,0.524,0,42,0,0.0,0,4,Analytics,1
L02254,Paid search,Healthcare,SMB,52,LATAM,12,0,0.803,1,30,0,0.0,1,45,Analytics,0
L02255,Outbound,Healthcare,Mid-market,637,North America,3,0,0.141,0,16,1,1240.77,0,167,Core,0
L02256,Paid search,Manufacturing,Mid-market,756,Europe,17,2,0.699,1,67,0,0.0,0,104,Analytics,1
L02257,Outbound,Retail,Enterprise,4697,LATAM,2,2,0.16,0,61,1,9296.85,0,54,Analytics,0
L02258,Outbound,SaaS,Enterprise,7140,LATAM,5,2,0.281,0,7,2,1441.98,0,169,Enterprise Suite,0
L02259,Referral,SaaS,Mid-market,636,LATAM,4,4,0.435,1,61,0,0.0,0,47,Core,1
L02260,Paid search,Manufacturing,Mid-market,900,APAC,2,1,0.638,0,56,0,0.0,1,136,Analytics,0
L02261,Event,Manufacturing,Mid-market,837,LATAM,3,1,0.295,0,53,0,0.0,0,122,Analytics,0
L02262,Outbound,Manufacturing,Mid-market,561,Europe,1,0,0.657,0,32,0,0.0,1,6,Core,0
L02263,Paid search,SaaS,SMB,94,APAC,8,1,0.408,1,69,0,0.0,0,100,Enterprise Suite,1
L02264,Referral,Retail,Mid-market,204,Europe,2,0,0.467,0,1,0,0.0,0,76,Analytics,0
L02265,Paid search,Finance,Mid-market,785,APAC,4,3,0.403,0,19,0,0.0,1,100,Core,1
L02266,Referral,Manufacturing,Mid-market,606,Europe,9,1,0.315,0,71,0,0.0,0,62,Analytics,1
L02267,Event,Retail,Enterprise,2377,Europe,5,2,0.546,1,68,0,0.0,1,146,Enterprise Suite,1
L02268,Paid search,Manufacturing,Mid-market,428,LATAM,9,2,0.953,0,79,1,6475.3,0,160,Core,0
L02269,Event,Finance,SMB,55,North America,6,1,0.252,0,89,0,0.0,1,81,Analytics,0
L02270,Outbound,Finance,SMB,71,Europe,8,1,0.426,1,11,0,0.0,0,79,Core,1
L02271,Paid search,Healthcare,SMB,16,LATAM,9,3,0.502,0,16,0,0.0,0,62,Analytics,0
L02272,Paid search,SaaS,SMB,25,LATAM,15,0,0.494,1,14,0,0.0,0,20,Enterprise Suite,0
L02273,Event,Healthcare,SMB,37,North America,3,0,0.244,0,45,0,0.0,0,124,Enterprise Suite,0
L02274,Outbound,Manufacturing,SMB,63,APAC,8,1,0.609,0,11,0,0.0,0,120,Core,0
L02275,Outbound,SaaS,SMB,66,North America,13,4,0.718,0,86,0,0.0,0,136,Enterprise Suite,0
L02276,Referral,Finance,SMB,55,LATAM,6,3,0.563,0,89,0,0.0,0,173,Analytics,0
L02277,Paid search,SaaS,Mid-market,893,North America,8,3,0.456,0,76,0,0.0,0,41,Enterprise Suite,0
L02278,Organic,SaaS,Mid-market,204,APAC,3,3,0.679,1,5,0,0.0,0,105,Core,0
L02279,Outbound,Healthcare,SMB,99,APAC,5,1,0.437,0,41,0,0.0,0,70,Analytics,0
L02280,Event,Manufacturing,SMB,65,Europe,4,2,0.617,0,62,0,0.0,1,25,Core,1
L02281,Paid search,Retail,SMB,70,North America,17,2,0.79,0,29,1,4475.91,1,152,Enterprise Suite,0
L02282,Organic,Manufacturing,SMB,84,Europe,5,2,0.498,1,3,0,0.0,0,156,Core,0
L02283,Organic,SaaS,SMB,41,Europe,3,2,0.714,0,30,0,0.0,1,34,Analytics,1
L02284,Event,SaaS,SMB,70,APAC,1,3,0.248,0,58,0,0.0,0,49,Enterprise Suite,0
L02285,Organic,SaaS,SMB,40,LATAM,8,2,0.623,1,33,0,0.0,0,106,Core,1
L02286,Referral,Retail,Enterprise,3124,LATAM,9,3,0.44,0,87,0,0.0,0,37,Enterprise Suite,0
L02287,Outbound,Retail,Mid-market,695,LATAM,10,1,0.447,0,72,0,0.0,0,72,Core,0
L02288,Event,SaaS,Enterprise,2097,Europe,7,5,0.712,0,15,3,142030.63,1,153,Core,1
L02289,Organic,Manufacturing,SMB,65,LATAM,1,0,0.244,0,78,0,0.0,1,153,Analytics,0
L02290,Organic,Manufacturing,SMB,66,North America,9,1,0.462,1,62,0,0.0,0,135,Core,0
L02291,Outbound,Retail,Enterprise,7099,LATAM,6,2,0.305,1,28,0,0.0,0,114,Core,0
L02292,Event,Healthcare,SMB,40,Europe,4,2,0.558,1,63,0,0.0,0,157,Core,0
L02293,Paid search,Finance,Mid-market,527,LATAM,9,2,0.612,1,85,0,0.0,0,144,Core,0
L02294,Organic,Healthcare,Enterprise,9927,Europe,4,2,0.328,0,29,2,16559.79,0,121,Analytics,0
L02295,Organic,SaaS,Mid-market,678,Europe,5,2,0.401,0,25,1,1154.34,0,12,Core,0
L02296,Referral,Manufacturing,SMB,11,North America,5,2,0.192,1,79,1,6189.97,0,129,Analytics,0
L02297,Event,Finance,Mid-market,612,North America,13,0,0.523,0,52,0,0.0,1,124,Analytics,1
L02298,Referral,Manufacturing,SMB,20,LATAM,5,1,0.248,0,62,1,23589.16,0,67,Enterprise Suite,0
L02299,Referral,Healthcare,SMB,53,LATAM,6,1,0.52,1,89,0,0.0,0,157,Analytics,1
L02300,Event,Retail,SMB,15,Europe,7,3,0.498,0,19,0,0.0,0,29,Analytics,0
L02301,Outbound,Manufacturing,Enterprise,1243,APAC,4,0,0.861,0,69,2,2854.61,0,148,Core,1
L02302,Event,Healthcare,Mid-market,366,LATAM,7,6,0.499,0,12,0,0.0,0,18,Enterprise Suite,0
L02303,Paid search,Retail,SMB,41,LATAM,2,0,0.157,0,19,0,0.0,0,1,Core,0
L02304,Paid search,Healthcare,SMB,95,LATAM,6,2,0.607,0,75,1,4420.85,1,42,Core,0
L02305,Paid search,Retail,Mid-market,616,LATAM,5,2,0.65,1,32,0,0.0,0,65,Core,0
L02306,Organic,SaaS,Enterprise,1032,North America,20,4,0.724,0,3,1,3502.45,0,20,Enterprise Suite,1
L02307,Paid search,Finance,SMB,37,APAC,12,2,0.768,1,31,0,0.0,1,133,Analytics,0
L02308,Paid search,SaaS,SMB,41,North America,1,3,0.3,0,78,0,0.0,0,148,Analytics,0
L02309,Paid search,Finance,Enterprise,2821,Europe,9,0,0.445,0,38,0,0.0,1,112,Core,0
L02310,Outbound,Retail,Enterprise,1048,Europe,6,0,0.329,1,8,0,0.0,1,98,Core,1
L02311,Outbound,Finance,Enterprise,9810,North America,11,1,0.578,0,62,0,0.0,1,144,Core,0
L02312,Referral,Healthcare,SMB,93,APAC,9,2,0.564,1,78,0,0.0,0,85,Enterprise Suite,0
L02313,Organic,Retail,SMB,94,Europe,2,2,0.44,0,54,0,0.0,1,175,Analytics,0
L02314,Organic,Healthcare,SMB,16,APAC,5,1,0.652,0,22,0,0.0,0,69,Enterprise Suite,0
L02315,Organic,SaaS,SMB,57,Europe,3,1,0.569,1,38,1,5029.84,0,34,Enterprise Suite,0
L02316,Organic,SaaS,Enterprise,5665,APAC,15,3,1.0,0,72,0,0.0,1,135,Core,1
L02317,Organic,Healthcare,SMB,40,APAC,9,4,0.595,0,15,0,0.0,1,69,Enterprise Suite,1
L02318,Event,Retail,Mid-market,200,APAC,6,2,0.192,1,89,1,3487.96,0,11,Analytics,0
L02319,Paid search,Retail,Enterprise,6807,APAC,13,2,0.897,0,24,2,12398.41,1,140,Core,0
L02320,Outbound,SaaS,Enterprise,5350,Europe,7,3,0.308,0,25,0,0.0,1,20,Analytics,1
L02321,Referral,Manufacturing,Mid-market,832,Europe,7,3,0.391,0,80,0,0.0,0,77,Analytics,0
L02322,Referral,Finance,Enterprise,8410,APAC,13,2,0.537,0,76,0,0.0,0,170,Enterprise Suite,0
L02323,Organic,Healthcare,SMB,84,APAC,5,1,0.362,1,30,0,0.0,0,117,Enterprise Suite,1
L02324,Referral,Healthcare,SMB,16,LATAM,10,1,0.722,1,70,0,0.0,0,23,Analytics,0
L02325,Organic,Retail,SMB,36,Europe,5,3,0.145,0,0,1,758.07,0,93,Core,1
L02326,Outbound,Retail,Enterprise,3140,North America,7,1,0.463,1,70,1,992.43,0,38,Core,1
L02327,Organic,SaaS,Enterprise,5701,APAC,10,1,0.814,1,79,0,0.0,1,68,Enterprise Suite,1
L02328,Organic,SaaS,SMB,31,APAC,4,3,0.532,0,29,0,0.0,0,25,Core,0
L02329,Paid search,Retail,SMB,94,Europe,4,2,0.345,0,22,0,0.0,1,80,Core,0
L02330,Paid search,Retail,SMB,88,Europe,3,0,0.817,0,74,0,0.0,1,24,Core,0
L02331,Paid search,SaaS,SMB,73,LATAM,4,2,0.623,0,58,0,0.0,0,112,Analytics,0
L02332,Organic,Retail,Enterprise,5599,LATAM,3,3,0.181,0,85,0,0.0,0,130,Enterprise Suite,0
L02333,Outbound,Finance,SMB,86,LATAM,8,4,0.538,0,2,0,0.0,0,168,Core,0
L02334,Referral,Healthcare,Mid-market,377,LATAM,6,1,0.422,1,1,1,647.23,1,145,Analytics,0
L02335,Paid search,Healthcare,Mid-market,466,Europe,5,2,0.153,0,3,1,3028.86,1,116,Analytics,1
L02336,Event,Manufacturing,SMB,78,North America,3,5,0.298,1,72,1,1727.71,0,110,Enterprise Suite,0
L02337,Outbound,Manufacturing,SMB,43,North America,6,2,0.282,0,8,0,0.0,0,2,Enterprise Suite,0
L02338,Organic,Healthcare,Enterprise,4982,LATAM,4,3,0.376,0,7,0,0.0,0,74,Enterprise Suite,0
L02339,Paid search,Finance,Mid-market,200,Europe,6,2,0.527,0,24,1,813.46,1,150,Enterprise Suite,1
L02340,Referral,Manufacturing,SMB,61,North America,2,2,0.319,0,18,0,0.0,1,43,Enterprise Suite,1
L02341,Organic,Finance,SMB,31,Europe,16,2,0.876,1,61,1,3544.77,0,158,Core,0
L02342,Referral,SaaS,Enterprise,4436,Europe,11,2,0.595,0,34,0,0.0,0,22,Analytics,0
L02343,Event,Retail,Enterprise,5447,APAC,6,0,0.666,0,22,2,1406.23,0,62,Enterprise Suite,0
L02344,Organic,Manufacturing,Mid-market,878,North America,16,2,0.762,0,88,0,0.0,0,114,Analytics,0
L02345,Event,Healthcare,Mid-market,171,APAC,10,3,0.426,1,61,1,1361.59,0,177,Analytics,0
L02346,Referral,SaaS,Enterprise,7735,APAC,3,2,0.239,0,65,1,2590.76,1,128,Analytics,0
L02347,Outbound,Healthcare,SMB,46,North America,4,3,0.601,0,61,1,432.97,0,84,Core,0
L02348,Outbound,Manufacturing,Mid-market,539,Europe,4,4,0.132,0,89,0,0.0,0,163,Enterprise Suite,0
L02349,Referral,SaaS,SMB,29,LATAM,4,3,0.508,0,77,0,0.0,1,168,Enterprise Suite,0
L02350,Referral,Finance,Mid-market,602,Europe,4,2,0.618,1,35,0,0.0,0,98,Analytics,1
L02351,Referral,Finance,Enterprise,3670,APAC,2,1,0.373,0,37,2,7434.96,0,2,Enterprise Suite,0
L02352,Outbound,SaaS,Enterprise,9413,LATAM,5,1,0.38,1,65,1,1003.11,1,54,Enterprise Suite,1
L02353,Organic,SaaS,Mid-market,794,North America,4,1,0.18,0,47,0,0.0,0,91,Analytics,0
L02354,Paid search,SaaS,Mid-market,334,Europe,3,4,0.399,0,60,0,0.0,1,43,Analytics,0
L02355,Paid search,Retail,Enterprise,8195,LATAM,17,0,0.479,0,61,0,0.0,0,32,Enterprise Suite,0
L02356,Outbound,SaaS,Enterprise,1072,North America,7,1,0.422,0,0,1,1269.17,0,118,Enterprise Suite,0
L02357,Paid search,Finance,Mid-market,774,North America,16,2,0.819,1,35,0,0.0,1,35,Core,0
L02358,Paid search,SaaS,SMB,21,APAC,4,1,0.425,0,8,0,0.0,0,3,Enterprise Suite,1
L02359,Outbound,Finance,SMB,84,North America,2,2,0.413,0,59,0,0.0,0,74,Analytics,0
L02360,Organic,Healthcare,Enterprise,4107,Europe,6,2,0.674,0,1,2,3488.47,1,117,Enterprise Suite,0
L02361,Outbound,Finance,Mid-market,892,Europe,9,1,0.71,0,80,0,0.0,0,87,Enterprise Suite,0
L02362,Referral,Healthcare,Mid-market,968,North America,6,0,0.55,0,42,1,8757.63,0,171,Analytics,1
L02363,Paid search,Healthcare,Mid-market,199,Europe,3,2,0.51,0,40,0,0.0,0,156,Analytics,0
L02364,Outbound,SaaS,SMB,33,North America,9,2,0.29,0,51,0,0.0,0,171,Core,0
L02365,Event,Manufacturing,SMB,64,APAC,4,0,0.407,0,40,0,0.0,1,170,Enterprise Suite,0
L02366,Event,Finance,Mid-market,569,LATAM,14,3,0.457,0,3,0,0.0,0,102,Enterprise Suite,1
L02367,Organic,Manufacturing,SMB,99,LATAM,4,1,0.277,1,72,0,0.0,0,157,Core,1
L02368,Paid search,Finance,Mid-market,846,LATAM,12,2,0.59,0,22,0,0.0,0,84,Analytics,1
L02369,Organic,Finance,Mid-market,735,Europe,14,1,0.545,1,56,1,1878.03,1,20,Enterprise Suite,0
L02370,Paid search,Healthcare,Enterprise,3933,APAC,2,1,0.438,0,70,0,0.0,0,49,Core,1
L02371,Paid search,Manufacturing,SMB,80,North America,4,1,0.243,0,9,1,8064.99,1,90,Analytics,0
L02372,Organic,Manufacturing,Mid-market,206,APAC,4,1,0.282,1,10,0,0.0,1,55,Analytics,0
L02373,Organic,SaaS,SMB,70,APAC,5,2,0.503,0,1,0,0.0,0,65,Analytics,0
L02374,Organic,Manufacturing,SMB,76,North America,12,2,0.885,1,61,0,0.0,0,59,Core,0
L02375,Organic,Manufacturing,SMB,62,APAC,18,3,0.493,0,87,2,6987.94,0,26,Core,1
L02376,Referral,Retail,SMB,21,Europe,6,1,0.525,1,40,0,0.0,0,115,Core,0
L02377,Outbound,Retail,Enterprise,5910,APAC,12,1,0.766,0,68,1,1033.73,1,134,Analytics,0
L02378,Paid search,Healthcare,Enterprise,5055,Europe,3,1,0.309,1,7,0,0.0,1,29,Enterprise Suite,1
L02379,Referral,Finance,SMB,81,APAC,4,4,0.355,1,23,0,0.0,0,40,Analytics,1
L02380,Event,Finance,Enterprise,8681,North America,5,1,0.166,0,66,2,6556.49,1,20,Core,0
L02381,Outbound,SaaS,Mid-market,906,APAC,7,1,0.67,0,84,0,0.0,0,7,Core,1
L02382,Organic,Retail,Mid-market,312,North America,8,1,0.486,0,76,0,0.0,1,166,Analytics,1
L02383,Organic,Finance,Enterprise,3445,APAC,6,3,0.6,0,10,1,111114.12,0,13,Enterprise Suite,0
L02384,Referral,Manufacturing,Mid-market,552,APAC,3,2,0.706,1,47,0,0.0,1,45,Core,1
L02385,Referral,Retail,SMB,95,APAC,16,2,0.811,0,66,1,1615.54,0,42,Enterprise Suite,0
L02386,Event,Finance,SMB,52,Europe,10,1,0.397,1,49,1,4447.13,0,100,Core,0
L02387,Outbound,Finance,SMB,83,LATAM,6,4,0.831,1,24,0,0.0,0,129,Core,1
L02388,Referral,Healthcare,Enterprise,7909,Europe,3,1,0.427,0,4,2,4750.67,1,19,Core,1
L02389,Event,Retail,Mid-market,392,North America,4,3,0.424,0,57,1,2914.7,0,114,Enterprise Suite,0
L02390,Referral,Manufacturing,SMB,79,LATAM,5,2,0.593,0,85,1,1974.44,1,47,Analytics,1
L02391,Paid search,Manufacturing,SMB,20,APAC,12,2,0.539,1,8,0,0.0,1,69,Analytics,1
L02392,Event,Finance,Enterprise,1572,North America,3,0,0.349,0,79,1,2888.73,0,88,Enterprise Suite,0
L02393,Organic,Retail,SMB,13,APAC,6,1,0.39,0,72,1,6734.14,0,166,Core,0
L02394,Referral,Retail,Mid-market,556,LATAM,5,2,0.342,1,89,0,0.0,1,64,Core,0
L02395,Paid search,SaaS,Mid-market,474,Europe,4,0,0.557,1,30,0,0.0,0,124,Analytics,0
L02396,Outbound,Retail,SMB,64,LATAM,8,1,0.658,0,66,0,0.0,0,35,Analytics,0
L02397,Organic,Manufacturing,SMB,30,North America,5,2,0.425,0,20,0,0.0,0,117,Analytics,0
L02398,Organic,Retail,SMB,82,APAC,2,3,0.305,0,55,0,0.0,0,86,Core,0
L02399,Referral,Healthcare,SMB,51,North America,15,1,0.491,0,9,0,0.0,0,87,Core,1
L02400,Paid search,Finance,Mid-market,751,Europe,3,1,0.634,0,78,0,0.0,0,31,Enterprise Suite,0
L02401,Paid search,Retail,Mid-market,272,LATAM,5,4,0.437,0,43,0,0.0,0,52,Enterprise Suite,0
L02402,Outbound,Healthcare,SMB,91,Europe,16,2,1.0,0,84,0,0.0,0,32,Analytics,1
L02403,Event,Healthcare,Mid-market,532,LATAM,6,0,0.404,0,76,0,0.0,0,24,Analytics,0
L02404,Outbound,Retail,SMB,15,North America,8,1,0.783,1,82,0,0.0,0,91,Analytics,0
L02405,Outbound,Finance,SMB,63,APAC,3,1,0.178,0,63,1,19890.15,0,45,Core,0
L02406,Organic,Manufacturing,Mid-market,394,North America,4,1,0.514,1,3,0,0.0,0,61,Core,0
L02407,Paid search,Healthcare,Mid-market,770,APAC,12,2,0.544,1,87,0,0.0,0,162,Analytics,0
L02408,Organic,Manufacturing,Mid-market,937,Europe,6,1,0.372,0,69,0,0.0,0,111,Core,0
L02409,Organic,Manufacturing,SMB,29,LATAM,4,1,0.491,0,26,0,0.0,0,68,Enterprise Suite,0
L02410,Outbound,SaaS,Mid-market,855,Europe,3,2,0.56,0,33,0,0.0,1,58,Analytics,1
L02411,Event,Healthcare,SMB,35,APAC,4,1,0.533,0,70,1,4809.77,1,78,Analytics,0
L02412,Outbound,Manufacturing,Enterprise,1719,North America,10,1,0.449,0,73,1,3419.38,0,66,Enterprise Suite,0
L02413,Paid search,Healthcare,Mid-market,965,APAC,4,2,0.279,0,13,0,0.0,0,117,Core,1
L02414,Paid search,SaaS,Enterprise,2002,LATAM,12,2,0.468,0,5,0,0.0,0,57,Core,0
L02415,Paid search,Retail,SMB,54,Europe,0,3,0.227,0,60,1,855.71,0,142,Core,1
L02416,Referral,Retail,SMB,34,APAC,4,5,0.227,0,47,0,0.0,0,113,Analytics,0
L02417,Organic,Retail,Mid-market,739,Europe,4,4,0.38,0,55,0,0.0,0,111,Analytics,0
L02418,Paid search,SaaS,SMB,74,North America,5,3,0.62,0,88,2,11455.06,0,57,Enterprise Suite,0
L02419,Referral,SaaS,Mid-market,421,North America,2,5,0.558,1,59,0,0.0,0,118,Analytics,0
L02420,Outbound,Manufacturing,Mid-market,445,North America,9,2,0.594,0,54,0,0.0,0,146,Enterprise Suite,0
L02421,Referral,Retail,Enterprise,2952,Europe,11,8,0.459,1,9,2,3003.43,0,59,Core,0
L02422,Organic,Finance,SMB,76,LATAM,4,4,0.774,0,4,0,0.0,0,91,Core,0
L02423,Event,Retail,Enterprise,4622,APAC,5,2,0.41,0,85,1,1084.09,0,59,Analytics,0
L02424,Referral,Manufacturing,SMB,72,APAC,3,3,0.288,0,86,0,0.0,0,74,Analytics,0
L02425,Outbound,Manufacturing,SMB,34,North America,4,0,0.456,0,76,0,0.0,0,27,Core,0
L02426,Event,Finance,Mid-market,496,North America,6,0,0.395,0,25,0,0.0,0,12,Enterprise Suite,0
L02427,Referral,Retail,SMB,94,APAC,3,2,0.228,0,75,0,0.0,1,5,Analytics,0
L02428,Event,Healthcare,Enterprise,8939,Europe,4,1,0.175,0,83,1,3224.73,1,122,Analytics,0
L02429,Paid search,Retail,Enterprise,1593,North America,5,3,0.496,0,3,0,0.0,0,32,Enterprise Suite,1
L02430,Event,Retail,Enterprise,1434,APAC,16,3,0.887,0,20,3,8741.19,1,144,Analytics,1
L02431,Outbound,SaaS,Enterprise,8092,APAC,12,1,0.784,0,18,1,6012.44,0,111,Analytics,0
L02432,Event,SaaS,Mid-market,537,LATAM,2,2,0.16,0,44,0,0.0,0,163,Analytics,0
L02433,Paid search,Healthcare,SMB,87,Europe,5,4,0.837,0,69,0,0.0,0,175,Core,0
L02434,Organic,Manufacturing,Enterprise,3335,LATAM,14,3,0.757,0,11,0,0.0,0,56,Core,1
L02435,Event,Retail,SMB,11,North America,4,3,0.276,0,30,0,0.0,1,38,Core,0
L02436,Outbound,Retail,Enterprise,9379,APAC,2,6,0.278,0,79,0,0.0,0,87,Core,0
L02437,Paid search,SaaS,SMB,78,Europe,4,5,0.566,0,17,0,0.0,0,120,Enterprise Suite,0
L02438,Event,Retail,Mid-market,180,North America,10,0,0.439,0,59,1,2729.83,1,94,Analytics,0
L02439,Paid search,Manufacturing,SMB,54,Europe,8,2,0.292,0,35,0,0.0,0,59,Enterprise Suite,0
L02440,Event,SaaS,SMB,42,North America,2,1,0.266,0,9,0,0.0,0,78,Analytics,0
L02441,Outbound,Retail,SMB,5,LATAM,8,1,0.509,0,27,0,0.0,1,80,Enterprise Suite,0
L02442,Organic,Retail,SMB,75,North America,8,1,0.271,1,76,0,0.0,0,30,Analytics,0
L02443,Organic,SaaS,SMB,49,Europe,0,5,0.22,0,47,0,0.0,0,22,Core,0
L02444,Paid search,Retail,SMB,11,Europe,22,1,0.923,1,89,0,0.0,1,145,Enterprise Suite,1
L02445,Paid search,Finance,SMB,16,Europe,4,3,0.122,0,42,1,222.35,0,74,Analytics,0
L02446,Paid search,Manufacturing,Mid-market,722,LATAM,12,3,0.49,1,85,0,0.0,0,78,Enterprise Suite,0
L02447,Referral,Healthcare,SMB,22,LATAM,4,4,0.545,0,2,0,0.0,0,1,Analytics,1
L02448,Organic,Finance,Enterprise,6908,LATAM,9,6,0.378,1,3,0,0.0,0,172,Core,1
L02449,Paid search,Finance,SMB,28,Europe,13,0,0.671,0,84,1,798.76,0,5,Enterprise Suite,0
L02450,Paid search,SaaS,Mid-market,637,Europe,7,1,0.558,0,71,2,1849.06,1,144,Enterprise Suite,0
L02451,Event,Finance,SMB,50,North America,8,1,0.683,0,89,0,0.0,1,166,Enterprise Suite,0
L02452,Event,Manufacturing,Mid-market,180,Europe,3,1,0.238,0,83,0,0.0,0,19,Core,0
L02453,Event,Finance,Mid-market,469,APAC,4,5,0.531,0,59,0,0.0,1,153,Core,1
L02454,Outbound,Healthcare,Mid-market,443,Europe,3,0,0.26,0,89,0,0.0,0,137,Enterprise Suite,0
L02455,Paid search,Manufacturing,SMB,52,Europe,8,2,0.269,0,0,1,2947.48,1,55,Analytics,0
L02456,Paid search,Manufacturing,Mid-market,672,Europe,12,4,0.393,1,84,1,1653.79,0,16,Core,1
L02457,Paid search,SaaS,SMB,91,LATAM,19,1,0.568,1,55,0,0.0,1,66,Core,1
L02458,Referral,Finance,SMB,38,LATAM,3,2,0.379,0,78,1,631.69,1,59,Core,0
L02459,Organic,Finance,SMB,82,APAC,13,2,0.805,1,54,1,1556.27,1,173,Analytics,1
L02460,Paid search,Retail,Mid-market,407,Europe,2,1,0.39,0,81,1,5185.21,0,91,Analytics,1
L02461,Outbound,SaaS,SMB,74,Europe,6,3,0.81,0,56,0,0.0,0,33,Analytics,1
L02462,Event,Manufacturing,Mid-market,123,LATAM,20,0,0.764,0,19,1,2563.05,1,26,Core,0
L02463,Referral,Retail,SMB,26,APAC,5,1,0.594,1,48,0,0.0,0,62,Enterprise Suite,0
L02464,Paid search,Healthcare,SMB,66,North America,9,2,0.676,0,86,0,0.0,1,172,Enterprise Suite,0
L02465,Organic,SaaS,SMB,43,APAC,6,2,0.548,0,59,0,0.0,0,130,Core,0
L02466,Event,Manufacturing,SMB,45,Europe,5,1,0.635,0,69,0,0.0,0,7,Core,0
L02467,Outbound,Finance,Mid-market,767,LATAM,6,2,0.662,0,54,0,0.0,0,99,Enterprise Suite,1
L02468,Paid search,Manufacturing,Enterprise,2409,APAC,6,3,0.202,1,27,2,1678.15,1,171,Enterprise Suite,0
L02469,Paid search,Healthcare,Mid-market,425,Europe,2,6,0.251,0,36,0,0.0,0,123,Analytics,0
L02470,Organic,Healthcare,SMB,35,LATAM,7,2,0.361,1,41,0,0.0,0,14,Enterprise Suite,1
L02471,Paid search,Manufacturing,SMB,26,North America,6,0,0.594,0,67,0,0.0,1,11,Core,0
L02472,Outbound,Finance,Enterprise,7081,Europe,10,2,0.563,1,28,1,1622.29,1,73,Analytics,1
L02473,Event,Finance,SMB,59,APAC,3,3,0.449,0,40,0,0.0,0,14,Enterprise Suite,0
L02474,Paid search,Finance,SMB,51,Europe,7,2,0.337,0,62,0,0.0,0,45,Core,0
L02475,Organic,SaaS,Enterprise,1536,Europe,6,1,0.553,1,9,2,829.33,0,96,Core,1
L02476,Referral,SaaS,SMB,80,APAC,4,0,0.344,0,11,0,0.0,1,143,Enterprise Suite,0
L02477,Referral,Manufacturing,SMB,45,North America,2,1,0.147,0,8,0,0.0,0,103,Analytics,0
L02478,Organic,SaaS,SMB,24,North America,6,4,0.55,0,27,0,0.0,0,172,Analytics,0
L02479,Organic,Manufacturing,Mid-market,499,North America,2,3,0.39,0,56,0,0.0,0,164,Enterprise Suite,0
L02480,Outbound,Finance,SMB,36,North America,10,1,0.847,0,65,0,0.0,1,83,Core,1
L02481,Paid search,Retail,Mid-market,275,APAC,8,3,0.275,0,43,1,2836.65,0,6,Enterprise Suite,0
L02482,Organic,Manufacturing,SMB,92,North America,4,1,0.412,0,71,1,592.2,0,101,Core,0
L02483,Referral,SaaS,SMB,6,North America,5,1,0.332,0,10,1,1042.62,0,45,Enterprise Suite,1
L02484,Organic,Manufacturing,SMB,21,APAC,4,1,0.236,1,44,0,0.0,0,162,Enterprise Suite,0
L02485,Outbound,Retail,Enterprise,9771,Europe,1,2,0.218,0,77,1,3914.8,0,94,Analytics,0
L02486,Organic,Finance,SMB,95,APAC,1,3,0.447,0,55,0,0.0,0,54,Analytics,0
L02487,Event,Manufacturing,Mid-market,571,LATAM,4,6,0.698,0,2,0,0.0,0,146,Core,0
L02488,Outbound,Manufacturing,SMB,62,North America,10,2,0.524,0,67,0,0.0,1,139,Analytics,1
L02489,Referral,Retail,SMB,29,North America,2,1,0.239,0,70,0,0.0,0,118,Core,0
L02490,Paid search,SaaS,SMB,73,North America,8,3,0.755,0,42,0,0.0,0,3,Core,0
L02491,Outbound,Manufacturing,Mid-market,594,North America,5,1,0.6,0,60,2,14736.55,0,143,Analytics,0
L02492,Organic,SaaS,SMB,94,LATAM,3,2,0.297,0,55,0,0.0,0,25,Core,0
L02493,Referral,Retail,Mid-market,498,APAC,4,1,0.282,1,24,0,0.0,1,127,Core,0
L02494,Outbound,Retail,Enterprise,1414,LATAM,13,0,0.648,0,11,0,0.0,0,114,Analytics,0
L02495,Outbound,Retail,Mid-market,378,APAC,2,2,0.332,0,60,0,0.0,0,81,Core,0
L02496,Paid search,Finance,Mid-market,900,Europe,7,4,0.512,1,85,0,0.0,1,80,Core,0
L02497,Paid search,Manufacturing,Mid-market,827,North America,5,2,0.275,0,30,0,0.0,1,142,Core,0
L02498,Organic,Healthcare,Mid-market,903,APAC,7,0,0.633,0,19,0,0.0,0,37,Enterprise Suite,0
L02499,Outbound,Healthcare,SMB,22,North America,5,1,0.43,0,5,0,0.0,0,33,Enterprise Suite,0
L02500,Paid search,SaaS,Mid-market,485,LATAM,6,2,0.922,0,40,0,0.0,0,41,Enterprise Suite,0
L02501,Referral,Healthcare,Enterprise,2242,APAC,10,1,0.335,0,4,0,0.0,0,132,Core,1
L02502,Event,SaaS,SMB,44,North America,10,2,0.72,0,81,2,8439.89,0,12,Analytics,0
L02503,Outbound,Manufacturing,Enterprise,4518,APAC,3,0,0.509,1,69,0,0.0,0,83,Analytics,0
L02504,Outbound,Retail,Enterprise,9762,Europe,5,2,0.538,0,34,0,0.0,1,26,Enterprise Suite,0
L02505,Organic,SaaS,SMB,97,North America,7,0,0.266,0,38,0,0.0,0,149,Enterprise Suite,0
L02506,Referral,Manufacturing,Enterprise,3462,APAC,20,2,0.878,0,19,1,19566.87,1,143,Analytics,0
L02507,Outbound,SaaS,SMB,9,APAC,2,2,0.405,0,66,0,0.0,0,78,Core,0
L02508,Outbound,Retail,SMB,77,Europe,13,1,0.704,0,76,1,2652.02,1,175,Core,0
L02509,Paid search,Healthcare,SMB,10,APAC,7,2,0.345,0,72,0,0.0,1,94,Enterprise Suite,0
L02510,Event,Healthcare,Mid-market,426,Europe,8,1,0.46,1,10,0,0.0,0,25,Analytics,0
L02511,Paid search,Manufacturing,SMB,59,North America,10,1,0.783,0,43,0,0.0,1,164,Analytics,0
L02512,Paid search,Retail,Enterprise,2162,LATAM,5,3,0.86,0,73,1,5203.32,0,64,Analytics,0
L02513,Referral,Retail,SMB,30,APAC,14,5,0.659,0,23,0,0.0,0,91,Analytics,0
L02514,Referral,Retail,SMB,97,North America,15,2,0.459,1,12,0,0.0,0,52,Enterprise Suite,1
L02515,Organic,Finance,Mid-market,981,Europe,14,0,0.51,0,57,1,1704.02,1,79,Enterprise Suite,0
L02516,Outbound,Healthcare,SMB,7,Europe,3,2,0.115,0,2,1,524.98,0,143,Enterprise Suite,0
L02517,Referral,Retail,Mid-market,642,Europe,3,4,0.239,1,25,0,0.0,0,157,Core,0
L02518,Organic,SaaS,SMB,61,Europe,15,1,0.805,0,18,0,0.0,1,159,Core,0
L02519,Paid search,Healthcare,Enterprise,8948,North America,5,3,0.446,0,40,2,15503.7,0,17,Analytics,0
L02520,Organic,Healthcare,Mid-market,580,LATAM,8,2,0.814,1,29,1,2191.88,1,28,Analytics,1
L02521,Organic,Manufacturing,SMB,22,Europe,5,2,0.199,0,66,0,0.0,1,116,Analytics,1
L02522,Paid search,Retail,SMB,97,APAC,6,1,0.608,1,36,0,0.0,1,54,Core,1
L02523,Organic,Healthcare,SMB,38,Europe,8,2,0.335,0,38,0,0.0,0,172,Core,0
L02524,Paid search,Retail,Enterprise,1970,LATAM,5,1,0.726,0,72,0,0.0,0,144,Core,0
L02525,Outbound,Retail,Mid-market,498,Europe,13,3,0.932,0,17,0,0.0,1,60,Analytics,1
L02526,Organic,Healthcare,SMB,42,LATAM,6,0,0.454,0,78,0,0.0,1,150,Analytics,0
L02527,Outbound,Healthcare,SMB,61,APAC,6,3,0.586,0,59,0,0.0,0,65,Analytics,1
L02528,Outbound,Retail,Enterprise,5681,LATAM,5,2,0.572,0,31,0,0.0,0,125,Core,0
L02529,Outbound,SaaS,SMB,76,LATAM,6,2,0.828,1,30,0,0.0,0,112,Enterprise Suite,0
L02530,Paid search,Retail,Mid-market,212,North America,12,1,0.429,0,15,0,0.0,0,91,Analytics,1
L02531,Paid search,Finance,Mid-market,892,APAC,13,0,0.559,0,4,0,0.0,1,82,Enterprise Suite,1
L02532,Paid search,Manufacturing,SMB,13,LATAM,3,0,0.482,0,35,0,0.0,0,15,Enterprise Suite,0
L02533,Event,Retail,Mid-market,403,Europe,18,2,0.57,1,41,0,0.0,0,94,Core,1
L02534,Referral,Finance,SMB,59,Europe,3,2,0.517,0,69,0,0.0,0,149,Core,0
L02535,Outbound,SaaS,SMB,52,North America,3,2,0.155,0,51,0,0.0,1,87,Core,0
L02536,Paid search,Retail,Enterprise,9954,North America,9,1,0.383,1,86,1,3771.96,0,56,Core,0
L02537,Outbound,Finance,Mid-market,641,North America,11,1,0.802,0,2,0,0.0,0,41,Analytics,0
L02538,Organic,Manufacturing,Enterprise,3181,Europe,5,2,0.647,0,26,0,0.0,0,135,Analytics,1
L02539,Referral,Retail,Mid-market,922,APAC,8,3,0.899,0,65,0,0.0,0,99,Core,0
L02540,Paid search,Finance,SMB,21,LATAM,5,5,0.355,1,2,0,0.0,1,121,Core,1
L02541,Paid search,SaaS,Mid-market,632,Europe,8,4,0.73,0,14,1,1984.37,1,32,Analytics,1
L02542,Paid search,Finance,Mid-market,799,APAC,7,5,0.68,0,79,0,0.0,1,173,Enterprise Suite,1
L02543,Organic,Manufacturing,SMB,95,North America,3,0,0.714,0,80,0,0.0,0,108,Analytics,0
L02544,Organic,Manufacturing,SMB,14,APAC,2,0,0.5,0,29,0,0.0,0,46,Analytics,0
L02545,Paid search,Finance,Mid-market,582,Europe,2,2,0.241,0,14,0,0.0,0,143,Analytics,0
L02546,Organic,SaaS,Mid-market,156,Europe,4,0,0.361,1,57,0,0.0,1,71,Analytics,0
L02547,Outbound,SaaS,SMB,43,North America,5,3,0.373,0,32,0,0.0,0,177,Core,0
L02548,Organic,Retail,Enterprise,5168,LATAM,3,2,0.41,0,12,0,0.0,0,101,Core,0
L02549,Organic,Healthcare,SMB,14,North America,4,1,0.33,1,39,0,0.0,1,70,Enterprise Suite,1
L02550,Organic,SaaS,SMB,56,APAC,21,1,0.651,0,40,0,0.0,0,47,Analytics,0
L02551,Paid search,Finance,SMB,28,LATAM,4,0,0.402,0,40,0,0.0,0,89,Analytics,0
L02552,Paid search,SaaS,Mid-market,580,APAC,5,2,0.435,1,38,0,0.0,0,180,Enterprise Suite,1
L02553,Event,Retail,SMB,13,North America,4,1,0.27,0,64,0,0.0,1,32,Core,1
L02554,Outbound,Retail,SMB,89,LATAM,5,1,0.651,0,54,1,6512.83,1,60,Enterprise Suite,0
L02555,Organic,Retail,SMB,47,APAC,4,1,0.339,0,78,1,8554.25,1,119,Core,1
L02556,Event,SaaS,Mid-market,610,APAC,5,2,0.358,0,55,0,0.0,0,125,Core,0
L02557,Referral,Finance,Mid-market,515,APAC,14,1,0.679,1,80,0,0.0,0,160,Enterprise Suite,1
L02558,Organic,Manufacturing,SMB,55,Europe,5,1,0.332,1,41,0,0.0,0,1,Enterprise Suite,0
L02559,Paid search,Finance,Enterprise,9806,North America,7,3,0.309,1,34,1,4211.91,0,98,Enterprise Suite,1
L02560,Referral,Finance,SMB,17,LATAM,7,3,0.488,0,87,0,0.0,0,92,Core,0
L02561,Paid search,Retail,SMB,74,North America,4,3,0.336,0,0,0,0.0,0,76,Core,0
L02562,Event,Manufacturing,Mid-market,163,Europe,5,3,0.658,0,87,1,5375.73,1,3,Core,1
L02563,Event,Finance,Mid-market,630,Europe,3,5,0.368,1,31,0,0.0,0,76,Analytics,1
L02564,Paid search,Healthcare,SMB,65,North America,6,0,0.732,0,18,0,0.0,1,147,Enterprise Suite,0
L02565,Paid search,Healthcare,Mid-market,962,Europe,4,1,0.517,0,70,0,0.0,0,98,Enterprise Suite,0
L02566,Organic,Healthcare,SMB,10,APAC,10,1,0.676,1,40,0,0.0,1,77,Analytics,0
L02567,Referral,Manufacturing,Mid-market,904,Europe,3,1,0.471,0,82,0,0.0,0,160,Enterprise Suite,0
L02568,Referral,Retail,Mid-market,398,Europe,12,3,0.573,0,40,0,0.0,0,96,Core,0
L02569,Event,Manufacturing,Enterprise,8119,LATAM,13,0,0.673,1,88,2,1070.35,1,25,Enterprise Suite,0
L02570,Outbound,Healthcare,SMB,94,North America,11,2,1.0,0,37,0,0.0,0,97,Analytics,0
L02571,Referral,Healthcare,Mid-market,958,APAC,17,1,0.6,1,16,0,0.0,0,127,Analytics,1
L02572,Paid search,Healthcare,Mid-market,608,North America,7,3,0.331,1,3,0,0.0,1,25,Enterprise Suite,1
L02573,Event,SaaS,SMB,48,North America,4,2,0.699,0,32,1,4082.91,1,159,Enterprise Suite,0
L02574,Outbound,Manufacturing,SMB,88,APAC,5,1,0.465,0,54,0,0.0,1,16,Enterprise Suite,1
L02575,Paid search,Finance,Enterprise,7704,APAC,2,1,0.257,0,59,2,2401.49,0,84,Analytics,0
L02576,Paid search,Finance,SMB,35,LATAM,7,3,0.573,0,24,1,1347.58,0,112,Enterprise Suite,0
L02577,Event,Manufacturing,Mid-market,209,APAC,18,1,0.79,0,47,0,0.0,0,105,Core,1
L02578,Outbound,SaaS,SMB,91,LATAM,18,0,0.831,0,1,0,0.0,0,69,Analytics,1
L02579,Referral,SaaS,Mid-market,416,LATAM,5,1,0.305,0,60,0,0.0,1,33,Enterprise Suite,0
L02580,Outbound,Finance,SMB,72,LATAM,4,2,0.224,1,61,0,0.0,0,58,Analytics,1
L02581,Referral,Retail,Enterprise,8724,Europe,5,3,0.77,0,1,2,10364.19,0,66,Analytics,1
L02582,Outbound,Retail,Mid-market,559,North America,6,3,0.637,1,77,1,7456.84,1,170,Core,0
L02583,Referral,Healthcare,SMB,98,North America,13,3,0.467,0,67,1,4004.42,0,145,Core,1
L02584,Organic,SaaS,Mid-market,886,APAC,6,1,0.684,0,3,0,0.0,1,20,Analytics,1
L02585,Referral,Finance,Mid-market,204,North America,7,5,0.443,0,6,0,0.0,0,139,Core,0
L02586,Paid search,Manufacturing,SMB,8,North America,12,3,1.0,0,74,1,1982.72,0,48,Enterprise Suite,1
L02587,Organic,Healthcare,SMB,42,Europe,3,2,0.417,1,75,0,0.0,1,89,Core,0
L02588,Organic,Healthcare,Mid-market,341,North America,8,2,0.537,0,55,0,0.0,1,84,Analytics,0
L02589,Paid search,Retail,Mid-market,628,North America,3,2,0.465,0,28,1,4508.07,0,49,Analytics,0
L02590,Organic,Manufacturing,SMB,12,North America,4,2,0.468,0,30,0,0.0,0,8,Core,0
L02591,Event,Manufacturing,Enterprise,7723,North America,6,2,0.254,0,43,0,0.0,0,143,Core,0
L02592,Outbound,SaaS,SMB,6,North America,9,0,0.688,0,52,1,652.75,1,93,Enterprise Suite,0
L02593,Event,Healthcare,SMB,61,APAC,4,8,0.269,0,62,1,5900.17,0,134,Core,1
L02594,Referral,SaaS,Mid-market,986,North America,7,1,0.404,1,45,0,0.0,0,138,Analytics,1
L02595,Organic,Retail,SMB,78,North America,16,2,0.72,0,40,0,0.0,1,92,Analytics,0
L02596,Outbound,Retail,SMB,75,Europe,12,2,0.641,1,58,0,0.0,0,133,Analytics,0
L02597,Referral,Finance,Mid-market,107,Europe,15,4,0.414,1,80,0,0.0,0,161,Analytics,0
L02598,Organic,Healthcare,SMB,27,Europe,14,2,0.735,1,46,1,3377.54,0,97,Enterprise Suite,0
L02599,Outbound,Retail,SMB,14,Europe,20,1,1.0,0,44,1,3664.87,1,66,Enterprise Suite,1
L02600,Outbound,Finance,Mid-market,867,LATAM,2,3,0.287,0,38,0,0.0,0,175,Enterprise Suite,0
L02601,Paid search,Retail,Mid-market,157,LATAM,15,2,0.7,0,81,1,1985.49,0,99,Analytics,0
L02602,Event,Retail,Enterprise,2897,LATAM,10,0,0.657,0,2,0,0.0,1,8,Core,1
L02603,Paid search,SaaS,Mid-market,929,APAC,11,2,0.482,1,9,0,0.0,0,54,Core,0
L02604,Event,Manufacturing,SMB,96,North America,5,2,0.177,0,31,0,0.0,0,161,Analytics,0
L02605,Referral,Retail,SMB,11,Europe,1,1,0.22,0,38,0,0.0,0,165,Analytics,0
L02606,Referral,SaaS,Mid-market,152,APAC,14,4,0.378,0,29,1,1478.04,0,66,Enterprise Suite,0
L02607,Paid search,Manufacturing,SMB,64,Europe,18,2,0.584,0,36,0,0.0,1,46,Enterprise Suite,1
L02608,Organic,Retail,SMB,71,APAC,5,3,0.58,1,18,0,0.0,0,100,Core,0
L02609,Event,Retail,Enterprise,9319,LATAM,12,2,0.517,1,81,1,403.83,1,66,Enterprise Suite,1
L02610,Organic,Healthcare,Mid-market,633,Europe,5,3,0.302,1,25,0,0.0,0,27,Core,0
L02611,Outbound,Healthcare,Mid-market,630,Europe,9,0,0.845,0,14,0,0.0,1,54,Core,0
L02612,Outbound,Finance,SMB,56,Europe,15,0,0.615,1,87,0,0.0,0,59,Core,0
L02613,Paid search,SaaS,SMB,89,North America,20,1,0.801,0,87,0,0.0,0,135,Core,0
L02614,Event,Retail,SMB,25,North America,7,3,0.402,1,19,1,1758.27,0,90,Enterprise Suite,0
L02615,Organic,Finance,Mid-market,933,Europe,13,1,0.428,1,24,0,0.0,0,15,Analytics,0
L02616,Paid search,Retail,SMB,92,APAC,18,1,0.778,0,8,0,0.0,0,42,Analytics,0
L02617,Organic,Retail,SMB,62,LATAM,9,4,0.733,0,30,0,0.0,1,105,Analytics,1
L02618,Outbound,Retail,SMB,70,APAC,13,1,0.764,0,77,0,0.0,1,57,Core,0
L02619,Outbound,Retail,Mid-market,163,Europe,7,0,0.634,0,19,1,21967.32,0,6,Core,0
L02620,Outbound,Retail,Mid-market,950,Europe,5,0,0.544,0,46,0,0.0,1,29,Enterprise Suite,0
L02621,Outbound,SaaS,SMB,71,APAC,4,1,0.631,0,62,2,9733.11,1,62,Analytics,0
L02622,Outbound,Retail,SMB,25,LATAM,4,2,0.475,0,82,0,0.0,1,15,Enterprise Suite,0
L02623,Organic,Manufacturing,SMB,51,LATAM,5,5,0.394,0,16,0,0.0,0,85,Core,0
L02624,Outbound,Finance,SMB,12,LATAM,2,1,0.346,0,3,0,0.0,1,91,Enterprise Suite,0
L02625,Paid search,Healthcare,Mid-market,293,North America,7,0,0.595,0,56,1,978.85,0,84,Enterprise Suite,0
L02626,Paid search,Retail,SMB,18,Europe,4,2,0.501,0,49,0,0.0,1,172,Core,0
L02627,Paid search,Manufacturing,Mid-market,101,Europe,3,3,0.715,1,6,0,0.0,0,173,Analytics,0
L02628,Organic,Healthcare,Mid-market,932,APAC,4,1,0.268,0,27,0,0.0,1,109,Core,0
L02629,Organic,Finance,Enterprise,4423,Europe,6,1,0.237,0,36,1,6757.07,0,147,Analytics,0
L02630,Organic,Retail,Enterprise,9227,Europe,4,3,0.598,0,32,1,664.8,1,13,Core,1
L02631,Referral,SaaS,SMB,61,APAC,4,1,0.644,0,71,0,0.0,0,17,Core,0
L02632,Paid search,SaaS,SMB,67,APAC,13,1,0.631,0,66,0,0.0,0,111,Analytics,1
L02633,Outbound,Manufacturing,SMB,73,North America,6,2,0.357,0,48,1,2493.71,0,83,Enterprise Suite,0
L02634,Paid search,Manufacturing,Mid-market,252,LATAM,8,0,0.249,0,66,0,0.0,0,36,Core,0
L02635,Paid search,Finance,SMB,13,North America,12,1,0.702,0,48,0,0.0,1,174,Analytics,1
L02636,Paid search,Retail,SMB,67,APAC,4,5,0.435,1,42,1,690.33,0,110,Analytics,1
L02637,Paid search,Healthcare,SMB,98,APAC,6,2,0.42,0,55,0,0.0,0,30,Core,1
L02638,Organic,Retail,SMB,71,LATAM,3,3,0.217,0,3,0,0.0,0,25,Core,0
L02639,Outbound,Healthcare,Mid-market,308,North America,8,3,0.755,0,0,1,623.13,0,1,Analytics,0
L02640,Organic,Retail,Mid-market,861,LATAM,6,1,0.87,0,84,0,0.0,1,67,Analytics,0
L02641,Event,Manufacturing,Mid-market,998,Europe,17,0,0.972,1,56,1,7057.52,0,87,Analytics,0
L02642,Event,Finance,Enterprise,4805,Europe,6,1,0.244,0,0,0,0.0,0,104,Core,0
L02643,Paid search,Retail,SMB,50,APAC,11,2,0.639,0,82,0,0.0,1,179,Analytics,0
L02644,Outbound,Manufacturing,SMB,60,Europe,9,3,0.804,1,47,1,9158.73,1,19,Core,1
L02645,Organic,Retail,SMB,91,Europe,9,2,0.841,0,37,1,3273.44,1,31,Analytics,1
L02646,Outbound,Finance,Mid-market,920,Europe,6,3,0.404,0,18,0,0.0,0,125,Core,0
L02647,Event,Manufacturing,Mid-market,974,Europe,5,2,0.37,1,63,0,0.0,1,40,Core,1
L02648,Outbound,Finance,SMB,18,North America,5,1,0.778,0,44,0,0.0,1,53,Core,0
L02649,Event,Healthcare,Enterprise,3940,LATAM,2,2,0.525,0,85,0,0.0,0,67,Enterprise Suite,0
L02650,Outbound,Retail,SMB,13,Europe,3,6,0.492,0,7,0,0.0,0,64,Analytics,0
L02651,Outbound,Manufacturing,SMB,22,LATAM,13,2,0.751,0,67,1,2937.0,0,94,Enterprise Suite,0
L02652,Paid search,Retail,Mid-market,856,Europe,3,3,0.39,0,2,0,0.0,0,130,Analytics,0
L02653,Outbound,Healthcare,Enterprise,3101,North America,3,2,0.335,0,54,0,0.0,0,3,Enterprise Suite,0
L02654,Event,SaaS,Mid-market,884,LATAM,6,3,0.526,0,76,0,0.0,0,57,Core,0
L02655,Paid search,Healthcare,Enterprise,7510,Europe,3,3,0.257,0,52,1,4313.96,1,36,Analytics,0
L02656,Outbound,Retail,SMB,46,LATAM,5,1,0.293,1,19,0,0.0,0,4,Enterprise Suite,0
L02657,Organic,Healthcare,Mid-market,596,Europe,6,2,0.508,0,47,0,0.0,0,101,Core,0
L02658,Paid search,Finance,Enterprise,9700,Europe,22,6,1.0,1,22,1,1512.5,1,16,Enterprise Suite,1
L02659,Referral,Finance,Mid-market,453,LATAM,3,1,0.689,0,45,0,0.0,0,180,Core,0
L02660,Organic,Healthcare,SMB,63,North America,13,2,0.594,0,1,1,2162.56,0,161,Enterprise Suite,0
L02661,Outbound,SaaS,Enterprise,5057,North America,4,0,0.569,0,84,1,3069.57,0,101,Core,0
L02662,Organic,Retail,SMB,97,LATAM,5,2,0.208,0,72,0,0.0,0,118,Analytics,0
L02663,Organic,SaaS,SMB,71,North America,7,0,0.277,1,1,0,0.0,0,120,Core,1
L02664,Organic,Manufacturing,Enterprise,2695,APAC,4,2,0.257,1,50,0,0.0,0,107,Analytics,0
L02665,Paid search,SaaS,Enterprise,6714,North America,5,3,0.704,0,46,0,0.0,1,84,Analytics,0
L02666,Outbound,Finance,Enterprise,3145,LATAM,1,4,0.684,0,72,1,983.65,1,151,Core,1
L02667,Outbound,Finance,Enterprise,7580,LATAM,6,2,0.297,0,30,0,0.0,0,100,Analytics,0
L02668,Referral,Finance,SMB,62,North America,14,2,0.86,0,39,0,0.0,0,177,Analytics,0
L02669,Paid search,SaaS,Enterprise,2489,APAC,10,0,0.969,0,31,2,8125.19,0,28,Core,1
L02670,Paid search,Manufacturing,SMB,34,LATAM,6,1,0.68,0,57,0,0.0,0,89,Enterprise Suite,0
L02671,Paid search,Finance,Mid-market,223,Europe,4,1,0.183,0,33,1,14289.57,0,3,Core,0
L02672,Paid search,Healthcare,SMB,38,North America,6,2,0.388,0,47,0,0.0,0,142,Analytics,0
L02673,Organic,Healthcare,Mid-market,362,APAC,8,1,0.504,0,5,0,0.0,1,144,Core,1
L02674,Paid search,SaaS,Mid-market,587,LATAM,3,3,0.386,0,69,0,0.0,1,27,Enterprise Suite,0
L02675,Paid search,Retail,Enterprise,1915,North America,6,4,0.555,0,12,3,10161.72,0,68,Analytics,1
L02676,Paid search,SaaS,SMB,38,LATAM,5,1,0.6,0,30,0,0.0,0,68,Analytics,0
L02677,Paid search,Healthcare,SMB,99,North America,5,2,0.602,0,60,0,0.0,0,81,Analytics,0
L02678,Outbound,SaaS,SMB,36,APAC,10,4,0.452,0,10,0,0.0,1,79,Enterprise Suite,1
L02679,Event,Healthcare,SMB,73,Europe,10,1,0.416,1,58,0,0.0,0,92,Analytics,0
L02680,Organic,SaaS,Mid-market,289,APAC,2,2,0.543,0,21,0,0.0,0,64,Analytics,0
L02681,Outbound,SaaS,SMB,15,LATAM,2,4,0.425,0,86,0,0.0,0,153,Analytics,0
L02682,Outbound,Healthcare,Mid-market,610,APAC,2,0,0.405,0,50,1,4003.98,1,67,Enterprise Suite,1
L02683,Organic,Retail,SMB,63,Europe,1,1,0.113,0,49,0,0.0,0,83,Enterprise Suite,0
L02684,Paid search,Retail,SMB,61,LATAM,3,2,0.829,0,24,1,5719.6,0,72,Core,1
L02685,Organic,Finance,Mid-market,589,North America,10,3,0.47,0,76,0,0.0,0,51,Core,0
L02686,Event,Manufacturing,SMB,15,LATAM,2,1,0.185,0,14,0,0.0,1,116,Core,0
L02687,Organic,Finance,SMB,77,APAC,5,2,0.48,0,59,0,0.0,0,26,Core,0
L02688,Event,Retail,SMB,80,Europe,6,0,0.217,1,79,0,0.0,0,1,Enterprise Suite,0
L02689,Organic,Manufacturing,SMB,79,Europe,11,4,0.675,0,46,0,0.0,0,111,Enterprise Suite,0
L02690,Paid search,Manufacturing,Mid-market,122,North America,13,3,0.687,0,28,1,4297.16,0,62,Analytics,0
L02691,Outbound,SaaS,SMB,18,North America,12,3,0.532,0,71,0,0.0,0,178,Analytics,0
L02692,Organic,Manufacturing,SMB,52,Europe,7,2,0.701,0,3,0,0.0,1,123,Core,1
L02693,Outbound,Retail,Mid-market,120,Europe,3,2,0.269,0,17,0,0.0,0,39,Core,0
L02694,Outbound,SaaS,Mid-market,847,Europe,1,2,0.47,0,51,0,0.0,0,107,Core,0
L02695,Outbound,SaaS,Mid-market,791,Europe,17,0,0.673,1,25,0,0.0,0,53,Enterprise Suite,1
L02696,Organic,Finance,SMB,67,Europe,5,4,0.551,0,66,0,0.0,0,80,Analytics,0
L02697,Outbound,Retail,Enterprise,7669,Europe,3,4,0.577,0,10,1,10433.96,0,35,Core,1
L02698,Referral,SaaS,SMB,75,Europe,6,3,0.438,0,15,0,0.0,1,30,Enterprise Suite,1
L02699,Organic,Finance,SMB,15,North America,7,5,0.644,0,68,2,40035.16,1,165,Enterprise Suite,1
L02700,Outbound,Finance,Enterprise,7153,LATAM,12,0,0.567,1,44,0,0.0,0,79,Core,1
L02701,Event,SaaS,Mid-market,842,APAC,4,3,0.419,0,70,1,2760.16,0,63,Core,0
L02702,Paid search,Manufacturing,Mid-market,144,APAC,4,2,0.312,0,9,1,3323.88,1,125,Analytics,0
L02703,Organic,Manufacturing,Enterprise,6255,Europe,19,1,0.996,1,44,0,0.0,1,127,Enterprise Suite,1
L02704,Outbound,Finance,SMB,41,Europe,1,4,0.386,0,17,0,0.0,0,103,Core,0
L02705,Event,SaaS,Enterprise,7622,LATAM,0,1,0.416,0,73,0,0.0,0,134,Core,0
L02706,Paid search,Healthcare,Mid-market,813,Europe,4,3,0.382,0,23,2,2978.55,1,43,Analytics,1
L02707,Outbound,Manufacturing,SMB,25,Europe,4,1,0.569,0,62,1,5451.39,0,100,Core,0
L02708,Organic,SaaS,SMB,62,Europe,5,5,0.745,0,71,0,0.0,0,82,Enterprise Suite,1
L02709,Organic,Healthcare,SMB,16,Europe,4,2,0.385,0,62,0,0.0,0,6,Core,0
L02710,Event,SaaS,Enterprise,4602,North America,4,3,0.39,0,16,0,0.0,1,74,Analytics,0
L02711,Outbound,SaaS,SMB,84,North America,3,1,0.355,0,13,0,0.0,1,42,Analytics,1
L02712,Organic,Healthcare,SMB,72,North America,4,1,0.463,0,8,0,0.0,0,16,Analytics,0
L02713,Organic,Retail,Mid-market,386,APAC,1,2,0.322,0,75,3,7607.16,0,138,Analytics,0
L02714,Referral,Retail,Mid-market,199,APAC,6,1,0.66,1,33,0,0.0,1,21,Enterprise Suite,1
L02715,Outbound,Finance,SMB,10,North America,4,0,0.211,0,17,0,0.0,0,42,Enterprise Suite,0
L02716,Organic,Finance,Mid-market,980,LATAM,8,3,0.484,0,88,0,0.0,0,36,Enterprise Suite,0
L02717,Paid search,Finance,Mid-market,150,North America,5,0,0.442,1,22,0,0.0,0,93,Analytics,0
L02718,Outbound,SaaS,Enterprise,1842,Europe,6,0,0.442,0,48,0,0.0,0,166,Enterprise Suite,0
L02719,Referral,Retail,SMB,95,Europe,4,0,0.118,0,61,0,0.0,0,131,Core,0
L02720,Paid search,Manufacturing,SMB,42,LATAM,21,3,0.924,0,47,0,0.0,0,129,Core,1
L02721,Paid search,Healthcare,Mid-market,984,Europe,7,1,0.557,0,45,1,1998.59,0,146,Analytics,0
L02722,Outbound,Retail,SMB,5,North America,11,1,0.95,0,71,0,0.0,1,41,Analytics,1
L02723,Organic,SaaS,Mid-market,896,Europe,3,3,0.185,0,6,1,7104.62,0,31,Core,0
L02724,Paid search,Healthcare,SMB,82,North America,12,2,0.38,1,42,0,0.0,1,169,Enterprise Suite,1
L02725,Organic,Manufacturing,Mid-market,951,North America,13,3,0.53,0,84,0,0.0,0,1,Core,1
L02726,Event,Manufacturing,Enterprise,2563,APAC,16,2,0.91,0,64,2,12915.13,0,131,Core,1
L02727,Outbound,Healthcare,Enterprise,7266,LATAM,2,2,0.426,0,42,0,0.0,0,159,Enterprise Suite,0
L02728,Referral,Finance,Enterprise,8085,North America,3,0,0.254,0,5,0,0.0,0,124,Core,0
L02729,Organic,Healthcare,Enterprise,6228,APAC,6,3,0.456,0,36,1,1437.5,0,29,Analytics,1
L02730,Outbound,Finance,SMB,73,Europe,1,0,0.077,0,24,0,0.0,0,176,Core,0
L02731,Referral,Healthcare,SMB,56,APAC,6,1,0.424,1,21,0,0.0,0,82,Analytics,0
L02732,Organic,SaaS,Enterprise,4458,Europe,12,0,0.604,0,38,1,1797.36,0,80,Analytics,0
L02733,Paid search,Retail,Enterprise,7597,APAC,6,1,0.462,0,20,2,2643.14,0,130,Enterprise Suite,1
L02734,Organic,Manufacturing,Enterprise,7695,North America,4,3,0.217,0,29,0,0.0,0,95,Analytics,0
L02735,Organic,Manufacturing,Mid-market,274,LATAM,12,2,0.92,1,43,0,0.0,1,8,Analytics,0
L02736,Paid search,Manufacturing,SMB,41,North America,7,3,0.374,0,2,1,6241.49,0,123,Enterprise Suite,0
L02737,Organic,Manufacturing,Enterprise,6704,Europe,20,3,1.0,1,11,0,0.0,0,74,Enterprise Suite,1
L02738,Paid search,Retail,Enterprise,7386,North America,14,1,0.466,1,44,1,543.88,0,168,Analytics,1
L02739,Event,Healthcare,Mid-market,229,LATAM,9,1,0.928,1,20,1,5129.94,0,43,Analytics,1
L02740,Paid search,Finance,Enterprise,7188,Europe,1,1,0.184,0,23,0,0.0,0,158,Analytics,0
L02741,Referral,Manufacturing,Mid-market,782,LATAM,14,1,0.484,0,28,1,16821.8,0,129,Enterprise Suite,0
L02742,Outbound,Retail,Enterprise,3112,LATAM,9,3,0.48,0,40,1,2606.18,0,122,Enterprise Suite,0
L02743,Organic,Retail,SMB,69,Europe,17,5,1.0,0,6,1,4215.65,0,77,Enterprise Suite,1
L02744,Event,Manufacturing,Enterprise,7096,APAC,4,3,0.465,0,77,0,0.0,1,158,Enterprise Suite,1
L02745,Organic,Retail,SMB,68,APAC,5,0,0.543,0,22,0,0.0,0,136,Core,0
L02746,Outbound,Finance,SMB,46,APAC,6,4,0.333,0,10,0,0.0,1,63,Enterprise Suite,1
L02747,Organic,Manufacturing,SMB,72,LATAM,5,3,0.291,0,68,0,0.0,0,17,Core,0
L02748,Organic,Retail,SMB,11,North America,9,3,0.625,0,45,0,0.0,0,96,Core,0
L02749,Paid search,Finance,SMB,16,Europe,5,3,0.614,0,37,1,5764.54,1,117,Enterprise Suite,1
L02750,Referral,Retail,Enterprise,4201,APAC,6,2,0.377,1,33,0,0.0,0,138,Core,1
L02751,Organic,Manufacturing,Mid-market,194,North America,9,3,0.388,0,11,0,0.0,0,175,Analytics,0
L02752,Event,Retail,Enterprise,3134,APAC,13,2,0.601,1,27,0,0.0,0,5,Enterprise Suite,1
L02753,Outbound,Finance,SMB,36,LATAM,2,3,0.367,0,71,0,0.0,0,118,Enterprise Suite,0
L02754,Referral,Manufacturing,SMB,37,North America,5,4,0.525,0,35,0,0.0,0,139,Analytics,0
L02755,Outbound,Retail,Mid-market,846,Europe,7,2,0.312,0,60,0,0.0,1,39,Analytics,0
L02756,Outbound,Finance,Mid-market,156,APAC,7,2,0.66,1,10,0,0.0,0,106,Analytics,0
L02757,Outbound,Manufacturing,Mid-market,397,LATAM,4,1,0.403,1,27,0,0.0,0,124,Analytics,0
L02758,Event,Manufacturing,Mid-market,990,APAC,12,7,0.531,1,51,0,0.0,1,126,Core,1
L02759,Event,Healthcare,Enterprise,3305,Europe,5,1,0.257,0,0,0,0.0,0,12,Core,0
L02760,Paid search,Manufacturing,Mid-market,206,LATAM,19,2,1.0,0,39,0,0.0,1,158,Core,1
L02761,Event,Retail,Enterprise,3506,LATAM,13,4,0.979,0,32,1,8733.15,0,61,Enterprise Suite,0
L02762,Outbound,SaaS,Mid-market,798,North America,8,2,0.56,0,80,0,0.0,0,81,Enterprise Suite,1
L02763,Referral,Healthcare,Mid-market,707,Europe,14,4,0.725,1,36,1,4142.83,1,34,Core,1
L02764,Organic,Retail,SMB,26,North America,4,3,0.33,1,4,0,0.0,0,48,Analytics,1
L02765,Referral,Finance,SMB,98,Europe,3,2,0.094,0,78,0,0.0,0,116,Enterprise Suite,0
L02766,Outbound,Finance,SMB,64,APAC,6,4,0.316,0,63,0,0.0,1,174,Enterprise Suite,0
L02767,Paid search,Manufacturing,Mid-market,637,LATAM,3,2,0.635,0,44,1,4129.08,0,97,Core,0
L02768,Event,Manufacturing,Mid-market,461,APAC,6,4,0.179,0,3,0,0.0,0,166,Core,0
L02769,Outbound,Finance,SMB,69,LATAM,3,4,0.512,1,21,0,0.0,0,179,Enterprise Suite,0
L02770,Outbound,Healthcare,Mid-market,472,Europe,2,1,0.676,0,41,0,0.0,1,67,Analytics,0
L02771,Organic,SaaS,SMB,60,APAC,7,3,0.298,1,7,0,0.0,0,48,Enterprise Suite,1
L02772,Outbound,Healthcare,SMB,82,APAC,1,1,0.498,0,31,0,0.0,0,8,Core,0
L02773,Outbound,Healthcare,Enterprise,4571,North America,7,5,0.455,0,28,0,0.0,0,103,Enterprise Suite,0
L02774,Referral,SaaS,SMB,34,LATAM,4,3,0.84,0,19,0,0.0,0,68,Analytics,0
L02775,Event,SaaS,SMB,11,APAC,3,1,0.19,0,20,0,0.0,0,175,Enterprise Suite,0
L02776,Organic,Finance,SMB,18,North America,1,1,0.525,0,88,0,0.0,0,21,Core,0
L02777,Event,Healthcare,SMB,29,LATAM,5,2,0.642,1,72,0,0.0,0,37,Analytics,0
L02778,Paid search,Manufacturing,Mid-market,476,APAC,2,1,0.187,0,47,1,2296.01,0,3,Enterprise Suite,0
L02779,Organic,Finance,Enterprise,2119,Europe,5,2,0.844,0,83,1,1925.37,0,129,Enterprise Suite,0
L02780,Referral,Healthcare,Mid-market,535,North America,1,4,0.225,1,82,0,0.0,0,86,Core,0
L02781,Referral,Manufacturing,Mid-market,147,LATAM,8,2,0.381,0,12,0,0.0,0,178,Analytics,0
L02782,Referral,Manufacturing,SMB,47,LATAM,8,4,0.245,0,49,0,0.0,0,49,Enterprise Suite,0
L02783,Paid search,Healthcare,Mid-market,949,LATAM,13,1,0.556,1,59,0,0.0,0,176,Enterprise Suite,0
L02784,Organic,Manufacturing,SMB,52,APAC,4,3,0.342,0,86,0,0.0,0,86,Core,0
L02785,Organic,Retail,SMB,61,Europe,4,2,0.421,0,77,0,0.0,0,153,Enterprise Suite,0
L02786,Event,Retail,Enterprise,3267,North America,1,0,0.426,1,85,0,0.0,0,95,Enterprise Suite,0
L02787,Event,Retail,SMB,34,LATAM,11,2,0.651,0,48,0,0.0,1,135,Analytics,0
L02788,Paid search,Manufacturing,SMB,95,Europe,5,1,0.534,1,6,0,0.0,0,108,Enterprise Suite,1
L02789,Outbound,Finance,SMB,18,Europe,5,2,0.221,0,16,1,3103.8,1,138,Analytics,0
L02790,Organic,Finance,Enterprise,1952,LATAM,16,0,0.493,0,24,4,62153.93,0,32,Enterprise Suite,1
L02791,Outbound,Manufacturing,SMB,23,APAC,4,1,0.314,0,86,1,2076.28,1,19,Analytics,0
L02792,Referral,Retail,SMB,98,Europe,12,1,0.349,1,81,0,0.0,0,114,Enterprise Suite,0
L02793,Event,SaaS,Enterprise,3275,Europe,1,2,0.261,0,20,1,1486.43,0,21,Enterprise Suite,0
L02794,Outbound,Manufacturing,SMB,55,LATAM,5,4,0.353,0,29,0,0.0,0,142,Analytics,0
L02795,Outbound,Healthcare,Enterprise,9060,LATAM,5,1,0.514,0,18,2,10925.81,0,169,Analytics,0
L02796,Paid search,Retail,SMB,95,APAC,5,3,0.536,1,43,1,9689.8,1,99,Enterprise Suite,1
L02797,Paid search,Finance,Mid-market,506,Europe,2,4,0.303,0,84,0,0.0,0,134,Enterprise Suite,1
L02798,Organic,Healthcare,Enterprise,9142,APAC,7,3,0.571,0,19,1,5084.18,0,171,Core,0
L02799,Event,Finance,Mid-market,113,North America,6,1,0.427,0,85,0,0.0,1,84,Core,0
L02800,Event,Finance,Mid-market,116,North America,11,2,0.54,0,75,1,3747.86,0,91,Core,0
L02801,Outbound,Finance,SMB,6,North America,6,2,0.467,1,82,1,3043.38,0,2,Enterprise Suite,0
L02802,Paid search,Retail,Mid-market,255,LATAM,4,0,0.164,0,30,0,0.0,0,180,Enterprise Suite,0
L02803,Referral,Finance,Enterprise,9628,APAC,3,3,0.414,0,34,0,0.0,0,5,Analytics,0
L02804,Paid search,Manufacturing,Mid-market,819,LATAM,16,3,0.79,0,52,1,2355.32,1,97,Analytics,0
L02805,Referral,Healthcare,Enterprise,3219,APAC,5,0,0.643,1,44,2,10889.8,0,95,Core,0
L02806,Organic,SaaS,Mid-market,868,North America,7,1,0.655,0,43,1,1787.6,1,147,Core,0
L02807,Organic,Healthcare,Mid-market,968,Europe,3,0,0.333,0,62,0,0.0,0,119,Core,0
L02808,Event,Healthcare,SMB,85,North America,6,2,0.611,0,57,1,8867.92,0,168,Analytics,1
L02809,Organic,SaaS,Mid-market,207,North America,8,2,0.876,0,48,0,0.0,0,22,Analytics,0
L02810,Organic,Finance,Enterprise,8915,APAC,7,4,0.516,1,58,0,0.0,1,31,Analytics,0
L02811,Referral,Healthcare,Mid-market,281,APAC,3,2,0.272,0,33,1,997.27,0,12,Analytics,0
L02812,Outbound,Retail,SMB,25,LATAM,19,1,0.687,1,17,0,0.0,0,141,Analytics,0
L02813,Event,Manufacturing,Mid-market,488,North America,13,3,0.508,0,60,0,0.0,1,170,Core,1
L02814,Referral,Healthcare,Mid-market,443,APAC,4,2,0.151,0,21,0,0.0,1,149,Core,0
L02815,Referral,Retail,Enterprise,8215,APAC,14,1,0.559,0,80,0,0.0,0,2,Core,1
L02816,Paid search,SaaS,SMB,50,North America,6,0,0.593,0,28,0,0.0,0,34,Core,0
L02817,Organic,Manufacturing,SMB,80,Europe,6,1,0.701,0,7,0,0.0,1,14,Core,0
L02818,Paid search,Finance,SMB,15,APAC,6,2,0.331,0,71,0,0.0,1,83,Analytics,0
L02819,Paid search,Retail,SMB,40,Europe,4,0,0.514,0,66,0,0.0,0,66,Core,0
L02820,Outbound,Manufacturing,Enterprise,3609,LATAM,2,1,0.289,0,37,1,1731.33,0,138,Analytics,0
L02821,Organic,Finance,SMB,9,APAC,2,4,0.245,0,74,0,0.0,0,109,Enterprise Suite,0
L02822,Event,SaaS,Mid-market,221,APAC,6,3,0.283,0,56,0,0.0,0,19,Enterprise Suite,0
L02823,Referral,Manufacturing,SMB,36,APAC,5,0,0.549,1,52,0,0.0,0,91,Analytics,1
L02824,Outbound,Retail,SMB,70,APAC,4,1,0.385,0,33,0,0.0,0,50,Enterprise Suite,0
L02825,Outbound,SaaS,Enterprise,4882,APAC,16,3,0.766,0,82,2,6834.3,0,22,Analytics,1
L02826,Event,Manufacturing,SMB,79,APAC,11,0,0.51,0,0,1,2067.47,0,30,Core,0
L02827,Paid search,Healthcare,SMB,87,North America,7,2,0.642,0,30,1,2600.24,0,34,Enterprise Suite,0
L02828,Organic,Healthcare,SMB,73,APAC,5,4,0.489,0,48,1,989.38,0,50,Core,0
L02829,Outbound,Healthcare,Enterprise,3079,APAC,8,2,0.341,0,63,0,0.0,1,84,Enterprise Suite,0
L02830,Event,Manufacturing,Enterprise,6736,North America,10,2,0.271,1,32,1,1742.43,0,92,Analytics,0
L02831,Organic,SaaS,SMB,87,North America,2,0,0.31,0,28,0,0.0,0,57,Enterprise Suite,0
L02832,Paid search,Healthcare,Mid-market,560,APAC,8,1,0.561,0,75,0,0.0,0,31,Analytics,0
L02833,Paid search,Manufacturing,SMB,59,APAC,5,2,0.342,0,78,1,1651.96,0,166,Core,0
L02834,Outbound,Finance,Mid-market,710,APAC,9,3,0.521,0,74,0,0.0,1,41,Core,0
L02835,Event,SaaS,SMB,63,North America,26,0,0.853,1,39,0,0.0,1,34,Enterprise Suite,1
L02836,Event,Finance,Mid-market,401,APAC,8,1,0.349,1,58,0,0.0,0,37,Core,0
L02837,Event,Retail,Enterprise,6270,Europe,15,2,0.614,1,87,2,2297.53,0,82,Core,1
L02838,Organic,Healthcare,SMB,23,Europe,2,1,0.474,0,9,1,5899.13,0,164,Core,0
L02839,Organic,SaaS,SMB,54,APAC,11,2,0.328,0,34,1,763.59,0,98,Enterprise Suite,0
L02840,Referral,Retail,SMB,73,APAC,5,4,0.415,0,58,0,0.0,0,70,Analytics,0
L02841,Outbound,Healthcare,SMB,96,Europe,7,4,0.474,0,3,1,9151.16,0,89,Enterprise Suite,1
L02842,Paid search,Manufacturing,SMB,19,LATAM,5,2,0.262,1,40,0,0.0,0,81,Analytics,0
L02843,Paid search,Finance,SMB,34,APAC,6,2,0.53,0,80,1,13293.18,0,112,Analytics,0
L02844,Organic,SaaS,Enterprise,9236,North America,19,3,0.916,0,85,1,936.31,0,21,Enterprise Suite,1
L02845,Organic,Finance,SMB,99,North America,18,3,0.654,0,21,0,0.0,1,12,Core,1
L02846,Paid search,Manufacturing,Enterprise,2367,LATAM,5,2,0.568,1,46,1,1042.03,0,104,Core,1
L02847,Organic,Retail,SMB,5,Europe,16,3,0.47,0,37,0,0.0,1,93,Enterprise Suite,1
L02848,Referral,Healthcare,Mid-market,633,APAC,3,4,0.815,0,23,0,0.0,0,34,Core,1
L02849,Event,Finance,SMB,18,APAC,7,2,0.198,0,76,1,9912.91,0,87,Analytics,0
L02850,Organic,Retail,Enterprise,3149,Europe,3,4,0.583,1,54,2,1483.19,1,101,Enterprise Suite,0
L02851,Organic,SaaS,SMB,89,Europe,10,5,0.703,0,5,0,0.0,0,110,Enterprise Suite,0
L02852,Paid search,Manufacturing,SMB,86,APAC,7,2,0.61,0,49,1,877.37,0,98,Core,0
L02853,Outbound,Healthcare,Mid-market,477,North America,4,4,0.352,0,0,1,57792.1,1,85,Analytics,0
L02854,Organic,Manufacturing,Mid-market,576,LATAM,4,4,0.773,0,32,1,2578.58,0,95,Analytics,1
L02855,Event,Finance,Mid-market,569,Europe,18,1,0.523,0,5,0,0.0,0,31,Enterprise Suite,0
L02856,Outbound,Retail,SMB,60,Europe,4,1,0.163,1,62,1,4921.03,0,79,Core,0
L02857,Event,Manufacturing,SMB,82,North America,7,1,0.308,0,84,1,1240.14,0,22,Core,0
L02858,Paid search,Finance,Enterprise,3959,LATAM,3,1,0.26,1,44,0,0.0,0,28,Enterprise Suite,1
L02859,Event,Manufacturing,Mid-market,804,LATAM,12,1,0.623,0,5,0,0.0,0,80,Core,0
L02860,Paid search,Manufacturing,Mid-market,367,LATAM,6,2,0.602,0,40,0,0.0,1,64,Core,0
L02861,Paid search,Retail,SMB,56,LATAM,18,2,0.564,1,39,0,0.0,0,177,Enterprise Suite,0
L02862,Paid search,Finance,SMB,50,North America,5,7,0.227,0,87,1,1219.27,1,68,Analytics,1
L02863,Organic,Healthcare,Enterprise,9259,North America,16,1,0.976,0,54,1,21055.67,0,143,Enterprise Suite,0
L02864,Referral,Finance,Mid-market,376,LATAM,14,0,0.622,1,47,0,0.0,1,132,Core,1
L02865,Paid search,Finance,SMB,66,LATAM,0,1,0.156,0,31,0,0.0,1,153,Analytics,0
L02866,Referral,Finance,Enterprise,1238,LATAM,4,2,0.725,1,44,0,0.0,0,178,Analytics,0
L02867,Paid search,Manufacturing,Mid-market,507,LATAM,1,3,0.343,0,79,0,0.0,1,177,Analytics,0
L02868,Paid search,Manufacturing,SMB,82,APAC,5,3,0.63,0,73,0,0.0,0,129,Enterprise Suite,0
L02869,Outbound,Retail,SMB,44,APAC,4,2,0.576,0,74,0,0.0,1,139,Core,0
L02870,Referral,Finance,Mid-market,382,North America,5,2,0.419,0,67,1,2236.05,1,81,Core,0
L02871,Paid search,Finance,SMB,41,LATAM,16,2,0.702,0,57,1,8248.64,0,70,Analytics,0
L02872,Paid search,SaaS,Mid-market,879,North America,16,6,0.538,0,12,0,0.0,0,53,Core,1
L02873,Referral,Finance,Mid-market,749,LATAM,6,2,0.903,1,82,0,0.0,1,75,Analytics,1
L02874,Organic,Manufacturing,SMB,71,APAC,8,2,0.595,0,45,0,0.0,1,32,Core,1
L02875,Referral,Healthcare,Enterprise,4351,Europe,8,0,0.594,0,0,1,5984.14,0,141,Core,0
L02876,Organic,Finance,SMB,98,North America,3,1,0.254,0,29,1,4259.93,0,27,Core,0
L02877,Organic,Healthcare,SMB,64,LATAM,5,3,0.444,0,76,0,0.0,0,164,Core,0
L02878,Organic,Finance,Mid-market,939,North America,9,1,0.686,0,57,0,0.0,0,28,Enterprise Suite,1
L02879,Paid search,Retail,Mid-market,260,North America,12,0,0.333,1,52,0,0.0,0,88,Core,1
L02880,Referral,SaaS,SMB,93,Europe,3,0,0.211,0,33,0,0.0,0,103,Core,0
L02881,Organic,Manufacturing,Mid-market,439,APAC,6,3,0.363,0,73,0,0.0,0,34,Analytics,0
L02882,Referral,Healthcare,Enterprise,1418,Europe,6,1,0.443,0,57,0,0.0,0,93,Enterprise Suite,1
L02883,Paid search,Manufacturing,Mid-market,930,APAC,8,3,0.689,0,16,0,0.0,1,160,Core,1
L02884,Organic,SaaS,Enterprise,2241,Europe,12,2,1.0,1,43,0,0.0,0,151,Core,1
L02885,Paid search,Manufacturing,SMB,42,Europe,12,0,0.732,1,71,0,0.0,0,172,Analytics,0
L02886,Organic,Retail,SMB,82,APAC,4,1,0.391,0,43,0,0.0,1,77,Core,0
L02887,Referral,Finance,Mid-market,616,North America,0,3,0.281,1,77,0,0.0,1,17,Analytics,1
L02888,Outbound,Healthcare,SMB,40,Europe,2,2,0.457,0,86,0,0.0,1,61,Enterprise Suite,0
L02889,Referral,Healthcare,Mid-market,225,North America,2,3,0.428,1,18,1,2775.55,0,6,Core,0
L02890,Referral,Retail,SMB,35,APAC,12,1,0.62,1,81,0,0.0,0,3,Analytics,1
L02891,Referral,Retail,SMB,75,Europe,4,1,0.399,1,77,0,0.0,1,6,Analytics,1
L02892,Outbound,Healthcare,SMB,63,North America,12,3,0.776,1,88,1,5041.52,1,43,Analytics,1
L02893,Paid search,SaaS,SMB,81,North America,9,5,0.665,0,64,0,0.0,0,4,Enterprise Suite,0
L02894,Paid search,Retail,SMB,11,LATAM,5,3,0.319,0,58,1,3359.05,0,163,Core,0
L02895,Outbound,Retail,Mid-market,888,Europe,3,3,0.477,1,45,1,1313.89,0,5,Analytics,1
L02896,Referral,Finance,Mid-market,208,North America,19,0,0.762,0,64,1,1609.12,1,29,Enterprise Suite,1
L02897,Outbound,Healthcare,SMB,45,Europe,7,2,0.241,0,77,1,324.3,0,151,Analytics,0
L02898,Organic,Finance,SMB,13,LATAM,7,3,0.715,0,17,0,0.0,0,27,Analytics,0
L02899,Paid search,Finance,Enterprise,6169,Europe,9,4,0.469,0,34,1,5652.64,1,162,Analytics,0
L02900,Paid search,Finance,SMB,15,North America,5,3,0.433,0,6,0,0.0,0,88,Enterprise Suite,0
L02901,Organic,Retail,Mid-market,996,LATAM,3,1,0.215,1,46,1,4594.69,0,20,Core,0
L02902,Outbound,Manufacturing,Mid-market,702,APAC,12,1,0.615,1,21,0,0.0,1,83,Enterprise Suite,0
L02903,Referral,Manufacturing,Mid-market,524,LATAM,7,4,0.475,1,27,1,3315.06,0,106,Analytics,0
L02904,Outbound,Finance,Enterprise,8070,North America,3,3,0.233,0,30,0,0.0,1,38,Analytics,0
L02905,Organic,Finance,Mid-market,436,LATAM,4,2,0.23,0,4,1,3349.34,0,152,Core,0
L02906,Event,Manufacturing,Enterprise,9231,North America,3,0,0.292,0,7,0,0.0,0,43,Core,0
L02907,Outbound,Healthcare,Enterprise,7212,North America,9,1,0.377,0,66,0,0.0,0,82,Enterprise Suite,0
L02908,Referral,Healthcare,SMB,15,North America,9,2,0.368,0,39,0,0.0,0,158,Enterprise Suite,1
L02909,Outbound,Finance,SMB,48,North America,4,0,0.251,0,27,0,0.0,0,128,Analytics,0
L02910,Paid search,Manufacturing,SMB,29,APAC,4,1,0.407,0,37,0,0.0,1,173,Core,0
L02911,Event,Healthcare,SMB,29,LATAM,3,2,0.291,0,10,1,2717.27,0,105,Enterprise Suite,0
L02912,Referral,Manufacturing,Mid-market,910,North America,5,4,0.562,0,54,0,0.0,0,46,Analytics,1
L02913,Paid search,Retail,SMB,55,APAC,2,2,0.413,0,83,0,0.0,0,41,Enterprise Suite,0
L02914,Event,Healthcare,SMB,39,Europe,6,1,0.65,0,78,0,0.0,0,29,Core,0
L02915,Paid search,Retail,SMB,62,North America,3,3,0.095,0,18,0,0.0,0,139,Core,0
L02916,Organic,Manufacturing,Mid-market,536,LATAM,4,1,0.423,0,81,0,0.0,1,7,Analytics,0
L02917,Organic,SaaS,Mid-market,779,LATAM,4,2,0.603,1,21,0,0.0,0,135,Analytics,0
L02918,Outbound,Manufacturing,Enterprise,2282,APAC,5,2,0.287,0,57,1,1817.14,1,175,Core,0
L02919,Referral,Finance,SMB,52,Europe,12,3,0.464,1,23,1,3185.28,0,52,Analytics,1
L02920,Event,Finance,SMB,22,Europe,5,1,0.545,1,81,0,0.0,0,71,Enterprise Suite,0
L02921,Outbound,Manufacturing,Enterprise,9294,Europe,1,0,0.338,0,58,0,0.0,0,65,Enterprise Suite,0
L02922,Referral,SaaS,Mid-market,442,North America,4,0,0.519,0,19,0,0.0,1,139,Core,1
L02923,Organic,Finance,Mid-market,892,North America,7,3,0.511,0,30,0,0.0,0,160,Analytics,0
L02924,Event,SaaS,Mid-market,199,North America,4,2,0.387,0,49,0,0.0,0,91,Analytics,0
L02925,Referral,SaaS,SMB,32,APAC,2,2,0.198,0,0,0,0.0,1,130,Enterprise Suite,0
L02926,Paid search,Retail,Enterprise,4856,APAC,9,5,0.559,0,80,0,0.0,0,80,Core,0
L02927,Event,Retail,Mid-market,498,Europe,24,0,1.0,0,49,0,0.0,0,172,Analytics,1
L02928,Paid search,Manufacturing,Mid-market,738,LATAM,11,5,0.571,0,84,1,2956.3,0,179,Enterprise Suite,1
L02929,Organic,Manufacturing,Mid-market,953,Europe,7,2,0.575,0,62,1,2222.5,1,52,Core,0
L02930,Event,Manufacturing,SMB,63,North America,2,0,0.489,0,89,0,0.0,0,49,Enterprise Suite,0
L02931,Paid search,Manufacturing,SMB,60,North America,11,2,0.673,0,47,0,0.0,0,19,Core,1
L02932,Organic,SaaS,Mid-market,788,North America,7,2,0.309,0,72,0,0.0,0,144,Enterprise Suite,0
L02933,Paid search,SaaS,Mid-market,454,Europe,3,2,0.441,0,60,0,0.0,0,115,Analytics,0
L02934,Outbound,Manufacturing,SMB,22,LATAM,4,2,0.947,0,6,0,0.0,1,139,Analytics,0
L02935,Event,SaaS,SMB,97,North America,7,5,0.792,0,51,0,0.0,0,37,Analytics,0
L02936,Paid search,Manufacturing,Enterprise,7099,LATAM,6,4,0.311,0,70,1,262.36,0,82,Analytics,0
L02937,Organic,Retail,SMB,77,Europe,7,1,0.516,1,84,0,0.0,1,148,Analytics,0
L02938,Referral,SaaS,SMB,10,APAC,4,0,0.832,0,10,0,0.0,1,138,Analytics,0
L02939,Organic,Finance,Mid-market,492,LATAM,9,5,0.459,0,56,0,0.0,0,152,Core,0
L02940,Referral,Finance,Mid-market,331,APAC,1,0,0.131,1,72,0,0.0,0,142,Core,0
L02941,Outbound,Retail,Mid-market,956,APAC,11,1,0.505,0,34,0,0.0,0,52,Core,1
L02942,Organic,Finance,Enterprise,6488,APAC,11,2,0.468,0,14,2,22133.93,0,33,Core,0
L02943,Outbound,Healthcare,SMB,84,North America,4,0,0.588,1,84,0,0.0,0,146,Enterprise Suite,0
L02944,Organic,SaaS,Enterprise,8607,North America,7,2,0.303,1,66,0,0.0,1,11,Analytics,1
L02945,Organic,SaaS,Enterprise,7792,Europe,8,4,0.387,0,31,0,0.0,0,3,Core,0
L02946,Paid search,Manufacturing,Mid-market,555,Europe,6,2,0.399,1,76,0,0.0,1,71,Analytics,0
L02947,Organic,Finance,Mid-market,573,North America,3,3,0.308,0,7,0,0.0,0,80,Enterprise Suite,1
L02948,Outbound,Healthcare,SMB,11,North America,8,2,0.321,1,12,0,0.0,1,60,Enterprise Suite,1
L02949,Outbound,Healthcare,SMB,35,APAC,8,3,0.295,1,21,2,39800.08,0,104,Analytics,0
L02950,Outbound,Retail,SMB,31,Europe,7,1,0.515,0,2,1,11646.8,0,86,Enterprise Suite,0
L02951,Organic,Retail,SMB,51,APAC,12,2,0.657,1,66,0,0.0,1,171,Analytics,0
L02952,Event,Retail,Enterprise,4895,Europe,13,2,0.37,0,68,1,907.4,1,34,Enterprise Suite,1
L02953,Referral,SaaS,SMB,13,North America,14,1,0.554,1,38,0,0.0,0,32,Enterprise Suite,1
L02954,Outbound,Retail,Mid-market,675,North America,8,2,0.422,0,51,0,0.0,0,50,Core,0
L02955,Paid search,Retail,SMB,95,APAC,11,3,0.496,0,79,0,0.0,0,165,Enterprise Suite,0
L02956,Organic,Manufacturing,SMB,52,Europe,15,1,0.981,0,31,0,0.0,1,130,Enterprise Suite,1
L02957,Organic,Finance,SMB,43,APAC,5,2,0.714,0,41,0,0.0,1,96,Core,0
L02958,Referral,Healthcare,SMB,17,Europe,2,3,0.368,0,34,0,0.0,0,78,Analytics,0
L02959,Organic,Manufacturing,Mid-market,861,LATAM,5,2,0.283,0,3,0,0.0,0,37,Enterprise Suite,0
L02960,Outbound,Healthcare,Enterprise,5241,LATAM,3,2,0.109,0,8,0,0.0,0,152,Core,0
L02961,Outbound,SaaS,SMB,56,LATAM,17,2,0.855,1,34,0,0.0,1,102,Core,1
L02962,Outbound,Healthcare,Enterprise,1607,North America,2,4,0.52,0,68,2,2135.9,0,147,Core,0
L02963,Referral,Finance,Mid-market,670,North America,6,2,0.359,1,76,1,1941.05,0,24,Analytics,0
L02964,Paid search,Manufacturing,Mid-market,507,Europe,7,2,0.402,0,80,1,3758.0,0,3,Enterprise Suite,0
L02965,Organic,Finance,SMB,61,North America,6,4,0.495,0,25,2,3243.39,0,38,Enterprise Suite,1
L02966,Paid search,Manufacturing,SMB,50,LATAM,10,2,0.722,0,15,3,10627.49,1,94,Core,1
L02967,Organic,Finance,Enterprise,6211,North America,4,3,0.521,0,57,0,0.0,1,107,Analytics,0
L02968,Organic,SaaS,Mid-market,682,APAC,10,2,0.715,0,49,0,0.0,0,17,Core,0
L02969,Paid search,Manufacturing,SMB,43,North America,4,0,0.426,0,7,0,0.0,1,157,Enterprise Suite,0
L02970,Organic,Manufacturing,Mid-market,714,Europe,7,3,0.69,1,68,0,0.0,1,160,Analytics,1
L02971,Paid search,SaaS,SMB,50,Europe,7,2,0.233,1,62,1,6477.82,0,51,Enterprise Suite,0
L02972,Event,Manufacturing,Mid-market,399,APAC,10,5,0.638,1,28,0,0.0,1,27,Core,1
L02973,Referral,Finance,SMB,64,North America,16,3,0.633,1,13,0,0.0,0,116,Analytics,1
L02974,Outbound,Finance,Enterprise,9196,Europe,17,0,0.837,0,84,0,0.0,0,4,Analytics,0
L02975,Paid search,Retail,SMB,53,APAC,15,1,0.837,0,53,0,0.0,0,109,Analytics,1
L02976,Outbound,SaaS,SMB,50,North America,6,0,0.804,1,26,1,20406.33,0,37,Analytics,0
L02977,Event,Manufacturing,Mid-market,901,Europe,8,2,0.544,0,61,0,0.0,0,62,Analytics,0
L02978,Event,Healthcare,SMB,51,APAC,2,0,0.672,0,88,0,0.0,0,94,Enterprise Suite,0
L02979,Event,Manufacturing,Enterprise,8223,Europe,5,4,0.638,0,63,0,0.0,1,19,Analytics,1
L02980,Outbound,SaaS,Mid-market,541,North America,5,1,0.257,0,9,1,2506.04,0,72,Analytics,0
L02981,Paid search,Retail,SMB,60,LATAM,6,2,0.5,0,36,0,0.0,0,33,Core,0
L02982,Organic,SaaS,SMB,16,North America,6,3,0.893,0,5,1,2125.35,0,56,Enterprise Suite,0
L02983,Referral,Manufacturing,Enterprise,5912,APAC,5,3,0.226,1,37,0,0.0,0,105,Analytics,1
L02984,Paid search,Healthcare,Mid-market,294,APAC,3,4,0.225,0,44,1,4170.99,0,131,Analytics,1
L02985,Referral,Manufacturing,Enterprise,5882,North America,10,2,0.617,0,85,1,4220.65,1,180,Core,1
L02986,Organic,Finance,SMB,16,APAC,3,2,0.533,1,2,0,0.0,0,94,Enterprise Suite,1
L02987,Referral,Retail,Enterprise,7631,North America,14,2,0.692,1,88,0,0.0,0,97,Core,1
L02988,Paid search,Manufacturing,Mid-market,976,Europe,3,3,0.438,0,71,0,0.0,0,14,Enterprise Suite,0
L02989,Organic,Finance,Mid-market,441,North America,16,0,0.664,1,27,0,0.0,0,84,Core,0
L02990,Paid search,Retail,SMB,69,North America,2,1,0.201,1,65,0,0.0,0,133,Analytics,0
L02991,Outbound,Manufacturing,SMB,58,APAC,6,1,0.177,0,71,0,0.0,0,66,Core,0
L02992,Outbound,Manufacturing,Enterprise,7490,North America,2,5,0.583,0,0,3,2394.72,1,65,Core,1
L02993,Organic,Healthcare,Enterprise,4944,APAC,3,1,0.122,0,80,2,11553.14,1,15,Enterprise Suite,0
L02994,Paid search,SaaS,SMB,62,APAC,11,3,0.66,0,8,0,0.0,1,140,Analytics,0
L02995,Paid search,Healthcare,Enterprise,6829,APAC,5,3,0.259,0,49,0,0.0,0,154,Analytics,0
L02996,Paid search,Retail,SMB,79,APAC,2,2,0.448,0,41,2,9579.86,0,156,Core,0
L02997,Event,Healthcare,SMB,73,Europe,5,1,0.336,0,38,0,0.0,1,17,Enterprise Suite,0
L02998,Organic,Manufacturing,SMB,79,LATAM,6,2,0.783,0,87,1,2985.74,0,64,Analytics,0
L02999,Outbound,Retail,SMB,91,APAC,3,4,0.64,0,5,0,0.0,0,27,Analytics,0
L03000,Referral,Finance,SMB,86,North America,3,1,0.578,1,74,0,0.0,1,133,Core,0
L03001,Outbound,Manufacturing,SMB,12,APAC,10,3,1.0,1,74,0,0.0,0,100,Enterprise Suite,1
L03002,Paid search,Manufacturing,SMB,12,North America,6,1,0.5,0,32,0,0.0,0,64,Analytics,0
L03003,Organic,Retail,Mid-market,885,APAC,4,1,0.616,0,14,0,0.0,0,26,Enterprise Suite,0
L03004,Event,Finance,Enterprise,9664,North America,4,2,0.178,1,28,0,0.0,1,52,Analytics,1
L03005,Referral,Manufacturing,Mid-market,581,Europe,13,2,0.788,1,66,0,0.0,1,72,Core,0
L03006,Event,Finance,SMB,51,LATAM,5,2,0.45,0,65,0,0.0,1,114,Core,0
L03007,Paid search,Finance,Mid-market,113,Europe,5,4,0.627,0,54,0,0.0,0,115,Core,0
L03008,Referral,SaaS,SMB,13,North America,9,1,0.412,1,27,2,14593.47,1,63,Analytics,1
L03009,Referral,Healthcare,Mid-market,941,North America,22,4,0.686,1,82,0,0.0,1,25,Core,1
L03010,Event,SaaS,Mid-market,582,APAC,16,2,0.89,0,63,0,0.0,0,40,Enterprise Suite,1
L03011,Organic,Finance,SMB,83,LATAM,2,3,0.434,0,5,0,0.0,0,142,Enterprise Suite,0
L03012,Outbound,Retail,SMB,48,APAC,16,3,0.614,0,3,0,0.0,0,105,Core,0
L03013,Event,Finance,Enterprise,2326,North America,6,2,0.24,0,63,0,0.0,0,148,Enterprise Suite,0
L03014,Event,Finance,Enterprise,9868,LATAM,11,1,0.694,0,74,1,869.41,0,26,Enterprise Suite,0
L03015,Organic,Finance,Mid-market,390,LATAM,4,4,0.362,0,62,1,1373.61,1,4,Enterprise Suite,0
L03016,Event,Finance,Enterprise,6499,North America,8,2,0.308,0,16,0,0.0,0,2,Enterprise Suite,0
L03017,Outbound,Healthcare,Enterprise,6748,APAC,12,4,0.658,1,75,1,621.1,0,49,Core,1
L03018,Referral,Finance,SMB,97,APAC,10,2,0.33,0,32,0,0.0,1,38,Analytics,0
L03019,Organic,Healthcare,Mid-market,817,LATAM,2,1,0.749,0,63,1,593.55,0,104,Enterprise Suite,1
L03020,Organic,Retail,SMB,88,LATAM,14,4,0.897,0,64,0,0.0,1,85,Enterprise Suite,0
L03021,Organic,Manufacturing,SMB,36,APAC,7,4,0.389,0,24,0,0.0,0,109,Core,0
L03022,Event,Manufacturing,SMB,56,Europe,6,1,0.748,0,19,0,0.0,0,78,Enterprise Suite,0
L03023,Paid search,Finance,Enterprise,5465,Europe,3,0,0.399,0,66,1,2496.49,1,78,Analytics,0
L03024,Paid search,Retail,Mid-market,487,APAC,5,2,0.508,0,89,0,0.0,0,123,Analytics,0
L03025,Organic,SaaS,SMB,8,Europe,14,4,1.0,0,54,1,993.95,1,90,Core,1
L03026,Referral,Manufacturing,SMB,81,Europe,7,1,0.46,0,30,0,0.0,0,174,Core,0
L03027,Organic,Healthcare,SMB,38,LATAM,11,1,0.652,1,32,2,8135.36,1,54,Analytics,0
L03028,Outbound,Finance,Mid-market,982,North America,6,3,0.437,0,50,0,0.0,0,40,Core,0
L03029,Paid search,Finance,Enterprise,5827,North America,20,0,1.0,0,70,0,0.0,0,124,Analytics,1
L03030,Organic,SaaS,SMB,31,Europe,1,0,0.133,0,77,0,0.0,0,4,Enterprise Suite,0
L03031,Outbound,SaaS,SMB,12,LATAM,9,2,0.573,0,72,0,0.0,1,50,Core,0
L03032,Referral,Manufacturing,Mid-market,515,APAC,7,1,0.492,1,87,1,1474.35,0,48,Enterprise Suite,0
L03033,Organic,Healthcare,SMB,41,APAC,9,4,0.41,1,44,0,0.0,0,5,Enterprise Suite,0
L03034,Organic,Retail,Mid-market,249,North America,3,0,0.723,0,81,1,5380.0,1,70,Enterprise Suite,0
L03035,Outbound,Finance,SMB,98,APAC,18,2,0.661,1,60,0,0.0,0,169,Core,1
L03036,Event,Retail,SMB,9,Europe,19,3,0.543,0,82,0,0.0,0,103,Enterprise Suite,1
L03037,Paid search,Retail,SMB,37,North America,10,4,0.452,1,4,0,0.0,1,126,Analytics,1
L03038,Referral,Finance,Enterprise,3111,North America,7,3,0.887,0,65,1,2197.53,0,154,Enterprise Suite,0
L03039,Organic,Healthcare,SMB,71,LATAM,7,3,0.453,0,86,1,1479.25,0,136,Enterprise Suite,0
L03040,Paid search,Retail,SMB,13,LATAM,6,4,0.819,1,9,1,3771.91,0,68,Enterprise Suite,0
L03041,Organic,Retail,Mid-market,786,Europe,8,1,0.439,0,86,0,0.0,0,32,Analytics,0
L03042,Outbound,Healthcare,Enterprise,5809,LATAM,9,2,0.685,0,21,0,0.0,1,73,Core,1
L03043,Event,Manufacturing,SMB,81,Europe,5,1,0.177,0,42,0,0.0,0,107,Analytics,0
L03044,Paid search,Healthcare,SMB,63,Europe,19,4,0.592,1,60,0,0.0,1,37,Core,1
L03045,Event,Retail,Mid-market,963,North America,16,2,0.678,0,7,0,0.0,0,83,Core,0
L03046,Outbound,Healthcare,SMB,52,Europe,2,2,0.589,0,58,1,1580.15,0,143,Core,0
L03047,Paid search,Retail,Mid-market,421,North America,4,3,0.683,0,64,0,0.0,0,125,Enterprise Suite,0
L03048,Event,Finance,SMB,76,LATAM,4,1,0.292,0,57,0,0.0,0,176,Analytics,0
L03049,Outbound,Manufacturing,SMB,99,LATAM,9,2,0.382,0,24,0,0.0,1,22,Analytics,1
L03050,Organic,Finance,SMB,24,LATAM,3,2,0.395,0,11,0,0.0,1,65,Analytics,1
L03051,Outbound,Manufacturing,Mid-market,761,LATAM,7,1,0.356,0,58,2,3258.89,0,141,Core,0
L03052,Referral,Finance,SMB,96,APAC,5,1,0.855,0,23,0,0.0,1,72,Enterprise Suite,1
L03053,Event,Finance,SMB,60,APAC,8,1,0.891,0,13,1,3452.71,0,172,Core,1
L03054,Outbound,Retail,SMB,17,LATAM,3,1,0.553,0,56,0,0.0,0,13,Enterprise Suite,0
L03055,Paid search,Retail,Mid-market,165,APAC,16,2,0.78,1,26,0,0.0,0,125,Enterprise Suite,0
L03056,Paid search,Manufacturing,SMB,86,APAC,4,2,0.401,0,42,0,0.0,0,83,Core,0
L03057,Paid search,Finance,Mid-market,913,North America,5,1,0.202,1,78,0,0.0,1,81,Analytics,0
L03058,Organic,Retail,Mid-market,663,North America,3,1,0.168,0,57,0,0.0,0,66,Enterprise Suite,0
L03059,Organic,Retail,SMB,70,APAC,15,4,0.537,0,22,1,1170.88,1,61,Analytics,1
L03060,Organic,SaaS,Enterprise,2832,LATAM,5,3,0.55,0,22,2,4120.9,0,143,Analytics,0
L03061,Paid search,SaaS,Enterprise,1048,Europe,4,4,0.183,1,85,1,3639.42,0,176,Analytics,1
L03062,Paid search,SaaS,SMB,75,LATAM,8,0,0.5,1,48,0,0.0,0,45,Enterprise Suite,0
L03063,Organic,Healthcare,SMB,51,North America,7,1,0.604,0,36,0,0.0,0,74,Enterprise Suite,0
L03064,Outbound,Healthcare,SMB,41,LATAM,1,4,0.309,0,2,0,0.0,0,159,Core,0
L03065,Organic,SaaS,SMB,59,LATAM,12,2,0.729,0,35,0,0.0,0,13,Analytics,0
L03066,Paid search,SaaS,Mid-market,567,LATAM,11,3,0.805,0,4,1,4096.58,0,169,Analytics,0
L03067,Organic,Finance,Enterprise,9121,Europe,4,4,0.768,0,27,0,0.0,1,133,Analytics,1
L03068,Organic,Retail,Enterprise,9741,North America,4,2,0.476,0,27,0,0.0,0,50,Analytics,0
L03069,Event,Manufacturing,SMB,84,APAC,4,1,0.451,0,17,0,0.0,1,36,Core,0
L03070,Paid search,Finance,SMB,17,LATAM,5,2,0.438,0,1,0,0.0,0,141,Analytics,0
L03071,Referral,Manufacturing,SMB,65,LATAM,6,1,0.193,0,81,0,0.0,1,147,Enterprise Suite,1
L03072,Outbound,SaaS,Mid-market,826,Europe,10,1,0.479,0,36,0,0.0,0,31,Enterprise Suite,0
L03073,Outbound,Manufacturing,SMB,77,North America,3,2,0.587,0,46,0,0.0,0,13,Analytics,0
L03074,Event,Healthcare,Enterprise,8149,North America,10,4,1.0,1,28,1,3701.31,1,94,Enterprise Suite,1
L03075,Outbound,Finance,Enterprise,2697,North America,8,0,0.615,1,39,1,2830.33,1,125,Enterprise Suite,1
L03076,Outbound,SaaS,SMB,10,APAC,7,5,0.506,0,44,0,0.0,0,178,Core,1
L03077,Organic,Retail,Mid-market,149,Europe,11,1,0.444,0,14,0,0.0,0,24,Enterprise Suite,0
L03078,Paid search,Healthcare,Mid-market,504,North America,6,2,0.577,0,8,0,0.0,1,99,Core,1
L03079,Paid search,Healthcare,Mid-market,456,LATAM,22,2,0.575,0,29,0,0.0,0,23,Enterprise Suite,0
L03080,Organic,Finance,SMB,68,Europe,6,5,0.606,1,40,0,0.0,1,72,Analytics,1
L03081,Organic,SaaS,SMB,27,North America,7,3,0.478,1,87,1,26059.13,0,97,Enterprise Suite,1
L03082,Referral,Manufacturing,Mid-market,528,Europe,16,1,0.472,0,15,0,0.0,0,50,Enterprise Suite,0
L03083,Event,Manufacturing,SMB,10,North America,4,1,0.53,1,15,0,0.0,1,5,Analytics,1
L03084,Outbound,SaaS,Mid-market,414,LATAM,13,0,0.743,0,39,0,0.0,0,32,Enterprise Suite,0
L03085,Event,SaaS,SMB,20,APAC,5,3,0.552,0,81,0,0.0,0,155,Core,0
L03086,Organic,Manufacturing,Mid-market,281,APAC,6,1,0.809,1,17,0,0.0,0,171,Core,0
L03087,Organic,Retail,Enterprise,9016,LATAM,4,1,0.311,1,47,0,0.0,0,51,Enterprise Suite,0
L03088,Paid search,Manufacturing,SMB,74,LATAM,12,3,0.779,0,59,0,0.0,0,77,Core,1
L03089,Paid search,Retail,SMB,96,Europe,18,2,0.88,0,87,0,0.0,0,148,Core,0
L03090,Outbound,Manufacturing,Mid-market,542,North America,6,2,0.568,0,17,0,0.0,1,126,Enterprise Suite,0
L03091,Outbound,SaaS,SMB,11,Europe,3,3,0.609,0,36,0,0.0,0,92,Core,0
L03092,Outbound,Healthcare,Mid-market,631,LATAM,5,1,0.735,0,3,1,502.14,0,56,Analytics,0
L03093,Outbound,Retail,Mid-market,869,APAC,8,1,0.751,1,33,1,6780.32,1,84,Core,0
L03094,Outbound,Manufacturing,SMB,84,North America,4,2,0.349,0,88,0,0.0,0,172,Core,0
L03095,Paid search,Healthcare,Enterprise,7790,Europe,17,2,0.812,0,55,2,13640.79,1,127,Analytics,0
L03096,Referral,Healthcare,Mid-market,713,Europe,3,1,0.391,0,62,0,0.0,1,55,Core,0
L03097,Referral,Healthcare,Mid-market,172,LATAM,4,2,0.678,0,54,0,0.0,1,153,Core,0
L03098,Organic,SaaS,SMB,88,LATAM,5,2,0.603,0,69,0,0.0,1,115,Analytics,1
L03099,Organic,Finance,SMB,58,North America,5,3,0.401,0,14,0,0.0,1,74,Core,1
L03100,Organic,Healthcare,SMB,57,North America,10,4,0.93,1,4,0,0.0,0,42,Enterprise Suite,1
L03101,Outbound,Healthcare,Enterprise,6155,APAC,4,3,0.312,1,58,3,4775.83,0,25,Analytics,0
L03102,Organic,Manufacturing,Enterprise,1164,LATAM,21,2,1.0,1,59,0,0.0,0,167,Analytics,1
L03103,Outbound,Healthcare,Mid-market,495,LATAM,7,4,0.364,1,41,0,0.0,0,2,Enterprise Suite,1
L03104,Event,Retail,SMB,56,APAC,3,4,0.519,1,47,0,0.0,0,66,Analytics,0
L03105,Event,Retail,Mid-market,550,APAC,6,4,0.288,0,6,0,0.0,1,26,Enterprise Suite,0
L03106,Event,Retail,Mid-market,947,Europe,13,3,0.66,1,82,0,0.0,0,36,Enterprise Suite,1
L03107,Organic,Finance,Mid-market,183,Europe,5,3,0.681,1,17,0,0.0,0,162,Analytics,0
L03108,Event,SaaS,SMB,52,LATAM,4,2,0.53,0,62,0,0.0,1,35,Core,0
L03109,Organic,Retail,Enterprise,3098,APAC,5,1,0.591,0,32,2,4215.9,0,98,Core,0
L03110,Outbound,Healthcare,SMB,35,APAC,5,2,0.356,0,18,2,2135.58,0,121,Core,0
L03111,Organic,Retail,SMB,62,LATAM,10,2,0.349,1,5,0,0.0,0,114,Analytics,0
L03112,Organic,Manufacturing,Enterprise,8530,North America,17,0,0.703,0,14,1,2219.76,1,138,Core,1
L03113,Event,SaaS,SMB,39,North America,4,3,0.194,0,63,0,0.0,0,87,Enterprise Suite,0
L03114,Event,Retail,SMB,95,APAC,9,2,0.563,1,20,0,0.0,0,53,Analytics,0
L03115,Paid search,Finance,Mid-market,109,Europe,5,1,0.44,1,54,0,0.0,0,99,Enterprise Suite,0
L03116,Paid search,Retail,Enterprise,4204,North America,6,1,0.552,0,54,0,0.0,0,175,Enterprise Suite,0
L03117,Organic,Healthcare,SMB,57,LATAM,7,2,0.649,1,14,0,0.0,0,47,Enterprise Suite,1
L03118,Event,Finance,Mid-market,391,LATAM,2,1,0.884,0,40,2,3572.37,0,160,Analytics,0
L03119,Organic,Retail,SMB,27,North America,2,3,0.373,1,44,0,0.0,0,98,Analytics,0
L03120,Organic,SaaS,SMB,37,APAC,9,0,0.874,0,86,1,16340.14,0,62,Enterprise Suite,0
L03121,Organic,Retail,SMB,22,LATAM,3,2,0.294,1,76,0,0.0,1,29,Core,0
L03122,Organic,SaaS,Mid-market,475,APAC,10,1,0.992,1,67,0,0.0,1,23,Analytics,1
L03123,Organic,Finance,SMB,29,APAC,15,1,0.764,1,30,0,0.0,0,23,Core,1
L03124,Paid search,SaaS,SMB,27,Europe,15,2,0.988,1,10,0,0.0,0,31,Analytics,0
L03125,Organic,Healthcare,Mid-market,743,North America,11,4,0.675,0,26,0,0.0,0,154,Enterprise Suite,0
L03126,Organic,Manufacturing,Mid-market,432,LATAM,11,1,0.626,0,85,0,0.0,0,154,Analytics,0
L03127,Paid search,Retail,Mid-market,796,APAC,6,2,0.259,0,34,0,0.0,0,144,Enterprise Suite,0
L03128,Referral,SaaS,Enterprise,3088,LATAM,17,3,0.643,0,68,0,0.0,0,46,Core,1
L03129,Event,Manufacturing,SMB,66,LATAM,12,1,0.657,1,10,0,0.0,1,138,Core,0
L03130,Outbound,Healthcare,SMB,39,APAC,3,2,0.132,0,2,0,0.0,0,56,Enterprise Suite,0
L03131,Paid search,Manufacturing,SMB,86,LATAM,6,2,0.659,0,40,0,0.0,0,91,Core,0
L03132,Outbound,Retail,Mid-market,115,Europe,14,2,0.58,1,81,0,0.0,0,66,Enterprise Suite,1
L03133,Referral,Healthcare,SMB,24,Europe,7,1,0.791,0,74,0,0.0,0,8,Analytics,0
L03134,Referral,Finance,SMB,93,Europe,9,2,0.737,1,59,0,0.0,0,99,Core,1
L03135,Event,SaaS,SMB,6,Europe,6,4,0.879,0,17,0,0.0,1,55,Analytics,1
L03136,Event,Manufacturing,SMB,81,LATAM,1,1,0.137,0,33,0,0.0,0,134,Enterprise Suite,0
L03137,Outbound,Manufacturing,Enterprise,3119,LATAM,5,1,0.652,0,20,1,1057.12,0,128,Enterprise Suite,1
L03138,Referral,Manufacturing,Mid-market,204,LATAM,10,0,0.689,0,5,0,0.0,1,44,Core,1
L03139,Event,Manufacturing,SMB,49,Europe,10,2,0.282,0,10,0,0.0,0,148,Core,0
L03140,Organic,Retail,Mid-market,188,APAC,5,0,0.22,0,72,2,971.55,0,84,Core,0
L03141,Organic,Manufacturing,Mid-market,166,LATAM,10,3,0.633,0,3,0,0.0,0,111,Core,0
L03142,Organic,Manufacturing,SMB,17,LATAM,7,5,0.223,1,19,0,0.0,0,79,Analytics,0
L03143,Outbound,Retail,SMB,82,APAC,11,3,0.557,0,33,0,0.0,0,94,Analytics,0
L03144,Referral,Manufacturing,Mid-market,890,LATAM,1,2,0.627,1,42,0,0.0,0,21,Core,1
L03145,Outbound,Manufacturing,SMB,95,APAC,5,2,0.319,0,80,0,0.0,0,45,Core,0
L03146,Paid search,Retail,Mid-market,395,APAC,4,0,0.196,0,85,1,589.21,0,103,Core,1
L03147,Event,Healthcare,Mid-market,143,APAC,5,4,0.3,0,88,1,43940.74,0,168,Enterprise Suite,1
L03148,Event,Retail,Mid-market,476,Europe,5,0,0.464,0,68,1,1075.27,0,27,Core,0
L03149,Outbound,Retail,Enterprise,6035,APAC,6,1,0.322,1,8,2,2016.94,0,57,Analytics,1
L03150,Organic,Healthcare,Mid-market,164,APAC,8,3,0.478,1,50,1,720.7,0,19,Analytics,0
L03151,Referral,Finance,Mid-market,964,APAC,4,1,0.63,1,69,0,0.0,0,96,Core,0
L03152,Paid search,Manufacturing,SMB,15,Europe,10,0,0.987,1,33,0,0.0,0,174,Analytics,1
L03153,Organic,Manufacturing,Mid-market,505,North America,7,0,0.663,0,77,0,0.0,0,179,Enterprise Suite,0
L03154,Referral,Retail,Enterprise,2148,LATAM,2,3,0.624,0,59,1,2276.71,0,61,Enterprise Suite,0
L03155,Organic,Retail,Enterprise,9814,North America,14,1,0.644,0,55,1,7339.73,0,89,Core,0
L03156,Organic,SaaS,Enterprise,6851,APAC,10,2,0.662,0,54,0,0.0,0,162,Analytics,0
L03157,Referral,SaaS,SMB,22,APAC,11,4,0.824,0,25,0,0.0,0,108,Analytics,1
L03158,Referral,Manufacturing,Mid-market,252,APAC,4,3,0.661,0,22,0,0.0,0,104,Enterprise Suite,1
L03159,Outbound,Healthcare,Enterprise,4930,APAC,5,0,0.343,0,8,0,0.0,0,177,Analytics,0
L03160,Organic,Finance,Mid-market,437,LATAM,11,0,0.673,0,72,0,0.0,1,142,Analytics,0
L03161,Outbound,Healthcare,Mid-market,616,North America,7,2,0.256,0,75,0,0.0,1,21,Enterprise Suite,0
L03162,Outbound,SaaS,Mid-market,940,APAC,4,5,0.282,0,10,1,490.58,1,176,Enterprise Suite,0
L03163,Referral,Retail,Mid-market,470,Europe,4,0,0.788,1,16,0,0.0,0,145,Enterprise Suite,1
L03164,Event,Retail,SMB,57,LATAM,7,1,0.501,0,19,0,0.0,0,151,Analytics,0
L03165,Paid search,Retail,SMB,80,LATAM,4,3,0.257,0,55,0,0.0,0,130,Analytics,0
L03166,Event,Retail,Enterprise,5339,North America,5,3,0.605,0,12,0,0.0,1,94,Core,1
L03167,Referral,Manufacturing,Enterprise,9418,LATAM,7,5,0.439,1,4,2,8879.6,0,6,Enterprise Suite,0
L03168,Organic,SaaS,Enterprise,9292,APAC,3,1,0.476,0,54,2,4987.91,1,146,Enterprise Suite,1
L03169,Referral,Healthcare,SMB,59,North America,12,2,0.647,1,3,0,0.0,1,3,Core,1
L03170,Paid search,Healthcare,SMB,61,LATAM,11,3,0.901,0,3,0,0.0,1,150,Enterprise Suite,1
L03171,Outbound,SaaS,SMB,8,Europe,4,2,0.235,0,4,0,0.0,0,128,Analytics,0
L03172,Event,Retail,Enterprise,1444,LATAM,13,1,0.618,1,86,1,2978.99,0,97,Enterprise Suite,1
L03173,Event,Retail,Mid-market,386,Europe,12,5,0.529,0,87,0,0.0,0,50,Analytics,0
L03174,Outbound,Finance,Enterprise,7619,Europe,6,2,0.492,0,56,1,16280.56,0,61,Analytics,0
L03175,Event,Healthcare,SMB,74,APAC,3,6,0.178,0,39,1,983.73,0,81,Core,1
L03176,Referral,Retail,Mid-market,278,Europe,2,7,0.242,0,81,0,0.0,0,44,Core,0
L03177,Outbound,Finance,Mid-market,840,LATAM,4,1,0.501,0,8,0,0.0,0,70,Core,0
L03178,Organic,Healthcare,SMB,87,North America,16,1,0.975,1,11,0,0.0,1,139,Enterprise Suite,1
L03179,Referral,Healthcare,Enterprise,8197,North America,3,1,0.669,0,43,0,0.0,0,18,Core,0
L03180,Paid search,Manufacturing,Mid-market,897,Europe,7,5,0.569,0,18,1,3197.89,1,170,Enterprise Suite,0
L03181,Outbound,Healthcare,SMB,97,Europe,24,4,0.994,1,43,0,0.0,1,5,Analytics,1
L03182,Organic,Retail,SMB,97,LATAM,5,1,0.458,0,67,0,0.0,0,48,Analytics,0
L03183,Paid search,SaaS,Enterprise,9703,LATAM,16,1,0.454,1,1,0,0.0,1,136,Core,1
L03184,Organic,Finance,Mid-market,132,APAC,19,3,0.628,0,75,2,5033.55,1,168,Analytics,0
L03185,Referral,Healthcare,Mid-market,164,LATAM,1,2,0.253,0,80,0,0.0,0,85,Core,0
L03186,Referral,Manufacturing,Mid-market,595,APAC,3,3,0.419,0,24,0,0.0,0,117,Core,0
L03187,Event,Retail,SMB,97,North America,4,4,0.106,1,79,0,0.0,0,160,Analytics,0
L03188,Outbound,Manufacturing,Mid-market,941,Europe,6,3,0.698,0,65,0,0.0,0,81,Enterprise Suite,0
L03189,Referral,SaaS,Enterprise,8098,LATAM,6,2,0.233,1,26,1,2217.9,1,172,Enterprise Suite,1
L03190,Organic,Healthcare,SMB,41,APAC,6,2,0.379,1,76,0,0.0,0,9,Core,1
L03191,Organic,SaaS,Mid-market,717,LATAM,3,3,0.643,1,89,0,0.0,0,134,Enterprise Suite,0
L03192,Referral,Retail,SMB,96,LATAM,3,1,0.475,1,27,0,0.0,0,14,Enterprise Suite,0
L03193,Paid search,SaaS,SMB,24,LATAM,4,5,0.369,0,66,0,0.0,0,65,Core,0
L03194,Event,Finance,SMB,12,APAC,2,1,0.401,1,31,0,0.0,0,127,Core,0
L03195,Event,Healthcare,Enterprise,7009,APAC,9,2,0.857,0,52,1,1846.44,1,31,Enterprise Suite,1
L03196,Organic,Finance,SMB,52,LATAM,6,2,0.538,1,36,0,0.0,0,50,Core,0
L03197,Paid search,Finance,SMB,59,Europe,18,1,0.623,0,2,1,5249.03,0,30,Analytics,1
L03198,Referral,Healthcare,Mid-market,617,LATAM,6,2,0.479,1,68,0,0.0,0,155,Enterprise Suite,1
L03199,Organic,Healthcare,SMB,11,Europe,7,4,0.685,0,0,0,0.0,0,37,Enterprise Suite,0
L03200,Outbound,Healthcare,Mid-market,608,North America,3,3,0.358,0,32,0,0.0,0,80,Analytics,0
L03201,Event,Manufacturing,Enterprise,8665,Europe,7,0,0.208,0,58,2,4810.94,0,162,Analytics,0
L03202,Outbound,Retail,SMB,32,North America,3,1,0.205,0,9,0,0.0,0,74,Analytics,0
L03203,Outbound,Healthcare,SMB,77,North America,5,3,0.216,1,25,0,0.0,1,139,Enterprise Suite,0
L03204,Event,Manufacturing,Enterprise,9088,LATAM,5,0,0.364,0,50,0,0.0,0,87,Analytics,0
L03205,Outbound,Finance,SMB,56,Europe,7,1,0.414,1,27,1,18939.21,0,51,Analytics,0
L03206,Paid search,SaaS,SMB,69,North America,11,3,0.424,0,4,0,0.0,1,92,Analytics,1
L03207,Referral,Healthcare,Enterprise,7213,North America,9,5,0.431,0,51,1,1072.6,0,109,Analytics,1
L03208,Referral,Finance,Enterprise,4320,North America,6,4,0.45,0,50,2,7410.44,0,176,Enterprise Suite,1
L03209,Referral,Finance,Mid-market,546,Europe,4,3,0.324,0,0,0,0.0,1,110,Enterprise Suite,0
L03210,Referral,Healthcare,Mid-market,702,Europe,3,3,0.229,0,26,0,0.0,0,7,Enterprise Suite,1
L03211,Organic,Manufacturing,Enterprise,3184,North America,6,3,0.228,0,49,0,0.0,0,22,Analytics,0
L03212,Event,Retail,Mid-market,582,APAC,2,5,0.166,0,61,0,0.0,1,151,Enterprise Suite,0
L03213,Outbound,Healthcare,Mid-market,367,APAC,3,4,0.461,0,22,0,0.0,0,116,Core,0
L03214,Paid search,SaaS,Enterprise,1065,Europe,3,0,0.667,1,16,2,81549.29,1,140,Enterprise Suite,1
L03215,Referral,Healthcare,Mid-market,758,Europe,6,4,0.499,0,26,1,6811.45,0,89,Enterprise Suite,0
L03216,Event,Manufacturing,Mid-market,644,APAC,8,2,0.554,0,67,0,0.0,0,83,Core,0
L03217,Organic,Retail,SMB,87,North America,6,2,0.561,0,24,0,0.0,0,136,Enterprise Suite,0
L03218,Referral,Retail,Mid-market,945,North America,2,3,0.568,0,83,1,3634.53,0,143,Enterprise Suite,1
L03219,Organic,Finance,Mid-market,977,North America,6,0,0.683,0,5,0,0.0,0,151,Core,0
L03220,Organic,Healthcare,SMB,46,LATAM,6,1,0.445,0,66,1,1361.81,0,68,Core,0
L03221,Organic,Manufacturing,SMB,43,North America,5,2,0.339,0,86,1,594.52,0,104,Core,0
L03222,Outbound,SaaS,Mid-market,219,North America,15,1,0.992,1,27,1,1140.12,1,34,Core,1
L03223,Event,Retail,SMB,71,APAC,9,1,0.319,1,26,1,1887.78,0,65,Core,0
L03224,Event,Finance,SMB,58,North America,4,1,0.621,0,48,0,0.0,1,2,Enterprise Suite,0
L03225,Referral,Finance,SMB,40,Europe,4,3,0.715,0,59,1,10490.34,0,14,Enterprise Suite,1
L03226,Outbound,Finance,SMB,33,Europe,6,1,0.612,1,75,1,1360.1,1,100,Core,0
L03227,Event,Manufacturing,Mid-market,790,LATAM,18,3,0.751,0,80,0,0.0,0,141,Core,1
L03228,Organic,Healthcare,SMB,70,LATAM,3,2,0.282,0,70,0,0.0,0,114,Core,0
L03229,Event,SaaS,SMB,90,Europe,8,2,0.361,0,33,0,0.0,0,99,Core,0
L03230,Paid search,SaaS,Mid-market,994,North America,9,1,0.341,0,4,0,0.0,0,30,Enterprise Suite,0
L03231,Paid search,SaaS,SMB,10,APAC,3,2,0.628,0,45,0,0.0,1,38,Enterprise Suite,0
L03232,Referral,Healthcare,SMB,54,Europe,5,3,0.862,0,5,0,0.0,1,17,Core,0
L03233,Paid search,SaaS,Enterprise,7866,Europe,7,3,0.423,0,68,0,0.0,1,71,Core,1
L03234,Referral,Finance,Mid-market,606,LATAM,3,1,0.328,0,9,1,1252.28,0,178,Enterprise Suite,0
L03235,Organic,Healthcare,Mid-market,515,APAC,4,4,0.82,0,8,0,0.0,0,68,Enterprise Suite,0
L03236,Referral,Finance,Enterprise,1531,North America,6,1,0.763,0,41,0,0.0,1,23,Analytics,0
L03237,Outbound,Healthcare,Enterprise,4373,APAC,5,1,0.705,0,53,2,2421.76,1,174,Core,0
L03238,Organic,SaaS,SMB,16,APAC,3,1,0.272,1,16,1,4978.24,0,25,Enterprise Suite,0
L03239,Organic,Retail,Mid-market,396,North America,9,2,0.662,0,52,0,0.0,0,3,Enterprise Suite,1
L03240,Organic,Retail,Mid-market,861,North America,7,1,0.315,0,63,1,4397.41,0,49,Core,0
L03241,Outbound,Finance,SMB,66,North America,6,1,0.386,0,13,0,0.0,0,77,Enterprise Suite,0
L03242,Paid search,Finance,Enterprise,4858,APAC,3,4,0.179,0,80,0,0.0,0,91,Core,0
L03243,Outbound,Retail,SMB,43,LATAM,5,2,0.361,1,16,0,0.0,0,90,Analytics,0
L03244,Organic,Manufacturing,Enterprise,3078,LATAM,0,6,0.178,0,1,1,12127.8,1,2,Core,1
L03245,Referral,SaaS,Mid-market,978,LATAM,3,0,0.614,0,82,1,4586.77,0,40,Analytics,0
L03246,Paid search,Retail,Mid-market,502,APAC,4,2,0.471,0,66,1,1275.36,0,15,Core,0
L03247,Organic,Manufacturing,SMB,20,LATAM,12,2,0.63,1,67,0,0.0,1,69,Core,0
L03248,Outbound,Retail,Enterprise,1282,North America,5,2,0.203,1,3,0,0.0,1,146,Analytics,0
L03249,Outbound,Finance,Mid-market,904,North America,6,0,0.393,0,43,1,3547.11,0,175,Enterprise Suite,0
L03250,Paid search,Retail,SMB,28,North America,7,1,0.2,0,6,0,0.0,0,167,Core,0
L03251,Outbound,Retail,SMB,57,LATAM,5,0,0.31,0,70,0,0.0,0,88,Enterprise Suite,0
L03252,Paid search,SaaS,Mid-market,183,North America,10,4,0.459,0,38,0,0.0,0,176,Analytics,0
L03253,Organic,Finance,SMB,40,North America,4,4,0.432,1,78,0,0.0,0,110,Analytics,0
L03254,Paid search,Retail,Mid-market,826,Europe,5,3,0.284,1,89,1,274.01,1,73,Analytics,0
L03255,Referral,SaaS,Mid-market,231,Europe,5,0,0.25,0,27,0,0.0,1,101,Enterprise Suite,0
L03256,Outbound,Manufacturing,SMB,42,APAC,5,2,0.43,0,26,0,0.0,0,114,Core,0
L03257,Referral,Finance,Mid-market,754,Europe,8,3,0.646,1,88,1,9660.95,1,52,Core,1
L03258,Organic,Healthcare,SMB,69,Europe,2,0,0.3,1,46,1,2633.9,0,9,Enterprise Suite,1
L03259,Paid search,Retail,Enterprise,8377,APAC,4,0,0.474,0,64,1,1610.59,0,51,Analytics,0
L03260,Referral,Healthcare,Enterprise,4836,APAC,3,4,0.277,0,87,3,30987.38,1,118,Analytics,1
L03261,Referral,SaaS,SMB,21,North America,4,5,0.36,1,37,0,0.0,1,58,Enterprise Suite,0
L03262,Event,Manufacturing,Mid-market,149,North America,2,2,0.751,0,56,0,0.0,0,126,Core,0
L03263,Referral,Healthcare,Mid-market,913,North America,4,2,0.459,1,69,1,2140.41,0,81,Enterprise Suite,0
L03264,Paid search,SaaS,Enterprise,5018,North America,5,3,0.411,0,32,2,630.28,0,102,Enterprise Suite,0
L03265,Organic,Finance,SMB,71,Europe,20,1,0.765,0,59,0,0.0,0,165,Enterprise Suite,1
L03266,Organic,Manufacturing,Mid-market,448,North America,12,3,0.68,1,29,0,0.0,1,54,Core,1
L03267,Organic,Manufacturing,Enterprise,7315,North America,3,2,0.133,0,69,0,0.0,0,70,Analytics,0
L03268,Event,Retail,SMB,96,APAC,4,0,0.622,1,25,0,0.0,1,140,Analytics,0
L03269,Outbound,Manufacturing,Mid-market,205,LATAM,13,0,0.465,1,43,0,0.0,1,15,Analytics,0
L03270,Referral,Healthcare,SMB,12,North America,4,3,0.286,0,7,0,0.0,1,163,Core,0
L03271,Outbound,Healthcare,Mid-market,629,North America,7,2,0.656,1,77,2,2295.19,1,12,Analytics,0
L03272,Paid search,Retail,SMB,24,North America,4,0,0.678,1,9,1,29808.98,0,42,Analytics,0
L03273,Event,Retail,Enterprise,2443,LATAM,4,2,0.565,1,3,1,6044.27,0,21,Analytics,0
L03274,Event,SaaS,SMB,32,LATAM,5,1,0.621,1,65,1,11548.3,0,115,Analytics,0
L03275,Event,Manufacturing,SMB,21,Europe,5,4,0.496,0,16,1,2271.77,0,95,Analytics,0
L03276,Outbound,SaaS,Enterprise,5111,Europe,4,2,0.345,0,50,2,16717.61,0,46,Enterprise Suite,0
L03277,Paid search,Healthcare,Enterprise,6786,North America,6,1,0.543,0,89,1,8038.91,0,68,Enterprise Suite,0
L03278,Paid search,Manufacturing,Mid-market,621,North America,8,1,0.306,1,11,0,0.0,1,57,Analytics,0
L03279,Organic,Manufacturing,Mid-market,793,Europe,5,3,0.47,1,19,0,0.0,0,68,Enterprise Suite,0
L03280,Referral,Healthcare,SMB,83,APAC,4,2,0.709,1,36,2,2094.74,0,53,Enterprise Suite,1
L03281,Event,Finance,Mid-market,799,North America,7,2,0.582,1,72,0,0.0,1,92,Core,0
L03282,Referral,Finance,SMB,88,North America,7,6,0.449,0,21,0,0.0,0,74,Enterprise Suite,0
L03283,Organic,SaaS,SMB,78,North America,18,2,0.832,1,87,0,0.0,0,78,Core,1
L03284,Referral,Retail,Enterprise,8595,North America,2,0,0.538,0,37,1,4505.61,1,58,Core,0
L03285,Organic,Retail,Mid-market,536,APAC,5,1,0.346,0,64,0,0.0,0,101,Analytics,0
L03286,Paid search,Manufacturing,SMB,75,LATAM,5,0,1.0,0,56,1,13114.4,1,53,Core,0
L03287,Paid search,Finance,SMB,78,Europe,4,5,0.588,0,42,1,484.59,0,47,Analytics,0
L03288,Paid search,Healthcare,Enterprise,4872,North America,5,2,0.299,0,11,2,1964.41,0,110,Analytics,0
L03289,Referral,Manufacturing,SMB,65,LATAM,5,5,0.435,0,37,3,10043.63,1,92,Core,0
L03290,Paid search,Manufacturing,SMB,25,North America,14,1,0.593,1,64,1,2854.51,0,156,Core,1
L03291,Organic,Manufacturing,SMB,73,APAC,1,1,0.417,0,15,0,0.0,1,21,Enterprise Suite,0
L03292,Event,Healthcare,SMB,34,North America,5,4,0.434,0,3,3,23711.61,1,13,Core,0
L03293,Paid search,SaaS,SMB,99,APAC,14,4,0.639,1,47,3,12646.56,0,103,Analytics,1
L03294,Paid search,Healthcare,Enterprise,3343,Europe,0,1,0.316,0,0,0,0.0,0,53,Enterprise Suite,0
L03295,Paid search,Finance,SMB,7,APAC,3,2,0.345,0,28,1,9933.89,0,173,Enterprise Suite,0
L03296,Outbound,Retail,Mid-market,684,LATAM,9,1,0.64,0,76,0,0.0,1,62,Core,0
L03297,Event,Retail,Mid-market,200,LATAM,3,2,0.455,0,19,0,0.0,1,63,Analytics,0
L03298,Paid search,Healthcare,Mid-market,370,Europe,6,3,0.432,0,64,0,0.0,1,108,Enterprise Suite,0
L03299,Paid search,Finance,Mid-market,160,North America,17,2,0.563,1,8,0,0.0,1,133,Core,0
L03300,Referral,Manufacturing,Mid-market,806,APAC,4,0,0.34,1,7,0,0.0,0,17,Core,1
L03301,Outbound,SaaS,Mid-market,249,North America,4,5,0.822,0,33,0,0.0,1,175,Core,1
L03302,Organic,Finance,Mid-market,903,LATAM,5,1,0.142,0,5,0,0.0,0,10,Enterprise Suite,0
L03303,Organic,SaaS,Mid-market,597,LATAM,6,3,0.542,0,63,0,0.0,0,124,Enterprise Suite,0
L03304,Outbound,SaaS,Mid-market,640,North America,8,0,0.335,1,74,0,0.0,0,29,Core,0
L03305,Event,Healthcare,Mid-market,405,North America,7,2,0.637,0,12,0,0.0,0,172,Enterprise Suite,0
L03306,Referral,Retail,SMB,66,APAC,4,4,0.132,0,8,0,0.0,0,52,Analytics,1
L03307,Referral,Finance,Mid-market,597,North America,2,4,0.244,0,51,0,0.0,0,172,Analytics,0
L03308,Referral,Manufacturing,Mid-market,194,North America,16,5,0.805,0,66,0,0.0,1,54,Enterprise Suite,1
L03309,Paid search,SaaS,SMB,7,LATAM,6,1,0.861,0,13,2,57687.85,0,70,Analytics,0
L03310,Referral,SaaS,Enterprise,8360,Europe,2,3,0.542,0,56,1,7717.02,1,63,Enterprise Suite,1
L03311,Outbound,Manufacturing,SMB,26,LATAM,2,2,0.835,1,26,0,0.0,1,101,Enterprise Suite,0
L03312,Outbound,SaaS,SMB,19,LATAM,7,4,0.378,0,75,0,0.0,1,174,Enterprise Suite,0
L03313,Paid search,Retail,Enterprise,5684,APAC,7,4,0.193,0,59,1,1755.2,0,77,Core,1
L03314,Paid search,Manufacturing,SMB,7,North America,4,1,0.741,0,40,0,0.0,0,41,Enterprise Suite,0
L03315,Organic,Retail,SMB,72,North America,19,0,0.851,0,46,0,0.0,0,163,Analytics,0
L03316,Referral,Retail,SMB,36,LATAM,13,2,0.728,1,52,0,0.0,0,77,Analytics,0
L03317,Event,Manufacturing,Enterprise,5102,APAC,14,1,0.938,0,31,1,1245.69,0,162,Core,0
L03318,Referral,Retail,SMB,97,Europe,3,0,0.523,0,12,1,1711.95,0,111,Analytics,0
L03319,Referral,SaaS,Mid-market,344,APAC,11,2,0.363,0,62,1,4301.38,1,177,Enterprise Suite,0
L03320,Organic,Manufacturing,Mid-market,134,Europe,4,2,0.185,0,79,0,0.0,0,72,Enterprise Suite,1
L03321,Referral,Healthcare,Mid-market,238,North America,3,1,0.384,1,49,0,0.0,0,30,Analytics,0
L03322,Paid search,Healthcare,Enterprise,4934,Europe,14,0,0.676,0,32,1,7112.63,0,77,Enterprise Suite,0
L03323,Event,Retail,Mid-market,307,Europe,7,2,0.438,0,80,2,7363.31,0,64,Enterprise Suite,0
L03324,Outbound,Healthcare,SMB,54,North America,17,0,0.711,1,20,0,0.0,1,76,Core,1
L03325,Paid search,Retail,Enterprise,8314,Europe,5,3,0.224,0,37,2,5209.45,0,19,Analytics,0
L03326,Outbound,SaaS,Mid-market,270,North America,4,3,0.334,0,2,0,0.0,0,172,Core,0
L03327,Organic,Healthcare,SMB,56,APAC,9,0,0.548,0,57,1,1596.09,1,171,Analytics,0
L03328,Outbound,Retail,SMB,71,Europe,16,1,0.619,0,40,0,0.0,0,20,Enterprise Suite,1
L03329,Paid search,Finance,Mid-market,950,North America,3,0,0.309,0,72,0,0.0,0,36,Enterprise Suite,0
L03330,Organic,Finance,SMB,59,LATAM,5,3,0.266,0,0,0,0.0,0,65,Core,0
L03331,Outbound,Manufacturing,Mid-market,361,Europe,7,0,0.298,1,59,0,0.0,0,126,Core,0
L03332,Organic,Finance,SMB,69,North America,4,0,0.144,0,55,2,62352.14,0,137,Core,0
L03333,Referral,Retail,Mid-market,381,Europe,1,2,0.12,0,44,0,0.0,0,74,Core,0
L03334,Organic,Manufacturing,SMB,76,North America,16,4,0.552,1,66,0,0.0,0,174,Core,1
L03335,Organic,Manufacturing,Enterprise,4489,APAC,5,2,0.288,1,5,1,5855.38,0,25,Core,1
L03336,Organic,Finance,SMB,44,North America,2,1,0.479,0,10,1,4315.58,1,48,Analytics,0
L03337,Paid search,Manufacturing,SMB,10,North America,3,1,0.432,0,78,0,0.0,0,91,Enterprise Suite,0
L03338,Outbound,SaaS,SMB,28,Europe,8,1,0.265,0,41,0,0.0,1,100,Enterprise Suite,0
L03339,Organic,Healthcare,SMB,48,APAC,2,2,0.074,0,6,1,1544.12,0,62,Analytics,0
L03340,Paid search,Manufacturing,Mid-market,993,Europe,1,1,0.316,0,41,0,0.0,0,18,Enterprise Suite,0
L03341,Organic,Finance,Mid-market,194,LATAM,12,4,0.539,1,42,1,1400.46,0,17,Core,0
L03342,Outbound,Finance,SMB,93,APAC,1,1,0.587,0,12,0,0.0,0,156,Analytics,0
L03343,Organic,Healthcare,Enterprise,6576,LATAM,9,2,0.499,1,19,3,4462.78,0,127,Enterprise Suite,0
L03344,Referral,Finance,SMB,6,Europe,4,2,0.232,0,45,0,0.0,0,58,Analytics,0
L03345,Paid search,Finance,SMB,58,APAC,9,3,0.528,0,67,1,1864.06,0,13,Analytics,1
L03346,Event,Healthcare,Mid-market,378,North America,7,2,0.764,0,59,0,0.0,0,71,Analytics,0
L03347,Outbound,Healthcare,Mid-market,251,LATAM,3,2,0.316,0,60,0,0.0,0,136,Enterprise Suite,0
L03348,Paid search,SaaS,Mid-market,898,APAC,3,1,0.466,0,63,0,0.0,0,9,Analytics,0
L03349,Event,Finance,SMB,58,APAC,7,3,0.464,0,19,1,2681.36,0,89,Enterprise Suite,0
L03350,Organic,SaaS,SMB,51,APAC,3,1,0.613,0,11,0,0.0,1,116,Core,0
L03351,Referral,Healthcare,Mid-market,504,LATAM,9,5,0.373,0,64,0,0.0,1,144,Core,0
L03352,Referral,SaaS,SMB,5,APAC,16,7,0.963,1,65,0,0.0,1,13,Analytics,1
L03353,Referral,Manufacturing,SMB,71,LATAM,3,1,0.382,0,30,1,3170.37,1,66,Enterprise Suite,0
L03354,Organic,SaaS,Enterprise,6164,APAC,6,1,0.829,1,59,2,34833.04,1,83,Enterprise Suite,1
L03355,Paid search,Finance,Mid-market,355,Europe,2,1,0.235,0,24,1,1614.4,0,139,Enterprise Suite,0
L03356,Organic,SaaS,SMB,26,Europe,10,1,1.0,1,13,0,0.0,1,121,Enterprise Suite,0
L03357,Paid search,SaaS,SMB,85,APAC,14,2,0.664,0,10,0,0.0,1,104,Core,1
L03358,Paid search,Retail,Mid-market,582,North America,8,3,0.793,1,17,0,0.0,0,153,Analytics,1
L03359,Event,Healthcare,SMB,43,North America,7,1,0.493,0,29,0,0.0,1,41,Core,1
L03360,Event,Retail,SMB,57,LATAM,7,3,0.482,1,29,1,6554.65,0,128,Enterprise Suite,0
L03361,Organic,Retail,SMB,38,North America,6,2,0.691,0,87,0,0.0,0,176,Core,0
L03362,Organic,Finance,Mid-market,220,North America,4,2,0.478,0,66,0,0.0,0,36,Core,0
L03363,Paid search,Retail,Mid-market,892,LATAM,10,4,0.642,1,15,1,1717.49,1,128,Analytics,1
L03364,Paid search,Manufacturing,SMB,37,LATAM,8,1,0.449,1,29,1,1867.73,0,84,Enterprise Suite,1
L03365,Organic,Retail,SMB,37,LATAM,5,2,0.505,0,81,0,0.0,1,53,Enterprise Suite,0
L03366,Organic,SaaS,Mid-market,548,Europe,6,0,0.654,1,68,0,0.0,1,39,Core,1
L03367,Event,Manufacturing,Mid-market,136,APAC,13,1,0.94,0,86,0,0.0,0,143,Analytics,0
L03368,Event,Finance,Mid-market,897,APAC,6,2,0.591,1,60,0,0.0,1,83,Enterprise Suite,1
L03369,Referral,Manufacturing,SMB,11,LATAM,5,2,0.512,0,48,0,0.0,1,173,Analytics,0
L03370,Paid search,SaaS,Mid-market,470,Europe,4,1,0.703,1,65,0,0.0,0,17,Core,0
L03371,Outbound,SaaS,Enterprise,4103,LATAM,5,3,0.756,0,56,1,1911.27,0,12,Enterprise Suite,0
L03372,Referral,Healthcare,Mid-market,953,LATAM,3,0,0.513,1,6,0,0.0,0,165,Analytics,0
L03373,Outbound,Manufacturing,SMB,67,LATAM,16,0,0.448,1,36,0,0.0,0,170,Analytics,1
L03374,Organic,SaaS,Mid-market,339,LATAM,8,3,0.298,0,39,1,6133.92,0,151,Core,0
L03375,Paid search,Finance,SMB,54,North America,4,1,0.445,0,49,1,6056.49,0,37,Enterprise Suite,0
L03376,Paid search,Retail,SMB,15,APAC,9,2,0.45,0,15,0,0.0,1,93,Enterprise Suite,1
L03377,Referral,Retail,SMB,97,LATAM,6,2,0.482,0,70,0,0.0,0,30,Enterprise Suite,0
L03378,Outbound,Healthcare,Enterprise,7697,Europe,7,2,0.457,1,7,0,0.0,1,100,Enterprise Suite,1
L03379,Paid search,Manufacturing,SMB,77,Europe,8,3,0.819,1,84,0,0.0,0,61,Enterprise Suite,0
L03380,Outbound,Retail,Enterprise,3348,Europe,11,1,0.755,0,26,1,27284.01,1,96,Enterprise Suite,0
L03381,Organic,Finance,Mid-market,181,North America,2,2,0.411,0,47,1,1143.37,0,122,Core,0
L03382,Outbound,Finance,Mid-market,388,APAC,8,1,0.869,1,57,0,0.0,0,120,Core,0
L03383,Outbound,Manufacturing,SMB,70,LATAM,13,2,0.344,0,35,0,0.0,0,7,Analytics,0
L03384,Paid search,Finance,Mid-market,358,North America,4,2,0.235,1,65,0,0.0,1,134,Analytics,0
L03385,Organic,Finance,SMB,18,Europe,4,0,0.504,0,4,0,0.0,1,120,Core,0
L03386,Event,SaaS,SMB,26,LATAM,3,2,0.543,0,81,0,0.0,0,145,Enterprise Suite,0
L03387,Paid search,SaaS,SMB,60,North America,1,2,0.257,0,33,0,0.0,0,71,Enterprise Suite,0
L03388,Outbound,Finance,SMB,10,North America,3,5,0.216,0,64,0,0.0,0,53,Analytics,0
L03389,Paid search,SaaS,Mid-market,683,Europe,11,2,0.714,0,0,0,0.0,0,172,Analytics,0
L03390,Organic,Healthcare,SMB,30,Europe,6,0,0.362,1,7,1,2638.99,0,66,Core,1
L03391,Referral,SaaS,SMB,19,Europe,4,1,0.573,0,30,2,11408.75,0,101,Core,1
L03392,Event,Healthcare,Enterprise,7041,LATAM,6,2,0.378,1,63,1,6528.86,0,152,Core,1
L03393,Outbound,Finance,SMB,76,Europe,10,3,0.443,1,80,1,11084.83,1,51,Core,1
L03394,Referral,Retail,SMB,47,APAC,2,1,0.415,1,7,1,4442.06,0,22,Enterprise Suite,0
L03395,Event,Manufacturing,SMB,18,North America,5,5,0.655,1,85,1,6818.72,1,152,Core,0
L03396,Outbound,Manufacturing,SMB,95,Europe,8,4,0.446,0,74,0,0.0,0,85,Enterprise Suite,0
L03397,Referral,Finance,Mid-market,801,North America,3,1,0.62,1,78,0,0.0,0,72,Enterprise Suite,0
L03398,Referral,Finance,SMB,55,Europe,7,0,0.298,1,3,2,19286.87,0,43,Core,1
L03399,Event,Manufacturing,SMB,34,Europe,20,2,0.588,0,18,1,18297.89,0,152,Enterprise Suite,1
L03400,Event,Retail,Mid-market,516,North America,8,2,0.337,0,49,0,0.0,0,63,Core,1
L03401,Referral,Healthcare,SMB,56,APAC,4,1,0.434,0,41,1,984.48,1,48,Enterprise Suite,0
L03402,Outbound,Manufacturing,Enterprise,3943,LATAM,7,1,0.443,1,73,0,0.0,0,75,Core,0
L03403,Paid search,Finance,Enterprise,1763,APAC,4,3,0.233,0,89,0,0.0,0,37,Analytics,1
L03404,Outbound,SaaS,SMB,63,APAC,12,4,0.806,0,32,0,0.0,0,129,Analytics,0
L03405,Outbound,Healthcare,SMB,72,APAC,12,0,0.617,0,58,0,0.0,1,109,Analytics,0
L03406,Outbound,SaaS,SMB,73,LATAM,2,4,0.403,0,37,0,0.0,0,22,Core,0
L03407,Paid search,Manufacturing,SMB,81,North America,12,0,0.752,0,86,0,0.0,1,132,Core,0
L03408,Organic,Retail,SMB,27,LATAM,8,1,0.523,0,59,0,0.0,1,66,Analytics,0
L03409,Paid search,Manufacturing,Mid-market,671,North America,4,1,0.548,0,43,0,0.0,0,180,Core,0
L03410,Referral,SaaS,SMB,86,North America,11,1,0.414,1,28,0,0.0,0,103,Enterprise Suite,1
L03411,Event,Finance,SMB,22,APAC,6,3,0.49,0,5,0,0.0,0,125,Enterprise Suite,0
L03412,Referral,SaaS,SMB,5,North America,16,4,0.802,1,85,0,0.0,0,146,Enterprise Suite,1
L03413,Paid search,Healthcare,Enterprise,4584,North America,9,2,0.673,0,54,0,0.0,0,101,Enterprise Suite,0
L03414,Referral,SaaS,Enterprise,7221,North America,7,0,0.469,0,17,1,6361.58,0,117,Core,1
L03415,Organic,Manufacturing,SMB,42,LATAM,3,1,0.493,0,28,2,17503.85,0,133,Core,0
L03416,Organic,Healthcare,Mid-market,529,North America,16,6,0.814,1,3,0,0.0,1,99,Enterprise Suite,0
L03417,Paid search,SaaS,SMB,37,APAC,5,0,0.642,1,52,0,0.0,1,145,Enterprise Suite,0
L03418,Outbound,SaaS,Mid-market,810,LATAM,5,1,0.553,0,84,1,49024.38,0,51,Enterprise Suite,0
L03419,Referral,Finance,Mid-market,701,LATAM,6,1,0.558,0,57,0,0.0,0,175,Core,0
L03420,Outbound,SaaS,Enterprise,3317,Europe,7,3,0.58,0,41,0,0.0,0,176,Enterprise Suite,0
L03421,Outbound,Healthcare,SMB,56,North America,11,2,0.604,1,34,0,0.0,1,71,Analytics,1
L03422,Organic,Retail,SMB,74,LATAM,7,1,0.269,1,72,1,603.65,0,132,Enterprise Suite,0
L03423,Event,Healthcare,Enterprise,4209,Europe,12,5,0.86,1,72,0,0.0,0,79,Core,1
L03424,Organic,Manufacturing,SMB,35,North America,20,0,1.0,1,60,0,0.0,0,20,Enterprise Suite,0
L03425,Organic,SaaS,SMB,20,North America,10,3,0.429,1,28,1,3278.58,0,127,Analytics,1
L03426,Paid search,Healthcare,Mid-market,372,APAC,7,1,0.33,0,70,0,0.0,0,40,Analytics,0
L03427,Referral,Finance,Mid-market,168,Europe,7,2,0.735,1,22,1,2878.86,0,17,Analytics,1
L03428,Outbound,Healthcare,Mid-market,929,North America,3,4,0.733,0,31,0,0.0,0,115,Enterprise Suite,1
L03429,Outbound,Manufacturing,Mid-market,310,LATAM,7,1,1.0,0,28,0,0.0,0,63,Enterprise Suite,0
L03430,Outbound,Retail,Mid-market,279,APAC,11,2,0.576,0,85,0,0.0,0,100,Core,0
L03431,Paid search,Retail,SMB,73,Europe,8,3,0.368,0,83,0,0.0,0,68,Core,0
L03432,Paid search,Retail,Mid-market,825,North America,11,3,0.359,0,23,1,1310.23,0,104,Core,0
L03433,Outbound,Manufacturing,Mid-market,118,APAC,9,2,0.642,0,89,0,0.0,0,6,Analytics,0
L03434,Organic,Manufacturing,Enterprise,7758,North America,8,0,0.346,0,56,0,0.0,0,70,Core,1
L03435,Referral,Finance,SMB,39,North America,11,4,0.572,0,75,1,4076.6,0,122,Core,1
L03436,Paid search,SaaS,SMB,64,Europe,15,3,0.801,0,47,0,0.0,0,171,Core,0
L03437,Organic,Manufacturing,Mid-market,991,North America,6,2,0.217,1,30,1,7003.67,1,113,Enterprise Suite,1
L03438,Organic,Manufacturing,SMB,77,APAC,5,1,0.435,0,5,0,0.0,0,32,Core,0
L03439,Referral,SaaS,SMB,48,LATAM,3,2,0.314,0,71,0,0.0,0,60,Enterprise Suite,0
L03440,Paid search,SaaS,Enterprise,7661,APAC,9,1,0.767,1,73,1,16996.36,0,37,Enterprise Suite,1
L03441,Organic,Retail,Mid-market,147,Europe,7,2,0.606,0,40,0,0.0,1,25,Analytics,1
L03442,Organic,SaaS,SMB,99,APAC,7,2,0.729,0,8,0,0.0,0,60,Core,0
L03443,Referral,Manufacturing,SMB,35,Europe,4,2,0.254,0,52,2,12177.01,0,45,Analytics,0
L03444,Organic,Retail,SMB,35,LATAM,9,2,0.494,0,69,1,1803.91,1,148,Core,1
L03445,Outbound,Healthcare,Mid-market,968,North America,3,1,0.564,0,46,0,0.0,1,31,Analytics,1
L03446,Organic,SaaS,SMB,56,North America,8,2,0.43,0,40,0,0.0,0,168,Analytics,0
L03447,Event,Retail,SMB,89,Europe,14,2,0.616,1,78,0,0.0,0,134,Core,1
L03448,Event,SaaS,SMB,93,APAC,8,2,0.52,0,61,0,0.0,0,60,Analytics,0
L03449,Organic,Retail,SMB,25,Europe,8,0,0.327,0,83,1,1892.78,0,124,Analytics,0
L03450,Outbound,Retail,SMB,58,Europe,8,2,0.616,0,34,0,0.0,0,39,Enterprise Suite,0
L03451,Event,Finance,SMB,36,LATAM,8,1,0.691,0,45,0,0.0,0,154,Core,0
L03452,Paid search,Retail,Mid-market,739,Europe,11,1,0.608,0,59,0,0.0,0,129,Analytics,0
L03453,Referral,Healthcare,SMB,54,LATAM,11,1,0.819,1,13,1,1222.85,0,129,Core,1
L03454,Referral,SaaS,SMB,44,North America,5,0,0.369,0,57,1,3643.45,0,143,Core,0
L03455,Outbound,SaaS,SMB,93,APAC,2,1,0.21,0,6,0,0.0,0,23,Enterprise Suite,0
L03456,Outbound,SaaS,SMB,29,Europe,3,2,0.327,1,35,0,0.0,1,123,Analytics,1
L03457,Outbound,Manufacturing,SMB,86,Europe,5,2,0.391,0,31,1,1184.44,0,25,Enterprise Suite,0
L03458,Outbound,SaaS,SMB,6,Europe,6,2,0.535,0,76,0,0.0,0,17,Enterprise Suite,0
L03459,Referral,SaaS,SMB,68,APAC,5,3,0.262,0,61,0,0.0,0,134,Enterprise Suite,1
L03460,Outbound,Manufacturing,SMB,28,LATAM,8,2,0.249,0,85,0,0.0,0,74,Enterprise Suite,0
L03461,Paid search,Healthcare,Mid-market,454,LATAM,6,3,0.337,0,4,0,0.0,1,33,Analytics,0
L03462,Outbound,Healthcare,SMB,74,North America,4,2,0.392,0,85,0,0.0,0,117,Analytics,0
L03463,Referral,SaaS,Mid-market,666,Europe,21,5,0.914,0,1,2,10986.14,1,21,Analytics,1
L03464,Organic,Healthcare,Mid-market,729,North America,3,3,0.597,0,72,1,4203.41,0,2,Analytics,0
L03465,Event,Manufacturing,SMB,39,Europe,4,4,0.805,1,7,0,0.0,0,160,Enterprise Suite,1
L03466,Outbound,Retail,SMB,77,Europe,2,3,0.328,1,15,0,0.0,1,2,Core,1
L03467,Paid search,Manufacturing,SMB,71,Europe,1,2,0.236,0,3,0,0.0,0,93,Core,0
L03468,Organic,Retail,SMB,67,LATAM,11,4,0.527,1,86,0,0.0,0,82,Core,1
L03469,Organic,Finance,Mid-market,127,LATAM,7,2,0.57,1,13,1,1893.35,1,159,Core,0
L03470,Outbound,Finance,SMB,77,LATAM,10,2,0.765,0,51,0,0.0,0,12,Analytics,0
L03471,Paid search,Retail,Mid-market,898,North America,4,1,0.642,0,32,0,0.0,0,56,Analytics,0
L03472,Paid search,Finance,SMB,39,Europe,5,3,0.829,1,19,0,0.0,0,159,Analytics,0
L03473,Paid search,Finance,Mid-market,599,North America,5,1,0.399,0,3,0,0.0,0,54,Enterprise Suite,0
L03474,Organic,SaaS,Mid-market,870,APAC,2,2,0.338,0,53,0,0.0,0,77,Analytics,0
L03475,Paid search,Manufacturing,Mid-market,193,Europe,6,1,0.75,0,25,0,0.0,0,17,Enterprise Suite,0
L03476,Paid search,SaaS,Enterprise,3891,North America,8,0,0.276,0,54,0,0.0,1,122,Core,0
L03477,Outbound,Finance,Enterprise,5839,Europe,13,3,1.0,0,62,0,0.0,1,160,Core,0
L03478,Outbound,Retail,SMB,47,LATAM,4,1,0.454,0,38,1,6217.55,0,179,Enterprise Suite,0
L03479,Outbound,Finance,SMB,56,North America,5,2,0.696,1,39,0,0.0,1,68,Enterprise Suite,1
L03480,Paid search,Retail,SMB,79,North America,3,2,0.796,0,9,0,0.0,1,21,Analytics,1
L03481,Paid search,Manufacturing,SMB,37,APAC,6,0,0.528,0,32,1,2358.14,1,94,Enterprise Suite,0
L03482,Event,SaaS,Mid-market,826,North America,8,1,0.445,1,59,0,0.0,0,150,Analytics,0
L03483,Outbound,Healthcare,SMB,47,Europe,10,4,0.657,0,67,0,0.0,0,81,Enterprise Suite,0
L03484,Paid search,Manufacturing,SMB,70,North America,7,4,0.387,0,15,1,51395.62,1,26,Core,0
L03485,Event,SaaS,Mid-market,797,APAC,11,0,0.507,0,29,0,0.0,0,104,Analytics,0
L03486,Event,Manufacturing,SMB,61,Europe,6,1,0.45,0,23,0,0.0,0,170,Core,0
L03487,Event,Healthcare,Mid-market,627,APAC,6,4,0.407,0,52,0,0.0,0,104,Enterprise Suite,0
L03488,Event,Manufacturing,SMB,13,North America,3,3,0.451,0,71,0,0.0,1,129,Analytics,0
L03489,Organic,Healthcare,Mid-market,968,APAC,6,1,0.395,0,78,1,3948.91,1,74,Enterprise Suite,0
L03490,Paid search,Retail,Mid-market,376,LATAM,6,1,0.474,0,59,0,0.0,0,45,Analytics,0
L03491,Paid search,Healthcare,SMB,93,APAC,6,2,0.331,0,1,0,0.0,1,117,Analytics,0
L03492,Referral,Finance,Mid-market,840,Europe,11,0,0.482,1,13,0,0.0,1,31,Analytics,1
L03493,Outbound,SaaS,SMB,81,APAC,9,1,0.551,1,4,0,0.0,1,64,Analytics,1
L03494,Paid search,Retail,Mid-market,185,APAC,5,2,0.254,0,50,0,0.0,0,104,Core,0
L03495,Referral,Retail,Mid-market,467,North America,6,0,0.411,0,10,1,764.42,0,115,Enterprise Suite,0
L03496,Outbound,Manufacturing,SMB,54,Europe,10,1,0.61,0,23,0,0.0,1,53,Core,1
L03497,Event,Retail,Mid-market,618,North America,2,1,0.124,0,22,0,0.0,0,69,Enterprise Suite,0
L03498,Event,SaaS,Enterprise,4167,North America,4,1,0.322,0,64,0,0.0,0,177,Analytics,0
L03499,Organic,Finance,Mid-market,994,North America,18,2,0.673,1,52,1,6507.44,0,138,Enterprise Suite,1
L03500,Outbound,Healthcare,Mid-market,176,North America,7,3,0.231,0,31,0,0.0,0,137,Enterprise Suite,0
